General : Start date,"2019-08-28"
General : End date,"2019-08-28"
General : Unique identifier,"{CFC1A622-C149-40B9-899E-9F6C86E95108}"
Specimen notes : Length, D1, D2,""
Specimen notes : Genotype and WR,"D15_5_WR3_2S3"

Time,Extension,Load
(s),(mm),(N)
"0.00000","0.00000","0.31478"
"0.10000","0.00008","0.31547"
"0.20000","0.00033","0.32022"
"0.30000","0.00093","0.33175"
"0.40000","0.00304","0.38042"
"0.50000","0.00804","0.49777"
"0.60000","0.00975","0.53014"
"0.70000","0.01115","0.55698"
"0.80000","0.01281","0.59039"
"0.90000","0.01457","0.62598"
"1.00000","0.01618","0.65739"
"1.10000","0.01776","0.68826"
"1.20000","0.01937","0.71988"
"1.30000","0.02104","0.75247"
"1.40000","0.02283","0.78705"
"1.50000","0.02456","0.82072"
"1.60000","0.02623","0.85272"
"1.70000","0.02797","0.88692"
"1.80000","0.02972","0.92080"
"1.90000","0.03141","0.95336"
"2.00000","0.03301","0.98320"
"2.10000","0.03467","1.01559"
"2.20000","0.03632","1.04645"
"2.30000","0.03794","1.07670"
"2.40000","0.03956","1.10719"
"2.50000","0.04118","1.13655"
"2.60000","0.04284","1.16739"
"2.70000","0.04454","1.19989"
"2.80000","0.04624","1.23069"
"2.90000","0.04791","1.26209"
"3.00000","0.04948","1.29047"
"3.10000","0.05121","1.32332"
"3.20000","0.05298","1.35628"
"3.30000","0.05465","1.38638"
"3.40000","0.05639","1.41742"
"3.50000","0.05811","1.44671"
"3.60000","0.05970","1.47227"
"3.70000","0.06136","1.49957"
"3.80000","0.06302","1.52672"
"3.90000","0.06467","1.55315"
"4.00000","0.06630","1.57830"
"4.10000","0.06788","1.60287"
"4.20000","0.06954","1.62945"
"4.30000","0.07126","1.65691"
"4.40000","0.07293","1.68251"
"4.50000","0.07456","1.70705"
"4.60000","0.07627","1.73267"
"4.70000","0.07807","1.76142"
"4.80000","0.07975","1.78569"
"4.90000","0.08135","1.80732"
"5.00000","0.08292","1.83059"
"5.10000","0.08464","1.85779"
"5.20000","0.08632","1.88309"
"5.30000","0.08790","1.90574"
"5.40000","0.08953","1.93027"
"5.50000","0.09119","1.95506"
"5.60000","0.09288","1.98146"
"5.70000","0.09455","2.00617"
"5.80000","0.09623","2.03195"
"5.90000","0.09790","2.05559"
"6.00000","0.09954","2.07962"
"6.10000","0.10125","2.10602"
"6.20000","0.10295","2.13230"
"6.30000","0.10454","2.15546"
"6.40000","0.10635","2.18552"
"6.50000","0.10823","2.21718"
"6.60000","0.10986","2.24048"
"6.70000","0.11143","2.26255"
"6.80000","0.11308","2.28773"
"6.90000","0.11473","2.31291"
"7.00000","0.11630","2.33613"
"7.10000","0.11789","2.36023"
"7.20000","0.11949","2.38534"
"7.30000","0.12114","2.41182"
"7.40000","0.12283","2.43922"
"7.50000","0.12452","2.46661"
"7.60000","0.12621","2.49299"
"7.70000","0.12787","2.51936"
"7.80000","0.12954","2.54549"
"7.90000","0.13133","2.57527"
"8.00000","0.13309","2.60321"
"8.10000","0.13476","2.62753"
"8.20000","0.13645","2.65316"
"8.30000","0.13814","2.67875"
"8.40000","0.13976","2.70270"
"8.50000","0.14140","2.72708"
"8.60000","0.14306","2.75225"
"8.70000","0.14466","2.77557"
"8.80000","0.14628","2.80000"
"8.90000","0.14783","2.82281"
"9.00000","0.14946","2.84827"
"9.10000","0.15114","2.87521"
"9.20000","0.15283","2.90208"
"9.30000","0.15449","2.92652"
"9.40000","0.15616","2.95263"
"9.50000","0.15788","2.97990"
"9.60000","0.15948","3.00323"
"9.70000","0.16124","3.03124"
"9.80000","0.16311","3.06238"
"9.90000","0.16487","3.09166"
"10.00000","0.16650","3.11362"
"10.10000","0.16813","3.13628"
"10.20000","0.16977","3.15933"
"10.30000","0.17137","3.18187"
"10.40000","0.17301","3.20672"
"10.50000","0.17466","3.22971"
"10.60000","0.17635","3.25491"
"10.70000","0.17802","3.27990"
"10.80000","0.17970","3.30442"
"10.90000","0.18127","3.32666"
"11.00000","0.18274","3.34476"
"11.10000","0.18445","3.37332"
"11.20000","0.18628","3.40405"
"11.30000","0.18789","3.42696"
"11.40000","0.18955","3.45272"
"11.50000","0.19128","3.47968"
"11.60000","0.19304","3.50719"
"11.70000","0.19473","3.53163"
"11.80000","0.19635","3.55367"
"11.90000","0.19797","3.57660"
"12.00000","0.19965","3.60096"
"12.10000","0.20132","3.62574"
"12.20000","0.20300","3.65016"
"12.30000","0.20461","3.67258"
"12.40000","0.20622","3.69556"
"12.50000","0.20793","3.72102"
"12.60000","0.20958","3.74346"
"12.70000","0.21125","3.76807"
"12.80000","0.21294","3.79252"
"12.90000","0.21450","3.81333"
"13.00000","0.21622","3.83959"
"13.10000","0.21793","3.86524"
"13.20000","0.21959","3.88929"
"13.30000","0.22129","3.91406"
"13.40000","0.22301","3.93940"
"13.50000","0.22465","3.96266"
"13.60000","0.22621","3.98357"
"13.70000","0.22786","4.00689"
"13.80000","0.22954","4.03128"
"13.90000","0.23125","4.05813"
"14.00000","0.23287","4.07957"
"14.10000","0.23453","4.10238"
"14.20000","0.23631","4.12861"
"14.30000","0.23796","4.14984"
"14.40000","0.23956","4.16995"
"14.50000","0.24139","4.19890"
"14.60000","0.24318","4.22548"
"14.70000","0.24480","4.24529"
"14.80000","0.24639","4.26467"
"14.90000","0.24798","4.28601"
"15.00000","0.24960","4.30846"
"15.10000","0.25119","4.32979"
"15.20000","0.25286","4.35315"
"15.30000","0.25452","4.37641"
"15.40000","0.25616","4.39878"
"15.50000","0.25779","4.42027"
"15.60000","0.25948","4.44510"
"15.70000","0.26120","4.47072"
"15.80000","0.26289","4.49382"
"15.90000","0.26453","4.51437"
"16.00000","0.26621","4.53778"
"16.10000","0.26788","4.56000"
"16.20000","0.26969","4.58805"
"16.30000","0.27149","4.61353"
"16.40000","0.27318","4.63491"
"16.50000","0.27483","4.65450"
"16.60000","0.27652","4.67664"
"16.70000","0.27814","4.69617"
"16.80000","0.27970","4.71324"
"16.90000","0.28121","4.73051"
"17.00000","0.28283","4.75229"
"17.10000","0.28449","4.77544"
"17.20000","0.28616","4.79834"
"17.30000","0.28781","4.82056"
"17.40000","0.28949","4.84405"
"17.50000","0.29117","4.86729"
"17.60000","0.29287","4.89301"
"17.70000","0.29457","4.91567"
"17.80000","0.29631","4.93959"
"17.90000","0.29807","4.96271"
"18.00000","0.29978","4.98420"
"18.10000","0.30141","5.00381"
"18.20000","0.30313","5.02643"
"18.30000","0.30479","5.04644"
"18.40000","0.30640","5.06448"
"18.50000","0.30800","5.08332"
"18.60000","0.30967","5.10445"
"18.70000","0.31136","5.12578"
"18.80000","0.31296","5.14444"
"18.90000","0.31451","5.16250"
"19.00000","0.31614","5.18317"
"19.10000","0.31782","5.20554"
"19.20000","0.31950","5.22769"
"19.30000","0.32121","5.25341"
"19.40000","0.32285","5.27302"
"19.50000","0.32450","5.29457"
"19.60000","0.32629","5.31983"
"19.70000","0.32807","5.34434"
"19.80000","0.32978","5.36602"
"19.90000","0.33145","5.38831"
"20.00000","0.33308","5.40679"
"20.10000","0.33472","5.42557"
"20.20000","0.33636","5.44464"
"20.30000","0.33802","5.46453"
"20.40000","0.33968","5.48508"
"20.50000","0.34132","5.50424"
"20.60000","0.34296","5.52440"
"20.70000","0.34467","5.54696"
"20.80000","0.34637","5.56879"
"20.90000","0.34787","5.58437"
"21.00000","0.34957","5.60789"
"21.10000","0.35126","5.63041"
"21.20000","0.35293","5.65215"
"21.30000","0.35460","5.67518"
"21.40000","0.35632","5.69788"
"21.50000","0.35801","5.71940"
"21.60000","0.35966","5.73920"
"21.70000","0.36128","5.75696"
"21.80000","0.36290","5.77627"
"21.90000","0.36455","5.79589"
"22.00000","0.36628","5.82084"
"22.10000","0.36799","5.84071"
"22.20000","0.36961","5.85864"
"22.30000","0.37124","5.87699"
"22.40000","0.37292","5.89592"
"22.50000","0.37459","5.91592"
"22.60000","0.37624","5.93369"
"22.70000","0.37800","5.95557"
"22.80000","0.37972","5.97601"
"22.90000","0.38137","5.99432"
"23.00000","0.38302","6.01348"
"23.10000","0.38470","6.03459"
"23.20000","0.38637","6.05353"
"23.30000","0.38801","6.07151"
"23.40000","0.38958","6.08826"
"23.50000","0.39123","6.10599"
"23.60000","0.39287","6.12521"
"23.70000","0.39451","6.14404"
"23.80000","0.39621","6.16360"
"23.90000","0.39790","6.18265"
"24.00000","0.39958","6.20096"
"24.10000","0.40127","6.21960"
"24.20000","0.40293","6.23647"
"24.30000","0.40473","6.25859"
"24.40000","0.40650","6.27936"
"24.50000","0.40818","6.29595"
"24.60000","0.40983","6.31065"
"24.70000","0.41148","6.32732"
"24.80000","0.41304","6.33982"
"24.90000","0.41464","6.35564"
"25.00000","0.41622","6.37159"
"25.10000","0.41782","6.38698"
"25.20000","0.41950","6.40583"
"25.30000","0.42116","6.42339"
"25.40000","0.42282","6.44049"
"25.50000","0.42450","6.45851"
"25.60000","0.42613","6.47440"
"25.70000","0.42784","6.49333"
"25.80000","0.42957","6.51145"
"25.90000","0.43118","6.52516"
"26.00000","0.43297","6.54643"
"26.10000","0.43479","6.56616"
"26.20000","0.43653","6.58232"
"26.30000","0.43821","6.59679"
"26.40000","0.43989","6.61150"
"26.50000","0.44150","6.62383"
"26.60000","0.44312","6.63746"
"26.70000","0.44466","6.64795"
"26.80000","0.44618","6.65870"
"26.90000","0.44783","6.67467"
"27.00000","0.44952","6.69412"
"27.10000","0.45120","6.71029"
"27.20000","0.45282","6.72527"
"27.30000","0.45453","6.74343"
"27.40000","0.45621","6.75868"
"27.50000","0.45784","6.77241"
"27.60000","0.45957","6.79308"
"27.70000","0.46137","6.81334"
"27.80000","0.46308","6.82848"
"27.90000","0.46474","6.84218"
"28.00000","0.46644","6.85816"
"28.10000","0.46813","6.87676"
"28.20000","0.46979","6.88994"
"28.30000","0.47136","6.90094"
"28.40000","0.47303","6.91531"
"28.50000","0.47473","6.93108"
"28.60000","0.47634","6.94294"
"28.70000","0.47788","6.95321"
"28.80000","0.47944","6.96512"
"28.90000","0.48110","6.98112"
"29.00000","0.48281","7.00173"
"29.10000","0.48443","7.01432"
"29.20000","0.48611","7.02982"
"29.30000","0.48795","7.05080"
"29.40000","0.48965","7.06487"
"29.50000","0.49138","7.08041"
"29.60000","0.49310","7.09669"
"29.70000","0.49472","7.10843"
"29.80000","0.49634","7.11970"
"29.90000","0.49805","7.13500"
"30.00000","0.49977","7.15172"
"30.10000","0.50134","7.16003"
"30.20000","0.50298","7.17186"
"30.30000","0.50468","7.18507"
"30.40000","0.50635","7.19758"
"30.50000","0.50806","7.21152"
"30.60000","0.50970","7.22349"
"30.70000","0.51129","7.23341"
"30.80000","0.51288","7.24460"
"30.90000","0.51455","7.26243"
"31.00000","0.51637","7.28186"
"31.10000","0.51805","7.29418"
"31.20000","0.51960","7.30291"
"31.30000","0.52120","7.31331"
"31.40000","0.52291","7.32858"
"31.50000","0.52455","7.34101"
"31.60000","0.52619","7.35277"
"31.70000","0.52786","7.36613"
"31.80000","0.52951","7.37885"
"31.90000","0.53123","7.39484"
"32.00000","0.53292","7.40809"
"32.10000","0.53460","7.42041"
"32.20000","0.53624","7.43147"
"32.30000","0.53792","7.44392"
"32.40000","0.53965","7.45818"
"32.50000","0.54134","7.47130"
"32.60000","0.54311","7.48584"
"32.70000","0.54472","7.49483"
"32.80000","0.54637","7.50762"
"32.90000","0.54805","7.52069"
"33.00000","0.54976","7.53864"
"33.10000","0.55134","7.54677"
"33.20000","0.55289","7.55451"
"33.30000","0.55450","7.56549"
"33.40000","0.55619","7.57940"
"33.50000","0.55784","7.59076"
"33.60000","0.55951","7.60339"
"33.70000","0.56120","7.61613"
"33.80000","0.56287","7.62742"
"33.90000","0.56458","7.64173"
"34.00000","0.56630","7.65602"
"34.10000","0.56807","7.67094"
"34.20000","0.56978","7.68296"
"34.30000","0.57147","7.69379"
"34.40000","0.57314","7.70307"
"34.50000","0.57480","7.71366"
"34.60000","0.57644","7.72161"
"34.70000","0.57800","7.72701"
"34.80000","0.57957","7.73486"
"34.90000","0.58115","7.74452"
"35.00000","0.58279","7.75621"
"35.10000","0.58450","7.77213"
"35.20000","0.58617","7.78311"
"35.30000","0.58782","7.79312"
"35.40000","0.58948","7.80393"
"35.50000","0.59117","7.81565"
"35.60000","0.59286","7.82818"
"35.70000","0.59451","7.83869"
"35.80000","0.59619","7.84946"
"35.90000","0.59801","7.86522"
"36.00000","0.59988","7.88074"
"36.10000","0.60154","7.88870"
"36.20000","0.60312","7.89436"
"36.30000","0.60484","7.90512"
"36.40000","0.60655","7.91643"
"36.50000","0.60811","7.92119"
"36.60000","0.60971","7.92970"
"36.70000","0.61129","7.93681"
"36.80000","0.61281","7.94189"
"36.90000","0.61450","7.95251"
"37.00000","0.61616","7.96508"
"37.10000","0.61782","7.97567"
"37.20000","0.61951","7.98600"
"37.30000","0.62119","7.99684"
"37.40000","0.62294","8.00939"
"37.50000","0.62464","8.01984"
"37.60000","0.62632","8.02987"
"37.70000","0.62806","8.04276"
"37.80000","0.62975","8.05295"
"37.90000","0.63138","8.06091"
"38.00000","0.63305","8.06985"
"38.10000","0.63476","8.07959"
"38.20000","0.63636","8.08510"
"38.30000","0.63803","8.09377"
"38.40000","0.63974","8.10495"
"38.50000","0.64138","8.11279"
"38.60000","0.64305","8.12148"
"38.70000","0.64464","8.12796"
"38.80000","0.64617","8.13289"
"38.90000","0.64777","8.14138"
"39.00000","0.64944","8.15181"
"39.10000","0.65122","8.16699"
"39.20000","0.65302","8.18088"
"39.30000","0.65474","8.19074"
"39.40000","0.65640","8.19941"
"39.50000","0.65803","8.20675"
"39.60000","0.65970","8.21614"
"39.70000","0.66138","8.22542"
"39.80000","0.66303","8.23353"
"39.90000","0.66464","8.23917"
"40.00000","0.66631","8.24835"
"40.10000","0.66804","8.25971"
"40.20000","0.66974","8.26890"
"40.30000","0.67134","8.27475"
"40.40000","0.67304","8.28390"
"40.50000","0.67473","8.29284"
"40.60000","0.67637","8.29956"
"40.70000","0.67803","8.30868"
"40.80000","0.67963","8.31489"
"40.90000","0.68128","8.32437"
"41.00000","0.68297","8.33479"
"41.10000","0.68471","8.34786"
"41.20000","0.68635","8.35656"
"41.30000","0.68796","8.36338"
"41.40000","0.68953","8.36887"
"41.50000","0.69121","8.37878"
"41.60000","0.69287","8.38729"
"41.70000","0.69453","8.39535"
"41.80000","0.69622","8.40571"
"41.90000","0.69789","8.41368"
"42.00000","0.69956","8.42300"
"42.10000","0.70126","8.43266"
"42.20000","0.70301","8.44333"
"42.30000","0.70468","8.45190"
"42.40000","0.70647","8.46438"
"42.50000","0.70820","8.47342"
"42.60000","0.70984","8.47918"
"42.70000","0.71145","8.48488"
"42.80000","0.71305","8.49136"
"42.90000","0.71468","8.49884"
"43.00000","0.71630","8.50621"
"43.10000","0.71783","8.51140"
"43.20000","0.71950","8.52117"
"43.30000","0.72122","8.53384"
"43.40000","0.72283","8.54041"
"43.50000","0.72451","8.55001"
"43.60000","0.72621","8.55994"
"43.70000","0.72789","8.56832"
"43.80000","0.72947","8.57340"
"43.90000","0.73126","8.58615"
"44.00000","0.73306","8.59788"
"44.10000","0.73481","8.60677"
"44.20000","0.73647","8.61310"
"44.30000","0.73815","8.62044"
"44.40000","0.73981","8.62715"
"44.50000","0.74149","8.63413"
"44.60000","0.74311","8.63916"
"44.70000","0.74460","8.64019"
"44.80000","0.74614","8.64383"
"44.90000","0.74781","8.65246"
"45.00000","0.74947","8.66105"
"45.10000","0.75117","8.67325"
"45.20000","0.75287","8.68278"
"45.30000","0.75453","8.69023"
"45.40000","0.75618","8.69739"
"45.50000","0.75788","8.70675"
"45.60000","0.75948","8.71230"
"45.70000","0.76122","8.72290"
"45.80000","0.76300","8.73407"
"45.90000","0.76482","8.74557"
"46.00000","0.76653","8.75157"
"46.10000","0.76817","8.75590"
"46.20000","0.76981","8.76124"
"46.30000","0.77141","8.76466"
"46.40000","0.77303","8.77052"
"46.50000","0.77473","8.77852"
"46.60000","0.77639","8.78518"
"46.70000","0.77795","8.78839"
"46.80000","0.77951","8.79219"
"46.90000","0.78111","8.79842"
"47.00000","0.78269","8.80416"
"47.10000","0.78448","8.81673"
"47.20000","0.78629","8.82892"
"47.30000","0.78792","8.83415"
"47.40000","0.78957","8.84078"
"47.50000","0.79131","8.85102"
"47.60000","0.79302","8.85915"
"47.70000","0.79466","8.86525"
"47.80000","0.79628","8.87019"
"47.90000","0.79794","8.87741"
"48.00000","0.79969","8.88581"
"48.10000","0.80136","8.89131"
"48.20000","0.80300","8.89652"
"48.30000","0.80470","8.90276"
"48.40000","0.80635","8.90662"
"48.50000","0.80801","8.91175"
"48.60000","0.80971","8.91858"
"48.70000","0.81139","8.92409"
"48.80000","0.81290","8.92538"
"48.90000","0.81443","8.92688"
"49.00000","0.81621","8.93887"
"49.10000","0.81799","8.94994"
"49.20000","0.81969","8.95727"
"49.30000","0.82136","8.96342"
"49.40000","0.82300","8.96887"
"49.50000","0.82465","8.97500"
"49.60000","0.82622","8.97768"
"49.70000","0.82783","8.98386"
"49.80000","0.82951","8.99104"
"49.90000","0.83121","8.99889"
"50.00000","0.83290","9.00539"
"50.10000","0.83460","9.01309"
"50.20000","0.83634","9.02115"
"50.30000","0.83802","9.02634"
"50.40000","0.83971","9.03272"
"50.50000","0.84150","9.04216"
"50.60000","0.84316","9.04609"
"50.70000","0.84470","9.04625"
"50.80000","0.84627","9.04994"
"50.90000","0.84792","9.05683"
"51.00000","0.84960","9.06462"
"51.10000","0.85122","9.07067"
"51.20000","0.85282","9.07619"
"51.30000","0.85447","9.08253"
"51.40000","0.85617","9.09111"
"51.50000","0.85782","9.09657"
"51.60000","0.85946","9.10199"
"51.70000","0.86117","9.10999"
"51.80000","0.86287","9.11666"
"51.90000","0.86453","9.12181"
"52.00000","0.86623","9.12868"
"52.10000","0.86791","9.13408"
"52.20000","0.86977","9.15040"
"52.30000","0.87153","9.15598"
"52.40000","0.87316","9.15757"
"52.50000","0.87484","9.16235"
"52.60000","0.87654","9.16686"
"52.70000","0.87813","9.16803"
"52.80000","0.87963","9.16671"
"52.90000","0.88118","9.16907"
"53.00000","0.88281","9.17482"
"53.10000","0.88447","9.18145"
"53.20000","0.88613","9.18803"
"53.30000","0.88781","9.19498"
"53.40000","0.88951","9.20251"
"53.50000","0.89117","9.20865"
"53.60000","0.89283","9.21490"
"53.70000","0.89456","9.22279"
"53.80000","0.89631","9.23070"
"53.90000","0.89809","9.23894"
"54.00000","0.89982","9.24579"
"54.10000","0.90146","9.24758"
"54.20000","0.90313","9.25324"
"54.30000","0.90481","9.25798"
"54.40000","0.90645","9.26191"
"54.50000","0.90807","9.26523"
"54.60000","0.90970","9.26790"
"54.70000","0.91135","9.27211"
"54.80000","0.91286","9.27162"
"54.90000","0.91447","9.27606"
"55.00000","0.91612","9.28176"
"55.10000","0.91780","9.28821"
"55.20000","0.91953","9.30034"
"55.30000","0.92118","9.30485"
"55.40000","0.92285","9.31067"
"55.50000","0.92453","9.31700"
"55.60000","0.92635","9.32777"
"55.70000","0.92813","9.33609"
"55.80000","0.92972","9.33752"
"55.90000","0.93138","9.34113"
"56.00000","0.93309","9.34643"
"56.10000","0.93476","9.35034"
"56.20000","0.93645","9.35835"
"56.30000","0.93804","9.35797"
"56.40000","0.93971","9.36174"
"56.50000","0.94135","9.36572"
"56.60000","0.94299","9.36715"
"56.70000","0.94460","9.36969"
"56.80000","0.94617","9.37145"
"56.90000","0.94778","9.37492"
"57.00000","0.94957","9.38472"
"57.10000","0.95130","9.39028"
"57.20000","0.95298","9.39546"
"57.30000","0.95471","9.40170"
"57.40000","0.95638","9.40569"
"57.50000","0.95800","9.40789"
"57.60000","0.95961","9.41046"
"57.70000","0.96124","9.41467"
"57.80000","0.96289","9.41984"
"57.90000","0.96455","9.42462"
"58.00000","0.96630","9.43472"
"58.10000","0.96801","9.43806"
"58.20000","0.96968","9.44135"
"58.30000","0.97135","9.44418"
"58.40000","0.97301","9.44755"
"58.50000","0.97469","9.45068"
"58.60000","0.97639","9.45493"
"58.70000","0.97799","9.45655"
"58.80000","0.97953","9.45700"
"58.90000","0.98130","9.46944"
"59.00000","0.98304","9.47575"
"59.10000","0.98473","9.48047"
"59.20000","0.98635","9.48234"
"59.30000","0.98794","9.48325"
"59.40000","0.98954","9.48522"
"59.50000","0.99121","9.48976"
"59.60000","0.99285","9.49298"
"59.70000","0.99450","9.49800"
"59.80000","0.99621","9.50504"
"59.90000","0.99786","9.50805"
"60.00000","0.99958","9.51325"
"60.10000","1.00127","9.51748"
"60.20000","1.00293","9.52024"
"60.30000","1.00472","9.52715"
"60.40000","1.00653","9.53690"
"60.50000","1.00823","9.53843"
"60.60000","1.00984","9.53709"
"60.70000","1.01148","9.53902"
"60.80000","1.01299","9.53687"
"60.90000","1.01460","9.53986"
"61.00000","1.01620","9.54129"
"61.10000","1.01785","9.54532"
"61.20000","1.01951","9.55041"
"61.30000","1.02112","9.55433"
"61.40000","1.02281","9.56004"
"61.50000","1.02450","9.56448"
"61.60000","1.02617","9.56795"
"61.70000","1.02779","9.56916"
"61.80000","1.02954","9.57567"
"61.90000","1.03121","9.57833"
"62.00000","1.03294","9.58345"
"62.10000","1.03479","9.59285"
"62.20000","1.03662","9.60198"
"62.30000","1.03818","9.59879"
"62.40000","1.03983","9.60068"
"62.50000","1.04150","9.60302"
"62.60000","1.04314","9.60431"
"62.70000","1.04466","9.60231"
"62.80000","1.04620","9.60185"
"62.90000","1.04784","9.60483"
"63.00000","1.04951","9.60973"
"63.10000","1.05117","9.61347"
"63.20000","1.05288","9.62103"
"63.30000","1.05450","9.62204"
"63.40000","1.05618","9.62614"
"63.50000","1.05783","9.62957"
"63.60000","1.05958","9.63606"
"63.70000","1.06132","9.64128"
"63.80000","1.06308","9.64657"
"63.90000","1.06474","9.64741"
"64.00000","1.06644","9.65403"
"64.10000","1.06818","9.65643"
"64.20000","1.06972","9.65272"
"64.30000","1.07136","9.65447"
"64.40000","1.07308","9.65753"
"64.50000","1.07471","9.65775"
"64.60000","1.07634","9.65881"
"64.70000","1.07793","9.65926"
"64.80000","1.07946","9.65798"
"64.90000","1.08110","9.66122"
"65.00000","1.08279","9.66582"
"65.10000","1.08444","9.67196"
"65.20000","1.08616","9.67546"
"65.30000","1.08793","9.68069"
"65.40000","1.08963","9.68367"
"65.50000","1.09139","9.68926"
"65.60000","1.09308","9.69153"
"65.70000","1.09471","9.69217"
"65.80000","1.09634","9.69406"
"65.90000","1.09800","9.69641"
"66.00000","1.09966","9.69889"
"66.10000","1.10136","9.70304"
"66.20000","1.10312","9.70928"
"66.30000","1.10467","9.70584"
"66.40000","1.10631","9.70702"
"66.50000","1.10809","9.71235"
"66.60000","1.10973","9.71283"
"66.70000","1.11126","9.71075"
"66.80000","1.11284","9.71174"
"66.90000","1.11455","9.71699"
"67.00000","1.11627","9.72223"
"67.10000","1.11798","9.72718"
"67.20000","1.11967","9.72908"
"67.30000","1.12135","9.73218"
"67.40000","1.12297","9.73128"
"67.50000","1.12455","9.72969"
"67.60000","1.12618","9.73065"
"67.70000","1.12787","9.73359"
"67.80000","1.12951","9.73500"
"67.90000","1.13119","9.73712"
"68.00000","1.13291","9.74051"
"68.10000","1.13460","9.74236"
"68.20000","1.13627","9.74289"
"68.30000","1.13798","9.74452"
"68.40000","1.13971","9.74681"
"68.50000","1.14132","9.74469"
"68.60000","1.14306","9.74854"
"68.70000","1.14473","9.75018"
"68.80000","1.14639","9.75618"
"68.90000","1.14805","9.75681"
"69.00000","1.14969","9.75806"
"69.10000","1.15134","9.75968"
"69.20000","1.15294","9.76001"
"69.30000","1.15453","9.75995"
"69.40000","1.15618","9.76184"
"69.50000","1.15784","9.76383"
"69.60000","1.15949","9.76485"
"69.70000","1.16120","9.76778"
"69.80000","1.16284","9.76785"
"69.90000","1.16455","9.77023"
"70.00000","1.16627","9.77737"
"70.10000","1.16816","9.78592"
"70.20000","1.16981","9.78364"
"70.30000","1.17148","9.78351"
"70.40000","1.17314","9.78433"
"70.50000","1.17479","9.78335"
"70.60000","1.17644","9.78360"
"70.70000","1.17802","9.78180"
"70.80000","1.17961","9.78092"
"70.90000","1.18119","9.78030"
"71.00000","1.18280","9.78149"
"71.10000","1.18452","9.78549"
"71.20000","1.18617","9.78710"
"71.30000","1.18781","9.78842"
"71.40000","1.18951","9.79180"
"71.50000","1.19119","9.79313"
"71.60000","1.19284","9.79312"
"71.70000","1.19453","9.79610"
"71.80000","1.19623","9.79721"
"71.90000","1.19805","9.80221"
"72.00000","1.19990","9.80744"
"72.10000","1.20155","9.80494"
"72.20000","1.20313","9.80181"
"72.30000","1.20485","9.80410"
"72.40000","1.20653","9.80529"
"72.50000","1.20809","9.80225"
"72.60000","1.20971","9.80053"
"72.70000","1.21125","9.79780"
"72.80000","1.21280","9.79572"
"72.90000","1.21451","9.79971"
"73.00000","1.21619","9.80431"
"73.10000","1.21787","9.80584"
"73.20000","1.21949","9.80465"
"73.30000","1.22117","9.80602"
"73.40000","1.22293","9.81029"
"73.50000","1.22462","9.81116"
"73.60000","1.22634","9.81253"
"73.70000","1.22810","9.81458"
"73.80000","1.22972","9.81059"
"73.90000","1.23140","9.80852"
"74.00000","1.23311","9.80810"
"74.10000","1.23473","9.80412"
"74.20000","1.23637","9.80078"
"74.30000","1.23806","9.80060"
"74.40000","1.23973","9.79976"
"74.50000","1.24139","9.79823"
"74.60000","1.24304","9.79677"
"74.70000","1.24461","9.79371"
"74.80000","1.24614","9.79053"
"74.90000","1.24779","9.79210"
"75.00000","1.24944","9.79226"
"75.10000","1.25119","9.79519"
"75.20000","1.25299","9.79912"
"75.30000","1.25473","9.80359"
"75.40000","1.25643","9.80183"
"75.50000","1.25803","9.79750"
"75.60000","1.25969","9.79772"
"75.70000","1.26134","9.79699"
"75.80000","1.26295","9.79475"
"75.90000","1.26457","9.79377"
"76.00000","1.26625","9.79389"
"76.10000","1.26797","9.79401"
"76.20000","1.26972","9.79587"
"76.30000","1.27137","9.79309"
"76.40000","1.27305","9.79189"
"76.50000","1.27471","9.79000"
"76.60000","1.27632","9.78812"
"76.70000","1.27801","9.78802"
"76.80000","1.27968","9.78751"
"76.90000","1.28132","9.78660"
"77.00000","1.28295","9.78540"
"77.10000","1.28464","9.78627"
"77.20000","1.28629","9.78609"
"77.30000","1.28792","9.78347"
"77.40000","1.28954","9.78120"
"77.50000","1.29119","9.78047"
"77.60000","1.29286","9.78095"
"77.70000","1.29451","9.78010"
"77.80000","1.29621","9.78031"
"77.90000","1.29788","9.77927"
"78.00000","1.29956","9.77897"
"78.10000","1.30128","9.77875"
"78.20000","1.30308","9.78173"
"78.30000","1.30469","9.77762"
"78.40000","1.30642","9.77792"
"78.50000","1.30821","9.77974"
"78.60000","1.30989","9.77719"
"78.70000","1.31147","9.77287"
"78.80000","1.31303","9.76841"
"78.90000","1.31465","9.76713"
"79.00000","1.31632","9.76801"
"79.10000","1.31792","9.76709"
"79.20000","1.31951","9.76488"
"79.30000","1.32120","9.76640"
"79.40000","1.32285","9.76577"
"79.50000","1.32448","9.76353"
"79.60000","1.32617","9.76351"
"79.70000","1.32788","9.76365"
"79.80000","1.32945","9.75977"
"79.90000","1.33127","9.76348"
"80.00000","1.33312","9.76727"
"80.10000","1.33486","9.76614"
"80.20000","1.33656","9.76499"
"80.30000","1.33816","9.76074"
"80.40000","1.33974","9.75752"
"80.50000","1.34147","9.75923"
"80.60000","1.34312","9.75702"
"80.70000","1.34461","9.75021"
"80.80000","1.34619","9.74793"
"80.90000","1.34783","9.74763"
"81.00000","1.34949","9.74769"
"81.10000","1.35119","9.74843"
"81.20000","1.35285","9.74705"
"81.30000","1.35451","9.74568"
"81.40000","1.35618","9.74448"
"81.50000","1.35791","9.74614"
"81.60000","1.35950","9.74177"
"81.70000","1.36122","9.74377"
"81.80000","1.36304","9.74686"
"81.90000","1.36484","9.74669"
"82.00000","1.36651","9.74301"
"82.10000","1.36818","9.73665"
"82.20000","1.36983","9.73099"
"82.30000","1.37139","9.72494"
"82.40000","1.37302","9.72214"
"82.50000","1.37473","9.72141"
"82.60000","1.37636","9.71795"
"82.70000","1.37789","9.71278"
"82.80000","1.37951","9.71120"
"82.90000","1.38115","9.71066"
"83.00000","1.38275","9.70828"
"83.10000","1.38447","9.70984"
"83.20000","1.38632","9.73809"
"83.30000","1.38818","9.73652"
"83.40000","1.38956","9.72103"
"83.50000","1.39122","9.71753"
"83.60000","1.39303","9.71662"
"83.70000","1.39471","9.70890"
"83.80000","1.39633","9.70012"
"83.90000","1.39798","9.69566"
"84.00000","1.39964","9.69289"
"84.10000","1.40130","9.69018"
"84.20000","1.40297","9.68862"
"84.30000","1.40463","9.68532"
"84.40000","1.40625","9.68047"
"84.50000","1.40790","9.67818"
"84.60000","1.40960","9.67705"
"84.70000","1.41130","9.67589"
"84.80000","1.41292","9.67311"
"84.90000","1.41447","9.66929"
"85.00000","1.41620","9.67099"
"85.10000","1.41793","9.67232"
"85.20000","1.41966","9.67224"
"85.30000","1.42132","9.67000"
"85.40000","1.42301","9.66874"
"85.50000","1.42467","9.66706"
"85.60000","1.42626","9.66304"
"85.70000","1.42785","9.66068"
"85.80000","1.42951","9.65895"
"85.90000","1.43121","9.65815"
"86.00000","1.43288","9.65656"
"86.10000","1.43458","9.65506"
"86.20000","1.43631","9.65548"
"86.30000","1.43800","9.65300"
"86.40000","1.43972","9.65352"
"86.50000","1.44149","9.65389"
"86.60000","1.44313","9.64986"
"86.70000","1.44472","9.64590"
"86.80000","1.44635","9.64400"
"86.90000","1.44805","9.64355"
"87.00000","1.44964","9.64005"
"87.10000","1.45119","9.63525"
"87.20000","1.45284","9.63507"
"87.30000","1.45451","9.63416"
"87.40000","1.45615","9.63310"
"87.50000","1.45782","9.63234"
"87.60000","1.45953","9.63504"
"87.70000","1.46123","9.63310"
"87.80000","1.46286","9.62825"
"87.90000","1.46452","9.62655"
"88.00000","1.46623","9.62497"
"88.10000","1.46786","9.62151"
"88.20000","1.46968","9.62406"
"88.30000","1.47155","9.62601"
"88.40000","1.47320","9.62011"
"88.50000","1.47480","9.61504"
"88.60000","1.47645","9.61255"
"88.70000","1.47813","9.61158"
"88.80000","1.47967","9.60601"
"88.90000","1.48121","9.60203"
"89.00000","1.48279","9.59902"
"89.10000","1.48445","9.59772"
"89.20000","1.48616","9.59740"
"89.30000","1.48781","9.59500"
"89.40000","1.48948","9.59309"
"89.50000","1.49114","9.59091"
"89.60000","1.49288","9.59174"
"89.70000","1.49460","9.59130"
"89.80000","1.49637","9.59216"
"89.90000","1.49811","9.59068"
"90.00000","1.49987","9.59453"
"90.10000","1.50152","9.58894"
"90.20000","1.50309","9.58345"
"90.30000","1.50474","9.57985"
"90.40000","1.50641","9.57879"
"90.50000","1.50804","9.57504"
"90.60000","1.50970","9.57286"
"90.70000","1.51133","9.56949"
"90.80000","1.51291","9.56475"
"90.90000","1.51446","9.56131"
"91.00000","1.51613","9.56092"
"91.10000","1.51782","9.56042"
"91.20000","1.51948","9.55877"
"91.30000","1.52116","9.55753"
"91.40000","1.52286","9.55663"
"91.50000","1.52454","9.55448"
"91.60000","1.52628","9.55381"
"91.70000","1.52807","9.55392"
"91.80000","1.52976","9.55148"
"91.90000","1.53143","9.54862"
"92.00000","1.53310","9.54665"
"92.10000","1.53475","9.54395"
"92.20000","1.53635","9.53986"
"92.30000","1.53803","9.53777"
"92.40000","1.53972","9.53457"
"92.50000","1.54135","9.52735"
"92.60000","1.54298","9.51886"
"92.70000","1.54461","9.51088"
"92.80000","1.54622","9.50407"
"92.90000","1.54778","9.49870"
"93.00000","1.54954","9.50070"
"93.10000","1.55129","9.49988"
"93.20000","1.55297","9.50086"
"93.30000","1.55470","9.49853"
"93.40000","1.55635","9.49553"
"93.50000","1.55798","9.49213"
"93.60000","1.55964","9.49095"
"93.70000","1.56128","9.48834"
"93.80000","1.56291","9.48538"
"93.90000","1.56458","9.48278"
"94.00000","1.56624","9.47989"
"94.10000","1.56791","9.47742"
"94.20000","1.56959","9.47450"
"94.30000","1.57127","9.47234"
"94.40000","1.57293","9.46860"
"94.50000","1.57461","9.46702"
"94.60000","1.57629","9.46360"
"94.70000","1.57795","9.46108"
"94.80000","1.57960","9.45850"
"94.90000","1.58122","9.45571"
"95.00000","1.58295","9.45695"
"95.10000","1.58479","9.46225"
"95.20000","1.58637","9.45423"
"95.30000","1.58793","9.44934"
"95.40000","1.58956","9.44656"
"95.50000","1.59122","9.44481"
"95.60000","1.59289","9.44274"
"95.70000","1.59453","9.43946"
"95.80000","1.59622","9.43761"
"95.90000","1.59789","9.43540"
"96.00000","1.59960","9.43559"
"96.10000","1.60133","9.43372"
"96.20000","1.60298","9.42944"
"96.30000","1.60475","9.42977"
"96.40000","1.60648","9.42733"
"96.50000","1.60818","9.42346"
"96.60000","1.60987","9.41987"
"96.70000","1.61147","9.41481"
"96.80000","1.61297","9.40731"
"96.90000","1.61457","9.40490"
"97.00000","1.61621","9.40286"
"97.10000","1.61786","9.40077"
"97.20000","1.61951","9.39783"
"97.30000","1.62117","9.39704"
"97.40000","1.62283","9.39441"
"97.50000","1.62451","9.39256"
"97.60000","1.62620","9.38998"
"97.70000","1.62784","9.38635"
"97.80000","1.62956","9.38587"
"97.90000","1.63123","9.38225"
"98.00000","1.63301","9.38258"
"98.10000","1.63479","9.38125"
"98.20000","1.63651","9.37798"
"98.30000","1.63819","9.37471"
"98.40000","1.63987","9.37166"
"98.50000","1.64149","9.36730"
"98.60000","1.64310","9.36187"
"98.70000","1.64466","9.35689"
"98.80000","1.64625","9.35276"
"98.90000","1.64784","9.34955"
"99.00000","1.64951","9.34789"
"99.10000","1.65119","9.34645"
"99.20000","1.65285","9.34355"
"99.30000","1.65451","9.34066"
"99.40000","1.65619","9.33853"
"99.50000","1.65784","9.33564"
"99.60000","1.65958","9.33464"
"99.70000","1.66131","9.32896"
"99.80000","1.66304","9.31450"
"99.90000","1.66478","9.30042"
"100.00000","1.66647","9.29342"
"100.10000","1.66811","9.28873"
"100.20000","1.66975","9.28593"
"100.30000","1.67137","9.28138"
"100.40000","1.67302","9.27977"
"100.50000","1.67470","9.27694"
"100.60000","1.67633","9.27219"
"100.70000","1.67787","9.26762"
"100.80000","1.67949","9.26754"
"100.90000","1.68121","9.26671"
"101.00000","1.68281","9.26195"
"101.10000","1.68436","9.25644"
"101.20000","1.68608","9.25765"
"101.30000","1.68794","9.25991"
"101.40000","1.68966","9.25623"
"101.50000","1.69140","9.25517"
"101.60000","1.69306","9.25063"
"101.70000","1.69471","9.24764"
"101.80000","1.69642","9.24790"
"101.90000","1.69810","9.24462"
"102.00000","1.69968","9.23934"
"102.10000","1.70133","9.23667"
"102.20000","1.70298","9.23376"
"102.30000","1.70466","9.23177"
"102.40000","1.70637","9.22933"
"102.50000","1.70804","9.22566"
"102.60000","1.70965","9.22027"
"102.70000","1.71124","9.21614"
"102.80000","1.71290","9.21409"
"102.90000","1.71457","9.21219"
"103.00000","1.71622","9.20889"
"103.10000","1.71791","9.20698"
"103.20000","1.71958","9.20412"
"103.30000","1.72127","9.20323"
"103.40000","1.72293","9.19987"
"103.50000","1.72454","9.19586"
"103.60000","1.72619","9.19353"
"103.70000","1.72785","9.19111"
"103.80000","1.72954","9.18872"
"103.90000","1.73123","9.18648"
"104.00000","1.73295","9.18781"
"104.10000","1.73464","9.18245"
"104.20000","1.73620","9.17636"
"104.30000","1.73791","9.17604"
"104.40000","1.73965","9.17516"
"104.50000","1.74130","9.17020"
"104.60000","1.74305","9.16946"
"104.70000","1.74478","9.16795"
"104.80000","1.74638","9.16144"
"104.90000","1.74796","9.15730"
"105.00000","1.74962","9.15584"
"105.10000","1.75130","9.15391"
"105.20000","1.75293","9.15126"
"105.30000","1.75455","9.14654"
"105.40000","1.75617","9.14332"
"105.50000","1.75782","9.13986"
"105.60000","1.75954","9.13963"
"105.70000","1.76118","9.13495"
"105.80000","1.76285","9.13177"
"105.90000","1.76461","9.13181"
"106.00000","1.76626","9.12765"
"106.10000","1.76801","9.12588"
"106.20000","1.76978","9.12435"
"106.30000","1.77154","9.12146"
"106.40000","1.77318","9.11651"
"106.50000","1.77480","9.11298"
"106.60000","1.77642","9.10961"
"106.70000","1.77804","9.10635"
"106.80000","1.77963","9.10234"
"106.90000","1.78122","9.09959"
"107.00000","1.78284","9.09639"
"107.10000","1.78445","9.09229"
"107.20000","1.78615","9.09055"
"107.30000","1.78785","9.08758"
"107.40000","1.78951","9.08431"
"107.50000","1.79117","9.08059"
"107.60000","1.79284","9.07866"
"107.70000","1.79453","9.07681"
"107.80000","1.79624","9.07419"
"107.90000","1.79802","9.07175"
"108.00000","1.79985","9.06944"
"108.10000","1.80154","9.06423"
"108.20000","1.80316","9.05747"
"108.30000","1.80484","9.05117"
"108.40000","1.80650","9.03654"
"108.50000","1.80804","9.01714"
"108.60000","1.80971","9.00913"
"108.70000","1.81136","9.00418"
"108.80000","1.81290","8.99731"
"108.90000","1.81447","8.99301"
"109.00000","1.81614","8.99235"
"109.10000","1.81786","8.99327"
"109.20000","1.81952","8.98640"
"109.30000","1.82115","8.98244"
"109.40000","1.82291","8.98359"
"109.50000","1.82463","8.98073"
"109.60000","1.82631","8.97729"
"109.70000","1.82807","8.97540"
"109.80000","1.82975","8.97162"
"109.90000","1.83142","8.96749"
"110.00000","1.83307","8.96383"
"110.10000","1.83472","8.96048"
"110.20000","1.83638","8.95700"
"110.30000","1.83805","8.95316"
"110.40000","1.83970","8.94888"
"110.50000","1.84139","8.94555"
"110.60000","1.84302","8.94022"
"110.70000","1.84464","8.93604"
"110.80000","1.84619","8.92977"
"110.90000","1.84782","8.92576"
"111.00000","1.84948","8.92255"
"111.10000","1.85122","8.92073"
"111.20000","1.85298","8.91853"
"111.30000","1.85471","8.91794"
"111.40000","1.85647","8.91317"
"111.50000","1.85805","8.90573"
"111.60000","1.85969","8.90406"
"111.70000","1.86138","8.90088"
"111.80000","1.86302","8.89648"
"111.90000","1.86466","8.89230"
"112.00000","1.86636","8.88783"
"112.10000","1.86804","8.88264"
"112.20000","1.86968","8.87711"
"112.30000","1.87132","8.87286"
"112.40000","1.87302","8.87031"
"112.50000","1.87472","8.86718"
"112.60000","1.87632","8.86202"
"112.70000","1.87804","8.86167"
"112.80000","1.87972","8.85932"
"112.90000","1.88136","8.85537"
"113.00000","1.88300","8.85187"
"113.10000","1.88462","8.84799"
"113.20000","1.88625","8.84504"
"113.30000","1.88789","8.84168"
"113.40000","1.88956","8.83821"
"113.50000","1.89121","8.83397"
"113.60000","1.89285","8.83065"
"113.70000","1.89454","8.82850"
"113.80000","1.89624","8.82684"
"113.90000","1.89791","8.82301"
"114.00000","1.89957","8.81987"
"114.10000","1.90124","8.81671"
"114.20000","1.90300","8.81680"
"114.30000","1.90466","8.81205"
"114.40000","1.90643","8.81070"
"114.50000","1.90822","8.80918"
"114.60000","1.90987","8.80286"
"114.70000","1.91148","8.79766"
"114.80000","1.91307","8.79348"
"114.90000","1.91464","8.78852"
"115.00000","1.91625","8.78508"
"115.10000","1.91784","8.77490"
"115.20000","1.91948","8.75010"
"115.30000","1.92119","8.72636"
"115.40000","1.92286","8.72106"
"115.50000","1.92448","8.72113"
"115.60000","1.92617","8.72213"
"115.70000","1.92788","8.72092"
"115.80000","1.92949","8.71604"
"115.90000","1.93134","8.71692"
"116.00000","1.93311","8.71313"
"116.10000","1.93476","8.70770"
"116.20000","1.93646","8.70499"
"116.30000","1.93816","8.70260"
"116.40000","1.93983","8.69964"
"116.50000","1.94145","8.69450"
"116.60000","1.94306","8.69019"
"116.70000","1.94466","8.68684"
"116.80000","1.94622","8.68199"
"116.90000","1.94782","8.67846"
"117.00000","1.94945","8.67453"
"117.10000","1.95117","8.67320"
"117.20000","1.95287","8.66914"
"117.30000","1.95451","8.66579"
"117.40000","1.95617","8.66285"
"117.50000","1.95820","8.67793"
"117.60000","1.95963","8.65648"
"117.70000","1.96117","8.65589"
"117.80000","1.96296","8.66293"
"117.90000","1.96482","8.66425"
"118.00000","1.96650","8.65730"
"118.10000","1.96814","8.65202"
"118.20000","1.96978","8.64680"
"118.30000","1.97139","8.64206"
"118.40000","1.97303","8.63765"
"118.50000","1.97469","8.63373"
"118.60000","1.97628","8.62842"
"118.70000","1.97789","8.62410"
"118.80000","1.97956","8.62260"
"118.90000","1.98116","8.61789"
"119.00000","1.98274","8.61213"
"119.10000","1.98445","8.61231"
"119.20000","1.98626","8.60982"
"119.30000","1.98792","8.60371"
"119.40000","1.98957","8.60040"
"119.50000","1.99125","8.59875"
"119.60000","1.99299","8.59731"
"119.70000","1.99471","8.59294"
"119.80000","1.99632","8.58687"
"119.90000","1.99795","8.58317"
"120.00000","1.99963","8.58136"
"120.10000","2.00130","8.57814"
"120.20000","2.00300","8.57518"
"120.30000","2.00469","8.57178"
"120.40000","2.00634","8.56699"
"120.50000","2.00794","8.56211"
"120.60000","2.00958","8.55830"
"120.70000","2.01127","8.55519"
"120.80000","2.01291","8.55078"
"120.90000","2.01448","8.54560"
"121.00000","2.01625","8.54559"
"121.10000","2.01800","8.54301"
"121.20000","2.01969","8.53885"
"121.30000","2.02134","8.53526"
"121.40000","2.02301","8.53328"
"121.50000","2.02464","8.53024"
"121.60000","2.02626","8.52661"
"121.70000","2.02786","8.52240"
"121.80000","2.02952","8.52030"
"121.90000","2.03130","8.52434"
"122.00000","2.03299","8.51538"
"122.10000","2.03457","8.50982"
"122.20000","2.03627","8.50910"
"122.30000","2.03791","8.50516"
"122.40000","2.03958","8.50326"
"122.50000","2.04141","8.50317"
"122.60000","2.04316","8.49883"
"122.70000","2.04477","8.48840"
"122.80000","2.04638","8.46084"
"122.90000","2.04804","8.43373"
"123.00000","2.04966","8.42700"
"123.10000","2.05124","8.42618"
"123.20000","2.05285","8.42423"
"123.30000","2.05449","8.42141"
"123.40000","2.05617","8.41796"
"123.50000","2.05783","8.41455"
"123.60000","2.05951","8.41273"
"123.70000","2.06119","8.41237"
"123.80000","2.06289","8.41001"
"123.90000","2.06457","8.40812"
"124.00000","2.06622","8.40579"
"124.10000","2.06787","8.40473"
"124.20000","2.06966","8.40632"
"124.30000","2.07151","8.40514"
"124.40000","2.07316","8.39840"
"124.50000","2.07481","8.39539"
"124.60000","2.07647","8.39509"
"124.70000","2.07806","8.39064"
"124.80000","2.07963","8.38729"
"124.90000","2.08121","8.38491"
"125.00000","2.08281","8.38335"
"125.10000","2.08447","8.38247"
"125.20000","2.08612","8.37886"
"125.30000","2.08778","8.37559"
"125.40000","2.08948","8.37346"
"125.50000","2.09117","8.37134"
"125.60000","2.09286","8.37169"
"125.70000","2.09464","8.36898"
"125.80000","2.09638","8.36659"
"125.90000","2.09806","8.36289"
"126.00000","2.09974","8.36133"
"126.10000","2.10141","8.35937"
"126.20000","2.10311","8.35743"
"126.30000","2.10475","8.35374"
"126.40000","2.10640","8.35018"
"126.50000","2.10806","8.34730"
"126.60000","2.10970","8.34415"
"126.70000","2.11131","8.34039"
"126.80000","2.11287","8.33553"
"126.90000","2.11448","8.33323"
"127.00000","2.11616","8.33097"
"127.10000","2.11781","8.32601"
"127.20000","2.11949","8.32346"
"127.30000","2.12120","8.32487"
"127.40000","2.12293","8.31994"
"127.50000","2.12449","8.31516"
"127.60000","2.12630","8.31771"
"127.70000","2.12812","8.31619"
"127.80000","2.12977","8.30923"
"127.90000","2.13138","8.30538"
"128.00000","2.13307","8.30397"
"128.10000","2.13470","8.29998"
"128.20000","2.13636","8.29613"
"128.30000","2.13804","8.29364"
"128.40000","2.13971","8.29061"
"128.50000","2.14133","8.28647"
"128.60000","2.14295","8.28291"
"128.70000","2.14464","8.28111"
"128.80000","2.14634","8.27779"
"128.90000","2.14786","8.26957"
"129.00000","2.14953","8.26887"
"129.10000","2.15128","8.26720"
"129.20000","2.15303","8.26340"
"129.30000","2.15467","8.25844"
"129.40000","2.15630","8.25661"
"129.50000","2.15801","8.25675"
"129.60000","2.15966","8.25344"
"129.70000","2.16130","8.25067"
"129.80000","2.16295","8.24836"
"129.90000","2.16459","8.24639"
"130.00000","2.16631","8.24399"
"130.10000","2.16794","8.23814"
"130.20000","2.16955","8.23159"
"130.30000","2.17125","8.20218"
"130.40000","2.17293","8.13178"
"130.50000","2.17459","8.14279"
"130.60000","2.17630","8.15181"
"130.70000","2.17801","8.15441"
"130.80000","2.17967","8.15190"
"130.90000","2.18137","8.15121"
"131.00000","2.18306","8.14832"
"131.10000","2.18471","8.14620"
"131.20000","2.18643","8.14949"
"131.30000","2.18803","8.14179"
"131.40000","2.18958","8.13919"
"131.50000","2.19119","8.13784"
"131.60000","2.19286","8.13626"
"131.70000","2.19453","8.13302"
"131.80000","2.19620","8.13134"
"131.90000","2.19790","8.12949"
"132.00000","2.19959","8.12785"
"132.10000","2.20128","8.12591"
"132.20000","2.20289","8.12435"
"132.30000","2.20471","8.12481"
"132.40000","2.20648","8.12031"
"132.50000","2.20815","8.11746"
"132.60000","2.20981","8.11586"
"132.70000","2.21151","8.11546"
"132.80000","2.21306","8.10996"
"132.90000","2.21464","8.10899"
"133.00000","2.21621","8.10579"
"133.10000","2.21784","8.10472"
"133.20000","2.21950","8.10279"
"133.30000","2.22116","8.09898"
"133.40000","2.22281","8.09694"
"133.50000","2.22447","8.09536"
"133.60000","2.22615","8.09453"
"133.70000","2.22785","8.09276"
"133.80000","2.22957","8.09075"
"133.90000","2.23119","8.08716"
"134.00000","2.23296","8.08954"
"134.10000","2.23476","8.08909"
"134.20000","2.23650","8.08554"
"134.30000","2.23818","8.08324"
"134.40000","2.23986","8.08202"
"134.50000","2.24148","8.07906"
"134.60000","2.24314","8.07782"
"134.70000","2.24473","8.07309"
"134.80000","2.24625","8.06839"
"134.90000","2.24782","8.06745"
"135.00000","2.24949","8.06804"
"135.10000","2.25121","8.06385"
"135.20000","2.25282","8.05986"
"135.30000","2.25448","8.06033"
"135.40000","2.25618","8.06018"
"135.50000","2.25788","8.05810"
"135.60000","2.25959","8.05682"
"135.70000","2.26132","8.05550"
"135.80000","2.26306","8.05386"
"135.90000","2.26475","8.05145"
"136.00000","2.26645","8.05011"
"136.10000","2.26812","8.04807"
"136.20000","2.26975","8.04523"
"136.30000","2.27137","8.04255"
"136.40000","2.27302","8.04071"
"136.50000","2.27471","8.03826"
"136.60000","2.27636","8.03377"
"136.70000","2.27796","8.02995"
"136.80000","2.27951","8.02661"
"136.90000","2.28114","8.02511"
"137.00000","2.28287","8.02779"
"137.10000","2.28442","8.01710"
"137.20000","2.28609","8.01812"
"137.30000","2.28797","8.02078"
"137.40000","2.28974","8.01636"
"137.50000","2.29140","8.01159"
"137.60000","2.29301","8.00974"
"137.70000","2.29472","8.01052"
"137.80000","2.29641","8.00621"
"137.90000","2.29803","7.99835"
"138.00000","2.29970","7.93947"
"138.10000","2.30136","7.89959"
"138.20000","2.30298","7.90643"
"138.30000","2.30460","7.91576"
"138.40000","2.30626","7.92206"
"138.50000","2.30797","7.91969"
"138.60000","2.30971","7.91158"
"138.70000","2.31135","7.90371"
"138.80000","2.31296","7.90368"
"138.90000","2.31457","7.90336"
"139.00000","2.31623","7.90595"
"139.10000","2.31797","7.90516"
"139.20000","2.31963","7.90025"
"139.30000","2.32131","7.90149"
"139.40000","2.32298","7.90254"
"139.50000","2.32457","7.90126"
"139.60000","2.32615","7.90096"
"139.70000","2.32788","7.90106"
"139.80000","2.32955","7.89659"
"139.90000","2.33120","7.89406"
"140.00000","2.33288","7.89292"
"140.10000","2.33454","7.89078"
"140.20000","2.33625","7.88875"
"140.30000","2.33797","7.88619"
"140.40000","2.33968","7.88397"
"140.50000","2.34134","7.88184"
"140.60000","2.34311","7.88058"
"140.70000","2.34478","7.87509"
"140.80000","2.34639","7.87312"
"140.90000","2.34802","7.87350"
"141.00000","2.34968","7.87582"
"141.10000","2.35140","7.87305"
"141.20000","2.35294","7.86620"
"141.30000","2.35450","7.86362"
"141.40000","2.35617","7.86430"
"141.50000","2.35786","7.86241"
"141.60000","2.35953","7.85942"
"141.70000","2.36119","7.85664"
"141.80000","2.36288","7.85535"
"141.90000","2.36457","7.85289"
"142.00000","2.36622","7.84931"
"142.10000","2.36799","7.84853"
"142.20000","2.36980","7.84812"
"142.30000","2.37150","7.84337"
"142.40000","2.37313","7.84113"
"142.50000","2.37479","7.84196"
"142.60000","2.37642","7.84083"
"142.70000","2.37803","7.83779"
"142.80000","2.37965","7.83359"
"142.90000","2.38120","7.82775"
"143.00000","2.38280","7.82659"
"143.10000","2.38451","7.82271"
"143.20000","2.38615","7.81636"
"143.30000","2.38780","7.81413"
"143.40000","2.38946","7.81201"
"143.50000","2.39117","7.81137"
"143.60000","2.39286","7.81028"
"143.70000","2.39455","7.80926"
"143.80000","2.39623","7.80769"
"143.90000","2.39800","7.80744"
"144.00000","2.39981","7.80411"
"144.10000","2.40156","7.80043"
"144.20000","2.40321","7.79554"
"144.30000","2.40480","7.79370"
"144.40000","2.40646","7.79559"
"144.50000","2.40806","7.79351"
"144.60000","2.40974","7.79123"
"144.70000","2.41135","7.78611"
"144.80000","2.41288","7.77901"
"144.90000","2.41452","7.77737"
"145.00000","2.41619","7.77562"
"145.10000","2.41782","7.77198"
"145.20000","2.41950","7.76914"
"145.30000","2.42117","7.76664"
"145.40000","2.42294","7.76749"
"145.50000","2.42470","7.76566"
"145.60000","2.42640","7.76361"
"145.70000","2.42805","7.76096"
"145.80000","2.42970","7.75946"
"145.90000","2.43143","7.74680"
"146.00000","2.43307","7.63556"
"146.10000","2.43471","7.65478"
"146.20000","2.43636","7.66768"
"146.30000","2.43806","7.67034"
"146.40000","2.43970","7.66718"
"146.50000","2.44137","7.66669"
"146.60000","2.44300","7.66453"
"146.70000","2.44461","7.66217"
"146.80000","2.44618","7.66037"
"146.90000","2.44786","7.66047"
"147.00000","2.44946","7.65593"
"147.10000","2.45120","7.65951"
"147.20000","2.45298","7.65732"
"147.30000","2.45472","7.65590"
"147.40000","2.45640","7.65542"
"147.50000","2.45806","7.65531"
"147.60000","2.45971","7.65568"
"147.70000","2.46133","7.65239"
"147.80000","2.46294","7.65011"
"147.90000","2.46459","7.64861"
"148.00000","2.46630","7.64718"
"148.10000","2.46802","7.64506"
"148.20000","2.46971","7.64394"
"148.30000","2.47135","7.64296"
"148.40000","2.47304","7.64303"
"148.50000","2.47472","7.64149"
"148.60000","2.47636","7.63918"
"148.70000","2.47805","7.63892"
"148.80000","2.47964","7.63521"
"148.90000","2.48128","7.63451"
"149.00000","2.48296","7.63370"
"149.10000","2.48469","7.63278"
"149.20000","2.48635","7.62931"
"149.30000","2.48798","7.62857"
"149.40000","2.48955","7.62694"
"149.50000","2.49118","7.62775"
"149.60000","2.49288","7.62528"
"149.70000","2.49452","7.62092"
"149.80000","2.49620","7.62109"
"149.90000","2.49790","7.62102"
"150.00000","2.49958","7.61855"
"150.10000","2.50125","7.61762"
"150.20000","2.50297","7.61634"
"150.30000","2.50460","7.61296"
"150.40000","2.50638","7.61478"
"150.50000","2.50823","7.61115"
"150.60000","2.50989","7.60731"
"150.70000","2.51143","7.60692"
"150.80000","2.51303","7.60818"
"150.90000","2.51469","7.60566"
"151.00000","2.51632","7.60130"
"151.10000","2.51790","7.59830"
"151.20000","2.51949","7.59778"
"151.30000","2.52118","7.59776"
"151.40000","2.52285","7.59331"
"151.50000","2.52449","7.59086"
"151.60000","2.52614","7.59047"
"151.70000","2.52787","7.58970"
"151.80000","2.52955","7.58746"
"151.90000","2.53136","7.58901"
"152.00000","2.53312","7.58761"
"152.10000","2.53478","7.58604"
"152.20000","2.53644","7.58661"
"152.30000","2.53820","7.58579"
"152.40000","2.53984","7.58115"
"152.50000","2.54142","7.57961"
"152.60000","2.54308","7.58067"
"152.70000","2.54467","7.57632"
"152.80000","2.54622","7.57384"
"152.90000","2.54785","7.57437"
"153.00000","2.54951","7.57177"
"153.10000","2.55117","7.57005"
"153.20000","2.55284","7.56488"
"153.30000","2.55451","7.38987"
"153.40000","2.55620","7.38865"
"153.50000","2.55789","7.42394"
"153.60000","2.55949","7.44926"
"153.70000","2.56121","7.46502"
"153.80000","2.56302","7.46363"
"153.90000","2.56483","7.46252"
"154.00000","2.56649","7.46766"
"154.10000","2.56814","7.47109"
"154.20000","2.56983","7.47406"
"154.30000","2.57145","7.47279"
"154.40000","2.57302","7.47258"
"154.50000","2.57464","7.47337"
"154.60000","2.57633","7.47333"
"154.70000","2.57795","7.47005"
"154.80000","2.57952","7.46838"
"154.90000","2.58115","7.46806"
"155.00000","2.58273","7.46500"
"155.10000","2.58445","7.46851"
"155.20000","2.58627","7.46605"
"155.30000","2.58792","7.46231"
"155.40000","2.58959","7.46423"
"155.50000","2.59130","7.46628"
"155.60000","2.59307","7.46547"
"155.70000","2.59472","7.46191"
"155.80000","2.59632","7.46209"
"155.90000","2.59795","7.46210"
"156.00000","2.59967","7.45894"
"156.10000","2.60135","7.45459"
"156.20000","2.60303","7.45486"
"156.30000","2.60468","7.45338"
"156.40000","2.60635","7.45410"
"156.50000","2.60801","7.45395"
"156.60000","2.60970","7.45186"
"156.70000","2.61132","7.44849"
"156.80000","2.61290","7.44592"
"156.90000","2.61447","7.44487"
"157.00000","2.61621","7.44545"
"157.10000","2.61799","7.44217"
"157.20000","2.61972","7.44171"
"157.30000","2.62139","7.44169"
"157.40000","2.62303","7.44189"
"157.50000","2.62462","7.44067"
"157.60000","2.62624","7.43689"
"157.70000","2.62785","7.43475"
"157.80000","2.62953","7.43578"
"157.90000","2.63120","7.43437"
"158.00000","2.63285","7.43298"
"158.10000","2.63458","7.43459"
"158.20000","2.63635","7.43607"
"158.30000","2.63800","7.43361"
"158.40000","2.63965","7.43373"
"158.50000","2.64146","7.43280"
"158.60000","2.64317","7.42617"
"158.70000","2.64473","7.42178"
"158.80000","2.64630","7.42241"
"158.90000","2.64791","7.42081"
"159.00000","2.64958","7.41764"
"159.10000","2.65123","7.41562"
"159.20000","2.65286","7.41505"
"159.30000","2.65451","7.41489"
"159.40000","2.65619","7.41638"
"159.50000","2.65784","7.40956"
"159.60000","2.65948","7.41193"
"159.70000","2.66118","7.41128"
"159.80000","2.66288","7.40975"
"159.90000","2.66457","7.40662"
"160.00000","2.66627","7.40469"
"160.10000","2.66789","7.40143"
"160.20000","2.66964","7.40243"
"160.30000","2.67148","7.39820"
"160.40000","2.67317","7.39307"
"160.50000","2.67483","7.39296"
"160.60000","2.67649","7.39186"
"160.70000","2.67807","7.38807"
"160.80000","2.67963","7.38464"
"160.90000","2.68120","7.34777"
"161.00000","2.68282","7.26883"
"161.10000","2.68449","7.28789"
"161.20000","2.68616","7.29631"
"161.30000","2.68787","7.29455"
"161.40000","2.68950","7.29166"
"161.50000","2.69109","7.29529"
"161.60000","2.69283","7.29664"
"161.70000","2.69456","7.29572"
"161.80000","2.69636","7.29627"
"161.90000","2.69815","7.29722"
"162.00000","2.69984","7.29706"
"162.10000","2.70139","7.29649"
"162.20000","2.70306","7.29990"
"162.30000","2.70479","7.29822"
"162.40000","2.70645","7.29551"
"162.50000","2.70807","7.29616"
"162.60000","2.70967","7.29664"
"162.70000","2.71124","7.29591"
"162.80000","2.71283","7.29748"
"162.90000","2.71450","7.29563"
"163.00000","2.71616","7.29446"
"163.10000","2.71786","7.29422"
"163.20000","2.71952","7.29258"
"163.30000","2.72117","7.29372"
"163.40000","2.72285","7.29379"
"163.50000","2.72455","7.29365"
"163.60000","2.72631","7.29338"
"163.70000","2.72811","7.29311"
"163.80000","2.72979","7.29198"
"163.90000","2.73144","7.29362"
"164.00000","2.73311","7.29391"
"164.10000","2.73476","7.29344"
"164.20000","2.73638","7.29326"
"164.30000","2.73802","7.29131"
"164.40000","2.73970","7.29090"
"164.50000","2.74138","7.28885"
"164.60000","2.74301","7.28607"
"164.70000","2.74464","7.28661"
"164.80000","2.74627","7.28467"
"164.90000","2.74780","7.28252"
"165.00000","2.74956","7.28573"
"165.10000","2.75135","7.28317"
"165.20000","2.75302","7.28003"
"165.30000","2.75465","7.28274"
"165.40000","2.75635","7.28422"
"165.50000","2.75801","7.28100"
"165.60000","2.75966","7.28009"
"165.70000","2.76127","7.27945"
"165.80000","2.76288","7.27872"
"165.90000","2.76458","7.27935"
"166.00000","2.76625","7.27671"
"166.10000","2.76790","7.27955"
"166.20000","2.76967","7.27519"
"166.30000","2.77134","7.27479"
"166.40000","2.77299","7.27510"
"166.50000","2.77468","7.27489"
"166.60000","2.77634","7.27126"
"166.70000","2.77795","7.26944"
"166.80000","2.77954","7.26952"
"166.90000","2.78124","7.26977"
"167.00000","2.78299","7.26861"
"167.10000","2.78474","7.26690"
"167.20000","2.78643","7.27081"
"167.30000","2.78806","7.26497"
"167.40000","2.78961","7.26650"
"167.50000","2.79122","7.26740"
"167.60000","2.79282","7.26622"
"167.70000","2.79446","7.26353"
"167.80000","2.79621","7.18171"
"167.90000","2.79797","7.16464"
"168.00000","2.79967","7.17418"
"168.10000","2.80138","7.17664"
"168.20000","2.80303","7.17165"
"168.30000","2.80478","7.17754"
"168.40000","2.80649","7.17793"
"168.50000","2.80811","7.17622"
"168.60000","2.80978","7.17811"
"168.70000","2.81143","7.17518"
"168.80000","2.81301","7.17529"
"168.90000","2.81461","7.17523"
"169.00000","2.81621","7.17381"
"169.10000","2.81784","7.17451"
"169.20000","2.81956","7.17136"
"169.30000","2.82118","7.17187"
"169.40000","2.82282","7.17418"
"169.50000","2.82445","7.17296"
"169.60000","2.82612","7.17166"
"169.70000","2.82783","7.17163"
"169.80000","2.82957","7.17139"
"169.90000","2.83120","7.16917"
"170.00000","2.83297","7.17257"
"170.10000","2.83492","7.17291"
"170.20000","2.83660","7.16782"
"170.30000","2.83812","7.16998"
"170.40000","2.83980","7.17303"
"170.50000","2.84149","7.16601"
"170.60000","2.84309","7.16295"
"170.70000","2.84469","7.16412"
"170.80000","2.84626","7.16305"
"170.90000","2.84782","7.16257"
"171.00000","2.84950","7.16221"
"171.10000","2.85122","7.15885"
"171.20000","2.85285","7.15870"
"171.30000","2.85449","7.15983"
"171.40000","2.85620","7.15873"
"171.50000","2.85786","7.15367"
"171.60000","2.85959","7.15469"
"171.70000","2.86139","7.15513"
"171.80000","2.86310","7.15312"
"171.90000","2.86476","7.15377"
"172.00000","2.86644","7.15214"
"172.10000","2.86810","7.14779"
"172.20000","2.86972","7.14411"
"172.30000","2.87139","7.14288"
"172.40000","2.87305","7.13995"
"172.50000","2.87470","7.13988"
"172.60000","2.87635","7.13955"
"172.70000","2.87792","7.13894"
"172.80000","2.87952","7.14122"
"172.90000","2.88116","7.13174"
"173.00000","2.88280","7.13199"
"173.10000","2.88439","7.12866"
"173.20000","2.88613","7.13115"
"173.30000","2.88797","7.12959"
"173.40000","2.88975","7.12864"
"173.50000","2.89139","7.12718"
"173.60000","2.89305","7.12679"
"173.70000","2.89473","7.12492"
"173.80000","2.89636","7.12302"
"173.90000","2.89804","7.12092"
"174.00000","2.89970","7.11779"
"174.10000","2.90136","7.11840"
"174.20000","2.90303","7.11588"
"174.30000","2.90468","7.11138"
"174.40000","2.90635","7.10788"
"174.50000","2.90802","7.10734"
"174.60000","2.90968","7.10432"
"174.70000","2.91127","7.10130"
"174.80000","2.91285","7.10213"
"174.90000","2.91453","7.10253"
"175.00000","2.91626","7.10087"
"175.10000","2.91792","7.10140"
"175.20000","2.91962","7.09819"
"175.30000","2.92128","7.09348"
"175.40000","2.92290","7.09230"
"175.50000","2.92453","7.09195"
"175.60000","2.92619","7.08714"
"175.70000","2.92786","7.08582"
"175.80000","2.92951","7.08619"
"175.90000","2.93119","7.08432"
"176.00000","2.93290","7.08286"
"176.10000","2.93459","7.08193"
"176.20000","2.93624","7.08536"
"176.30000","2.93802","7.08069"
"176.40000","2.93973","7.07796"
"176.50000","2.94134","7.07741"
"176.60000","2.94312","7.07602"
"176.70000","2.94474","7.07302"
"176.80000","2.94638","7.07461"
"176.90000","2.94807","7.07441"
"177.00000","2.94970","7.07459"
"177.10000","2.95132","7.06939"
"177.20000","2.95296","6.98220"
"177.30000","2.95455","6.96341"
"177.40000","2.95619","6.97527"
"177.50000","2.95787","6.97361"
"177.60000","2.95952","6.97520"
"177.70000","2.96121","6.97099"
"177.80000","2.96283","6.97607"
"177.90000","2.96455","6.97925"
"178.00000","2.96624","6.97885"
"178.10000","2.96804","6.98178"
"178.20000","2.96983","6.98039"
"178.30000","2.97148","6.98034"
"178.40000","2.97312","6.98260"
"178.50000","2.97477","6.98150"
"178.60000","2.97637","6.98010"
"178.70000","2.97796","6.98122"
"178.80000","2.97957","6.98100"
"178.90000","2.98120","6.98204"
"179.00000","2.98282","6.98243"
"179.10000","2.98454","6.98575"
"179.20000","2.98618","6.98293"
"179.30000","2.98782","6.98684"
"179.40000","2.98951","6.98760"
"179.50000","2.99117","6.98481"
"179.60000","2.99285","6.98612"
"179.70000","2.99455","6.98532"
"179.80000","2.99623","6.98692"
"179.90000","2.99806","6.98857"
"180.00000","2.99988","6.98662"
"180.10000","3.00156","6.98893"
"180.20000","3.00314","6.99086"
"180.30000","3.00483","6.99250"
"180.40000","3.00649","6.98897"
"180.50000","3.00806","6.98950"
"180.60000","3.00968","6.99032"
"180.70000","3.01128","6.98811"
"180.80000","3.01287","6.98760"
"180.90000","3.01458","6.98832"
"181.00000","3.01620","6.98667"
"181.10000","3.01783","6.99084"
"181.20000","3.01950","6.99165"
"181.30000","3.02119","6.99366"
"181.40000","3.02293","6.99350"
"181.50000","3.02462","6.99400"
"181.60000","3.02634","6.99471"
"181.70000","3.02809","6.99328"
"181.80000","3.02978","6.99404"
"181.90000","3.03144","6.99467"
"182.00000","3.03305","6.99512"
"182.10000","3.03471","6.99632"
"182.20000","3.03640","6.99541"
"182.30000","3.03803","6.99397"
"182.40000","3.03967","6.99638"
"182.50000","3.04136","6.99708"
"182.60000","3.04302","6.99416"
"182.70000","3.04463","6.99280"
"182.80000","3.04620","6.99279"
"182.90000","3.04782","6.99396"
"183.00000","3.04948","6.99150"
"183.10000","3.05122","6.96383"
"183.20000","3.05300","6.89218"
"183.30000","3.05466","6.89935"
"183.40000","3.05640","6.89546"
"183.50000","3.05808","6.89463"
"183.60000","3.05970","6.89829"
"183.70000","3.06134","6.89942"
"183.80000","3.06297","6.90417"
"183.90000","3.06465","6.90749"
"184.00000","3.06635","6.90635"
"184.10000","3.06805","6.90892"
"184.20000","3.06973","6.90627"
"184.30000","3.07132","6.90941"
"184.40000","3.07300","6.91024"
"184.50000","3.07475","6.90865"
"184.60000","3.07635","6.90846"
"184.70000","3.07802","6.91158"
"184.80000","3.07969","6.91168"
"184.90000","3.08134","6.91281"
"185.00000","3.08299","6.91119"
"185.10000","3.08472","6.91421"
"185.20000","3.08633","6.91185"
"185.30000","3.08794","6.91526"
"185.40000","3.08957","6.91333"
"185.50000","3.09121","6.91428"
"185.60000","3.09286","6.91294"
"185.70000","3.09453","6.91239"
"185.80000","3.09620","6.91486"
"185.90000","3.09792","6.91534"
"186.00000","3.09957","6.91430"
"186.10000","3.10123","6.91481"
"186.20000","3.10297","6.91355"
"186.30000","3.10459","6.91310"
"186.40000","3.10642","6.91408"
"186.50000","3.10830","6.90956"
"186.60000","3.10981","6.90732"
"186.70000","3.11135","6.91131"
"186.80000","3.11307","6.91140"
"186.90000","3.11470","6.90756"
"187.00000","3.11628","6.90790"
"187.10000","3.11791","6.90852"
"187.20000","3.11948","6.90754"
"187.30000","3.12114","6.90772"
"187.40000","3.12286","6.90597"
"187.50000","3.12454","6.90356"
"187.60000","3.12617","6.90341"
"187.70000","3.12786","6.90510"
"187.80000","3.12955","6.90573"
"187.90000","3.13135","6.90620"
"188.00000","3.13309","6.90591"
"188.10000","3.13479","6.90593"
"188.20000","3.13648","6.90691"
"188.27300","3.13772","6.65197"
"188.28000","3.13784","6.35989"
"188.28600","3.13795","6.10414"
"188.29300","3.13807","5.83867"
"188.30200","3.13822","5.57837"
"188.31900","3.13851","5.32806"
"188.41900","3.14013","5.31787"
"188.51900","3.14173","5.31890"
"188.61900","3.14334","5.33835"
"188.71900","3.14492","5.35766"
"188.81900","3.14651","5.38206"
"188.91900","3.14816","5.41179"
"189.01900","3.14980","5.43833"
"189.11900","3.15150","5.46721"
"189.21900","3.15314","5.49038"
"189.31900","3.15486","5.51471"
"189.41900","3.15653","5.53185"
"189.51900","3.15818","5.53393"
"189.61900","3.15979","5.52878"
"189.71900","3.16157","5.53016"
"189.81900","3.16340","5.53190"
"189.91900","3.16516","5.53322"
"190.01900","3.16679","5.53676"
"190.11900","3.16852","5.54196"
"190.21900","3.17013","5.54111"
"190.31900","3.17167","5.54515"
"190.41900","3.17335","5.55005"
"190.51900","3.17501","5.54948"
"190.61900","3.17667","5.55054"
"190.71900","3.17827","5.54915"
"190.81900","3.17982","5.55003"
"190.91900","3.18146","5.55338"
"191.01900","3.18304","5.55205"
"191.11900","3.18484","5.55898"
"191.21900","3.18658","5.55777"
"191.31900","3.18822","5.56102"
"191.41900","3.18991","5.56451"
"191.51900","3.19161","5.56568"
"191.61900","3.19332","5.56782"
"191.71900","3.19501","5.56864"
"191.81900","3.19664","5.56979"
"191.91900","3.19831","5.57220"
"192.01900","3.20004","5.57424"
"192.11900","3.20165","5.57451"
"192.21900","3.20330","5.57820"
"192.31900","3.20498","5.58082"
"192.41900","3.20666","5.58167"
"192.51900","3.20830","5.57554"
"192.61900","3.20989","5.56567"
"192.71900","3.21156","5.56296"
"192.81900","3.21315","5.55982"
"192.91900","3.21480","5.56171"
"193.01900","3.21656","5.56357"
"193.11900","3.21826","5.56457"
"193.21900","3.22000","5.56766"
"193.31900","3.22169","5.56875"
"193.41900","3.22334","5.57201"
"193.51900","3.22498","5.57447"
"193.61900","3.22658","5.57472"
"193.71900","3.22816","5.57627"
"193.81900","3.22986","5.57921"
"193.91900","3.23156","5.57945"
"194.01900","3.23318","5.58049"
"194.11900","3.23489","5.58317"
"194.21900","3.23668","5.58685"
"194.31900","3.23833","5.58342"
"194.41900","3.23999","5.58796"
"194.51900","3.24182","5.58983"
"194.61900","3.24349","5.58954"
"194.71900","3.24503","5.59126"
"194.81900","3.24659","5.59267"
"194.91900","3.24822","5.59516"
"195.01900","3.24990","5.59692"
"195.11900","3.25154","5.59653"
"195.21900","3.25318","5.59763"
"195.31900","3.25481","5.59821"
"195.41900","3.25647","5.59906"
"195.51900","3.25815","5.60161"
"195.61900","3.25983","5.60341"
"195.71900","3.26150","5.60539"
"195.81900","3.26319","5.60671"
"195.91900","3.26490","5.60872"
"196.01900","3.26658","5.60987"
"196.11900","3.26824","5.61212"
"196.21900","3.27009","5.61281"
"196.31900","3.27183","5.61197"
"196.41900","3.27348","5.61142"
"196.51900","3.27516","5.60808"
"196.61900","3.27680","5.56304"
"196.71900","3.27835","5.54794"
"196.81900","3.27987","5.54963"
"196.91900","3.28150","5.55132"
"197.01900","3.28317","5.55149"
"197.11900","3.28484","5.55302"
"197.21900","3.28648","5.55413"
"197.31900","3.28813","5.55741"
"197.41900","3.28980","5.55777"
"197.51900","3.29148","5.56071"
"197.61900","3.29318","5.56081"
"197.71900","3.29488","5.56514"
"197.81900","3.29665","5.56687"
"197.91900","3.29844","5.56998"
"198.01900","3.30022","5.57286"
"198.11900","3.30182","5.57362"
"198.21900","3.30340","5.57809"
"198.31900","3.30507","5.57918"
"198.41900","3.30672","5.57910"
"198.51900","3.30834","5.58098"
"198.61900","3.30997","5.58084"
"198.71900","3.31152","5.58075"
"198.81900","3.31309","5.58344"
"198.91900","3.31479","5.58468"
"199.01900","3.31649","5.58599"
"199.11900","3.31816","5.58716"
"199.21900","3.31983","5.58978"
"199.31900","3.32151","5.59124"
"199.41900","3.32318","5.59152"
"199.51900","3.32487","5.59310"
"199.61900","3.32665","5.59392"
"199.71900","3.32843","5.59442"
"199.81900","3.33006","5.59542"
"199.91900","3.33174","5.59841"
"200.01900","3.33343","5.60144"
"200.11900","3.33511","5.60199"
"200.21900","3.33670","5.60381"
"200.31900","3.33832","5.60614"
"200.41900","3.34002","5.60843"
"200.51900","3.34168","5.60830"
"200.61900","3.34326","5.60745"
"200.71900","3.34484","5.60738"
"200.81900","3.34652","5.59267"
"200.91900","3.34818","5.57806"
"201.01900","3.34998","5.57563"
"201.11900","3.35166","5.57333"
"201.21900","3.35324","5.57406"
"201.31900","3.35487","5.57591"
"201.41900","3.35664","5.57653"
"201.51900","3.35832","5.57672"
"201.61900","3.35997","5.57744"
"201.71900","3.36161","5.57821"
"201.81900","3.36321","5.57864"
"201.91900","3.36486","5.57959"
"202.01900","3.36666","5.58351"
"202.11900","3.36837","5.58371"
"202.21900","3.36994","5.58432"
"202.31900","3.37156","5.58482"
"202.41900","3.37323","5.58645"
"202.51900","3.37493","5.58687"
"202.61900","3.37660","5.58807"
"202.71900","3.37826","5.58909"
"202.81900","3.37988","5.59013"
"202.91900","3.38157","5.59225"
"203.01900","3.38335","5.59269"
"203.11900","3.38504","5.59348"
"203.21900","3.38668","5.59402"
"203.31900","3.38828","5.59432"
"203.41900","3.38989","5.59518"
"203.51900","3.39153","5.59507"
"203.61900","3.39317","5.59618"
"203.71900","3.39485","5.59782"
"203.81900","3.39664","5.60024"
"203.91900","3.39832","5.59212"
"204.01900","3.39995","5.57656"
"204.11900","3.40161","5.58198"
"204.21900","3.40330","5.59828"
"204.31900","3.40511","5.60271"
"204.41900","3.40680","5.59245"
"204.51900","3.40848","5.59370"
"204.61900","3.41014","5.58968"
"204.71900","3.41173","5.59400"
"204.81900","3.41332","5.59051"
"204.91900","3.41496","5.59370"
"205.01900","3.41651","5.59811"
"205.11900","3.41814","5.60299"
"205.21900","3.41983","5.60566"
"205.31900","3.42152","5.60647"
"205.41900","3.42315","5.60501"
"205.51900","3.42479","5.60358"
"205.61900","3.42647","5.60274"
"205.71900","3.42819","5.60217"
"205.81900","3.42991","5.60298"
"205.91900","3.43151","5.60424"
"206.01900","3.43329","5.60763"
"206.11900","3.43516","5.60993"
"206.21900","3.43689","5.60926"
"206.31900","3.43851","5.60772"
"206.41900","3.44016","5.60655"
"206.51900","3.44178","5.60255"
"206.61900","3.44338","5.59867"
"206.71900","3.44495","5.54993"
"206.81900","3.44650","5.51732"
"206.91900","3.44815","5.51940"
"207.01900","3.44987","5.52056"
"207.11900","3.45149","5.52162"
"207.21900","3.45314","5.52765"
"207.31900","3.45486","5.52781"
"207.41900","3.45651","5.52909"
"207.51900","3.45815","5.53030"
"207.61900","3.45989","5.53293"
"207.71900","3.46160","5.53091"
"207.74000","3.46196","5.53461"
