General : Start date,9/2/2020,
General : End date,9/2/2020,
General : Unique identifier,{D53533DE-7089-4E87-9C1B-B1FEC108589D},
Specimen notes : Length, D1, D2
Specimen notes : Genotype and WR,1321 P3 W1 1,
Break (Standard) : Load at Break (Standard),9.19981,N
Maximum Load : Maximum Load,17.54173,N
,,
Time,Extension,Load
(s),(mm),(N)
0,0,0.58114
0.1,0.0001,0.58283
0.2,0.00037,0.58905
0.3,0.00262,0.64421
0.4,0.00531,0.70439
0.5,0.00741,0.74758
0.6,0.00922,0.78339
0.7,0.01089,0.8153
0.8,0.01256,0.84751
0.9,0.01423,0.87943
1,0.01592,0.91116
1.1,0.01765,0.94204
1.2,0.01927,0.97194
1.3,0.02102,1.00327
1.4,0.02286,1.03882
1.5,0.02461,1.07073
1.6,0.02612,1.09578
1.7,0.02794,1.12968
1.8,0.02989,1.16554
1.9,0.03155,1.19404
2,0.03319,1.22278
2.1,0.03497,1.25536
2.2,0.03664,1.28393
2.3,0.03817,1.30968
2.4,0.03982,1.33851
2.5,0.04153,1.36965
2.6,0.04324,1.39985
2.7,0.04491,1.42826
2.8,0.04652,1.45443
2.9,0.04807,1.48045
3,0.04972,1.50976
3.1,0.05139,1.53872
3.2,0.05303,1.56678
3.3,0.05475,1.59717
3.4,0.05648,1.62698
3.5,0.05801,1.65184
3.6,0.0598,1.68409
3.7,0.06151,1.71272
3.8,0.06316,1.7398
3.9,0.06483,1.76746
4,0.06658,1.79718
4.1,0.06821,1.82375
4.2,0.0697,1.84707
4.3,0.07123,1.87232
4.4,0.07283,1.89935
4.5,0.0745,1.92762
4.6,0.07613,1.95409
4.7,0.07778,1.98199
4.8,0.07946,2.00913
4.9,0.08101,2.03379
5,0.08279,2.06458
5.1,0.08454,2.09313
5.2,0.08622,2.12008
5.3,0.08795,2.14856
5.4,0.08975,2.17838
5.5,0.09141,2.20393
5.6,0.09304,2.22974
5.7,0.09472,2.25588
5.8,0.09635,2.28095
5.9,0.098,2.30726
6,0.09965,2.33335
6.1,0.10137,2.3615
6.2,0.10306,2.38872
6.3,0.10471,2.41523
6.4,0.1064,2.44242
6.5,0.10801,2.46757
6.6,0.10965,2.49343
6.7,0.1113,2.52012
6.8,0.11295,2.54645
6.9,0.1148,2.57854
7,0.11657,2.60758
7.1,0.11817,2.62992
7.2,0.11974,2.65413
7.3,0.12136,2.67857
7.4,0.12306,2.70631
7.5,0.12474,2.73303
7.6,0.12635,2.75638
7.7,0.12794,2.7802
7.8,0.12952,2.80435
7.9,0.13123,2.83224
8,0.13294,2.85979
8.1,0.13463,2.88713
8.2,0.13616,2.90854
8.3,0.13785,2.93611
8.4,0.1396,2.96553
8.5,0.14133,2.99388
8.6,0.14302,3.0205
8.7,0.14472,3.04817
8.8,0.14638,3.07371
8.9,0.14802,3.09845
9,0.14969,3.12439
9.1,0.15136,3.15009
9.2,0.15297,3.17439
9.3,0.15459,3.19921
9.4,0.15622,3.22393
9.5,0.15795,3.25229
9.6,0.15972,3.28104
9.7,0.16139,3.30681
9.8,0.16301,3.32984
9.9,0.16463,3.35414
10,0.16629,3.38033
10.1,0.16807,3.40852
10.2,0.16978,3.43648
10.3,0.17144,3.46204
10.4,0.17318,3.48995
10.5,0.17481,3.51504
10.6,0.17644,3.54055
10.7,0.17811,3.56682
10.8,0.17971,3.59061
10.9,0.18133,3.61511
11,0.18295,3.64042
11.1,0.1846,3.66755
11.2,0.18626,3.69249
11.3,0.18789,3.71743
11.4,0.18951,3.74233
11.5,0.19118,3.76914
11.6,0.19292,3.7972
11.7,0.19465,3.82419
11.8,0.19629,3.8493
11.9,0.19789,3.87302
12,0.19953,3.89685
12.1,0.20121,3.92337
12.2,0.20286,3.94832
12.3,0.20445,3.97247
12.4,0.20608,3.99794
12.5,0.2077,4.02271
12.6,0.20936,4.0498
12.7,0.21105,4.0759
12.8,0.21271,4.10258
12.9,0.21444,4.13037
13,0.21624,4.16126
13.1,0.21791,4.18806
13.2,0.2196,4.21342
13.3,0.22133,4.24082
13.4,0.22307,4.26949
13.5,0.22482,4.29703
13.6,0.22658,4.325
13.7,0.22826,4.34958
13.8,0.22989,4.3736
13.9,0.23151,4.39664
14,0.23312,4.41981
14.1,0.23469,4.44253
14.2,0.23625,4.46506
14.3,0.2378,4.48822
14.4,0.23941,4.51341
14.5,0.24105,4.53954
14.6,0.24271,4.56718
14.7,0.24441,4.59609
14.8,0.24612,4.6255
14.9,0.248,4.6599
15,0.24974,4.68904
15.1,0.25137,4.71461
15.2,0.25305,4.7413
15.3,0.25473,4.76872
15.4,0.25638,4.79544
15.5,0.25809,4.82355
15.6,0.25981,4.85222
15.7,0.2615,4.87976
15.8,0.26316,4.90658
15.9,0.26486,4.93476
16,0.26654,4.9615
16.1,0.26818,4.98761
16.2,0.26976,5.01156
16.3,0.2713,5.03514
16.4,0.27289,5.0607
16.5,0.27442,5.08444
16.6,0.27615,5.11534
16.7,0.27789,5.14585
16.8,0.27961,5.17564
16.9,0.28129,5.20289
17,0.28292,5.22897
17.1,0.2845,5.25363
17.2,0.28614,5.28022
17.3,0.28781,5.30879
17.4,0.28942,5.33414
17.5,0.29107,5.36105
17.6,0.29278,5.38894
17.7,0.29448,5.41685
17.8,0.2962,5.44549
17.9,0.29789,5.4722
18,0.29947,5.49497
18.1,0.30122,5.52556
18.2,0.30306,5.55807
18.3,0.30472,5.58455
18.4,0.30637,5.61077
18.5,0.30811,5.64079
18.6,0.30976,5.66748
18.7,0.31132,5.69144
18.8,0.3129,5.71696
18.9,0.31448,5.74233
19,0.31611,5.77009
19.1,0.31775,5.79818
19.2,0.31941,5.82639
19.3,0.3211,5.85563
19.4,0.32283,5.88577
19.5,0.32454,5.91444
19.6,0.32629,5.94464
19.7,0.32798,5.97173
19.8,0.32969,6.00167
19.9,0.3317,6.04279
20,0.33346,6.0713
20.1,0.33501,6.0941
20.2,0.33657,6.11883
20.3,0.33824,6.14793
20.4,0.33988,6.1761
20.5,0.34152,6.20485
20.6,0.34317,6.23377
20.7,0.34475,6.25971
20.8,0.34637,6.28836
20.9,0.34798,6.31641
21,0.34947,6.33952
21.1,0.35106,6.36741
21.2,0.35281,6.40139
21.3,0.35438,6.42547
21.4,0.35613,6.45826
21.5,0.35785,6.48976
21.6,0.35954,6.51922
21.7,0.3612,6.54734
21.8,0.36283,6.57434
21.9,0.36451,6.60319
22,0.36616,6.63162
22.1,0.36781,6.659
22.2,0.36953,6.69013
22.3,0.37121,6.71922
22.4,0.37287,6.74838
22.5,0.37459,6.77979
22.6,0.37631,6.811
22.7,0.37805,6.84348
22.8,0.37972,6.87418
22.9,0.38141,6.90612
23,0.38314,6.93941
23.1,0.38487,6.97105
23.2,0.38664,7.00677
23.3,0.38848,7.04334
23.4,0.39007,7.06916
23.5,0.39163,7.09485
23.6,0.39321,7.12208
23.7,0.39493,7.15576
23.8,0.39652,7.18343
23.9,0.3981,7.21145
24,0.39984,7.24551
24.1,0.40154,7.2774
24.2,0.4031,7.30264
24.3,0.40468,7.33081
24.4,0.40622,7.35632
24.5,0.40771,7.38072
24.6,0.40933,7.40933
24.7,0.41113,7.44682
24.8,0.41281,7.48058
24.9,0.41451,7.51404
25,0.41623,7.54688
25.1,0.41797,7.58118
25.2,0.41969,7.61471
25.3,0.4214,7.6468
25.4,0.42305,7.67747
25.5,0.42477,7.71156
25.6,0.42642,7.7423
25.7,0.42803,7.77134
25.8,0.42967,7.80162
25.9,0.43135,7.83385
26,0.43299,7.86484
26.1,0.43468,7.8989
26.2,0.43646,7.93539
26.3,0.43816,7.9677
26.4,0.43987,8.00164
26.5,0.44157,8.03564
26.6,0.44322,8.06763
26.7,0.44485,8.09889
26.8,0.44641,8.12613
26.9,0.44798,8.15456
27,0.44958,8.18522
27.1,0.4512,8.21609
27.2,0.45291,8.25034
27.3,0.45457,8.28209
27.4,0.45614,8.30915
27.5,0.45779,8.34027
27.6,0.45944,8.37159
27.7,0.46106,8.40174
27.8,0.4628,8.4366
27.9,0.46456,8.47145
28,0.46628,8.5044
28.1,0.4679,8.53263
28.2,0.46961,8.56479
28.3,0.47125,8.594
28.4,0.47281,8.62088
28.5,0.47444,8.65136
28.6,0.47611,8.68421
28.7,0.47772,8.71391
28.8,0.47945,8.75032
28.9,0.48117,8.78545
29,0.48285,8.81829
29.1,0.48452,8.85085
29.2,0.48621,8.88349
29.3,0.48798,8.92024
29.4,0.48973,8.95472
29.5,0.49135,8.98295
29.6,0.49284,9.00595
29.7,0.49455,9.04076
29.8,0.49647,9.08399
29.9,0.49815,9.1133
30,0.49973,9.13915
30.1,0.50136,9.16687
30.2,0.50298,9.1956
30.3,0.50453,9.22137
30.4,0.50605,9.24677
30.5,0.50761,9.27363
30.6,0.50924,9.30299
30.7,0.51083,9.33137
30.8,0.51255,9.36598
30.9,0.51425,9.39859
31,0.516,9.43326
31.1,0.51763,9.46122
31.2,0.51951,9.50111
31.3,0.52138,9.53894
31.4,0.52315,9.57033
31.5,0.52481,9.59801
31.6,0.52647,9.62662
31.7,0.52807,9.65237
31.8,0.52979,9.68438
31.9,0.53147,9.71384
32,0.53314,9.74325
32.1,0.53474,9.76968
32.2,0.53642,9.80007
32.3,0.53804,9.82826
32.4,0.53967,9.85762
32.5,0.54128,9.88572
32.6,0.54287,9.91325
32.7,0.54451,9.94419
32.8,0.54614,9.97309
32.9,0.54776,10.00096
33,0.54937,10.02886
33.1,0.55116,10.06469
33.2,0.55283,10.0926
33.3,0.5545,10.12053
33.4,0.55614,10.14666
33.5,0.55774,10.17101
33.6,0.55936,10.19642
33.7,0.56093,10.21926
33.8,0.56261,10.2468
33.9,0.56428,10.27387
34,0.56609,10.3075
34.1,0.56786,10.33748
34.2,0.56947,10.36048
34.3,0.57108,10.38461
34.4,0.57268,10.40803
34.5,0.57447,10.44167
34.6,0.57624,10.4731
34.7,0.57789,10.49772
34.8,0.57962,10.52608
34.9,0.58136,10.55468
35,0.58305,10.58059
35.1,0.58474,10.60787
35.2,0.58639,10.63208
35.3,0.588,10.65439
35.4,0.58954,10.67341
35.5,0.59113,10.69575
35.6,0.59279,10.71982
35.7,0.59457,10.74863
35.8,0.5962,10.77148
35.9,0.5979,10.79613
36,0.5996,10.82031
36.1,0.6012,10.84055
36.2,0.60281,10.86307
36.3,0.6044,10.88406
36.4,0.60617,10.91291
36.5,0.60794,10.94165
36.6,0.6097,10.96938
36.7,0.61143,10.99493
36.8,0.61309,11.01771
36.9,0.61469,11.03763
37,0.61637,11.06094
37.1,0.61805,11.08447
37.2,0.61962,11.10283
37.3,0.62117,11.12001
37.4,0.62284,11.1441
37.5,0.6246,11.17132
37.6,0.62618,11.18868
37.7,0.62811,11.22439
37.8,0.63001,11.25487
37.9,0.63159,11.27024
38,0.63327,11.29129
38.1,0.63501,11.31551
38.2,0.63666,11.33569
38.3,0.63821,11.3513
38.4,0.63989,11.37449
38.5,0.64162,11.39948
38.6,0.64327,11.42064
38.7,0.6449,11.44111
38.8,0.6466,11.46599
38.9,0.64831,11.48949
39,0.64994,11.5092
39.1,0.65155,11.5286
39.2,0.6532,11.54999
39.3,0.65487,11.57191
39.4,0.65656,11.59475
39.5,0.65821,11.61542
39.6,0.66016,11.65
39.7,0.66199,11.67713
39.8,0.66347,11.68675
39.9,0.66485,11.69356
40,0.66647,11.71403
40.1,0.66809,11.73279
40.2,0.66968,11.74957
40.3,0.67125,11.76624
40.4,0.67279,11.78225
40.5,0.67446,11.80397
40.6,0.67615,11.82582
40.7,0.67781,11.84608
40.8,0.6795,11.86689
40.9,0.68107,11.88249
41,0.6829,11.91162
41.1,0.68474,11.93876
41.2,0.68648,11.95923
41.3,0.68813,11.9758
41.4,0.68977,11.9929
41.5,0.6914,12.00947
41.6,0.69307,12.02804
41.7,0.6947,12.04422
41.8,0.69634,12.0614
41.9,0.69795,12.07653
42,0.69955,12.09169
42.1,0.70116,12.10829
42.2,0.70272,12.12166
42.3,0.70434,12.13849
42.4,0.70607,12.16069
42.5,0.70773,12.17752
42.6,0.70933,12.19203
42.7,0.71096,12.2078
42.8,0.71262,12.22514
42.9,0.71446,12.25042
43,0.71623,12.27052
43.1,0.71788,12.285
43.2,0.7195,12.29823
43.3,0.7211,12.31043
43.4,0.72279,12.32797
43.5,0.72444,12.34204
43.6,0.72613,12.35935
43.7,0.72779,12.37425
43.8,0.72937,12.38526
43.9,0.73101,12.39913
44,0.73268,12.41435
44.1,0.73435,12.42924
44.2,0.73594,12.44118
44.3,0.73765,12.4586
44.4,0.73956,12.48397
44.5,0.74138,12.50355
44.6,0.74303,12.51459
44.7,0.74468,12.52715
44.8,0.74635,12.54098
44.9,0.74805,12.55534
45,0.74969,12.56779
45.1,0.75134,12.58082
45.2,0.75302,12.59505
45.3,0.75472,12.61046
45.4,0.75637,12.6234
45.5,0.75807,12.63941
45.6,0.75975,12.65387
45.7,0.76147,12.67057
45.8,0.76316,12.68461
45.9,0.7649,12.70242
46,0.76655,12.71525
46.1,0.76809,12.72394
46.2,0.76973,12.73794
46.3,0.77139,12.75247
46.4,0.77306,12.76732
46.5,0.77466,12.77896
46.6,0.77631,12.79322
46.7,0.77796,12.80822
46.8,0.77958,12.81985
46.9,0.78118,12.83138
47,0.78277,12.84227
47.1,0.78443,12.85633
47.2,0.78609,12.86954
47.3,0.78774,12.88296
47.4,0.7894,12.89658
47.5,0.791,12.90648
47.6,0.79271,12.92193
47.7,0.79447,12.93888
47.8,0.79617,12.95297
47.9,0.79786,12.96701
48,0.79952,12.97967
48.1,0.80109,12.98864
48.2,0.8027,13.00003
48.3,0.80437,13.01396
48.4,0.8061,13.03034
48.5,0.80783,13.04748
48.6,0.80952,13.06184
48.7,0.81119,13.07543
48.8,0.81292,13.09191
48.9,0.81465,13.10847
49,0.8164,13.12488
49.1,0.81809,13.13925
49.2,0.81979,13.15337
49.3,0.82154,13.17017
49.4,0.82326,13.18563
49.5,0.82497,13.19971
49.6,0.82671,13.21542
49.7,0.82834,13.22614
49.8,0.82985,13.23171
49.9,0.83138,13.23933
50,0.83296,13.2492
50.1,0.8345,13.2577
50.2,0.8361,13.26956
50.3,0.8377,13.28103
50.4,0.83938,13.29624
50.5,0.84109,13.31243
50.6,0.84278,13.32754
50.7,0.8444,13.33938
50.8,0.84604,13.35192
50.9,0.8479,13.37493
51,0.84964,13.39038
51.1,0.85138,13.40633
51.2,0.8531,13.42032
51.3,0.85471,13.42982
51.4,0.85636,13.44181
51.5,0.85809,13.45748
51.6,0.85977,13.4712
51.7,0.8614,13.48248
51.8,0.86305,13.49586
51.9,0.86474,13.51036
52,0.86646,13.52635
52.1,0.86816,13.54049
52.2,0.86977,13.55271
52.3,0.87142,13.56681
52.4,0.87314,13.58542
52.5,0.87484,13.60134
52.6,0.87664,13.62324
52.7,0.87837,13.64061
52.8,0.87998,13.65162
52.9,0.88164,13.66593
53,0.88327,13.67934
53.1,0.88486,13.69179
53.2,0.88647,13.7045
53.3,0.88808,13.71716
53.4,0.88967,13.72926
53.5,0.89123,13.73926
53.6,0.89284,13.75139
53.7,0.89456,13.76976
53.8,0.89631,13.788
53.9,0.89803,13.80379
54,0.8996,13.81159
54.1,0.90125,13.82553
54.2,0.90301,13.84385
54.3,0.90469,13.85866
54.4,0.90636,13.87277
54.5,0.90805,13.88806
54.6,0.90971,13.90157
54.7,0.91135,13.91455
54.8,0.91303,13.92967
54.9,0.91471,13.9441
55,0.91639,13.95841
55.1,0.91808,13.97269
55.2,0.91977,13.98711
55.3,0.92148,14.0029
55.4,0.92315,14.01713
55.5,0.92479,14.02808
55.6,0.92636,14.03633
55.7,0.92794,14.0456
55.8,0.92959,14.05872
55.9,0.93147,14.08111
56,0.93316,14.09304
56.1,0.93471,14.09907
56.2,0.93629,14.1076
56.3,0.93791,14.11885
56.4,0.93949,14.12848
56.5,0.94108,14.13871
56.6,0.94269,14.14962
56.7,0.94427,14.15895
56.8,0.94586,14.16914
56.9,0.94751,14.18201
57,0.94918,14.19497
57.1,0.95082,14.20635
57.2,0.95255,14.22214
57.3,0.95417,14.23098
57.4,0.95598,14.2496
57.5,0.95783,14.26835
57.6,0.95955,14.27986
57.7,0.96118,14.28697
57.8,0.96283,14.29534
57.9,0.96451,14.30798
58,0.96613,14.31284
58.1,0.96777,14.32079
58.2,0.96947,14.33088
58.3,0.97114,14.34082
58.4,0.97285,14.35189
58.5,0.97448,14.3607
58.6,0.97617,14.37359
58.7,0.97787,14.38683
58.8,0.97957,14.39889
58.9,0.98121,14.40934
59,0.98295,14.42422
59.1,0.98468,14.43968
59.2,0.98661,14.46319
59.3,0.98856,14.48446
59.4,0.99015,14.4901
59.5,0.99168,14.49416
59.6,0.9934,14.50797
59.7,0.9951,14.52052
59.8,0.99661,14.52521
59.9,0.99812,14.53066
60,0.99974,14.5412
60.1,1.00141,14.55395
60.2,1.00304,14.56528
60.3,1.00468,14.57732
60.4,1.00628,14.58709
60.5,1.00782,14.59453
60.6,1.00941,14.6051
60.7,1.01116,14.62232
60.8,1.01289,14.63912
60.9,1.01457,14.65213
61,1.01622,14.66396
61.1,1.01795,14.67911
61.2,1.01967,14.69327
61.3,1.02132,14.70338
61.4,1.02296,14.71311
61.5,1.02465,14.72566
61.6,1.02631,14.73679
61.7,1.02797,14.74773
61.8,1.02957,14.75584
61.9,1.03122,14.76629
62,1.03289,14.77839
62.1,1.03459,14.79158
62.2,1.03632,14.80609
62.3,1.03804,14.81858
62.4,1.0397,14.82937
62.5,1.0414,14.84286
62.6,1.04311,14.85643
62.7,1.04476,14.868
62.8,1.04635,14.87632
62.9,1.04796,14.88585
63,1.04956,14.89569
63.1,1.0512,14.90702
63.2,1.05284,14.91836
63.3,1.05453,14.93097
63.4,1.05618,14.94181
63.5,1.05783,14.95218
63.6,1.05948,14.9628
63.7,1.06116,14.97418
63.8,1.0628,14.98393
63.9,1.0645,14.99794
64,1.06631,15.01631
64.1,1.06801,15.02795
64.2,1.06975,15.04225
64.3,1.07141,15.05208
64.4,1.073,15.06024
64.5,1.07464,15.07137
64.6,1.07629,15.08342
64.7,1.0779,15.09227
64.8,1.07951,15.10312
64.9,1.08113,15.11334
65,1.08281,15.12738
65.1,1.08448,15.13938
65.2,1.08618,15.15333
65.3,1.0879,15.16744
65.4,1.08964,15.18288
65.5,1.09141,15.1989
65.6,1.09304,15.20713
65.7,1.09484,15.22395
65.8,1.09678,15.24716
65.9,1.09847,15.2552
66,1.10001,15.2585
66.1,1.10158,15.26546
66.2,1.10325,15.27616
66.3,1.10484,15.28477
66.4,1.10636,15.289
66.5,1.10795,15.29762
66.6,1.10953,15.30505
66.7,1.11108,15.31275
66.8,1.11278,15.32646
66.9,1.11449,15.34069
67,1.11619,15.35377
67.1,1.1177,15.35699
67.2,1.11941,15.37147
67.3,1.12117,15.38647
67.4,1.12289,15.3985
67.5,1.12454,15.40689
67.6,1.12622,15.41713
67.7,1.1279,15.42725
67.8,1.1296,15.43777
67.9,1.13133,15.45068
68,1.1331,15.46475
68.1,1.13474,15.47289
68.2,1.13638,15.48143
68.3,1.13806,15.49317
68.4,1.13972,15.50164
68.5,1.1413,15.50936
68.6,1.14291,15.51806
68.7,1.14458,15.53012
68.8,1.14622,15.54016
68.9,1.14786,15.55087
69,1.14955,15.56369
69.1,1.15145,15.58654
69.2,1.15319,15.59975
69.3,1.15487,15.61046
69.4,1.15657,15.62251
69.5,1.15819,15.63041
69.6,1.15985,15.64054
69.7,1.16157,15.65356
69.8,1.16323,15.66274
69.9,1.16482,15.66921
70,1.16641,15.67676
70.1,1.16808,15.68834
70.2,1.16975,15.69955
70.3,1.17131,15.70485
70.4,1.17291,15.71414
70.5,1.17466,15.73065
70.6,1.17635,15.74332
70.7,1.17801,15.75451
70.8,1.1796,15.76101
70.9,1.18113,15.76621
71,1.18275,15.77546
71.1,1.18436,15.78474
71.2,1.18597,15.7932
71.3,1.18762,15.80353
71.4,1.18924,15.81338
71.5,1.19089,15.82374
71.6,1.19257,15.83586
71.7,1.19433,15.85143
71.8,1.19606,15.8642
71.9,1.19782,15.87869
72,1.19957,15.89133
72.1,1.20124,15.90028
72.2,1.20286,15.90732
72.3,1.20448,15.91554
72.4,1.20628,15.93278
72.5,1.20809,15.94886
72.6,1.20982,15.96131
72.7,1.21147,15.97015
72.8,1.21316,15.98114
72.9,1.21481,15.98933
73,1.21642,15.99682
73.1,1.21806,16.00587
73.2,1.21977,16.01946
73.3,1.22147,16.03106
73.4,1.22318,16.04314
73.5,1.22487,16.05411
73.6,1.22641,16.0584
73.7,1.22837,16.08568
73.8,1.2304,16.1127
73.9,1.2319,16.11293
74,1.2335,16.12115
74.1,1.23546,16.1468
74.2,1.23706,16.15279
74.3,1.23851,16.15419
74.4,1.24016,16.16706
74.5,1.24176,16.17703
74.6,1.24333,16.18519
74.7,1.24495,16.19236
74.8,1.24658,16.20381
74.9,1.24817,16.21297
75,1.24974,16.22259
75.1,1.25139,16.23533
75.2,1.25303,16.24633
75.3,1.25463,16.25583
75.4,1.25621,16.26442
75.5,1.25781,16.27483
75.6,1.25958,16.29309
75.7,1.2612,16.30191
75.8,1.26282,16.31099
75.9,1.26443,16.32017
76,1.26607,16.3306
76.1,1.26773,16.34149
76.2,1.26936,16.35045
76.3,1.27098,16.35934
76.4,1.27254,16.3641
76.5,1.27415,16.37247
76.6,1.27583,16.38374
76.7,1.27753,16.39578
76.8,1.27923,16.40704
76.9,1.28086,16.41421
77,1.28265,16.43081
77.1,1.28451,16.4483
77.2,1.28623,16.45723
77.3,1.28791,16.46453
77.4,1.28962,16.47335
77.5,1.2913,16.48044
77.6,1.29291,16.48494
77.7,1.29452,16.49068
77.8,1.29617,16.49784
77.9,1.29784,16.50598
78,1.29952,16.51383
78.1,1.30114,16.52055
78.2,1.30271,16.52415
78.3,1.30433,16.53086
78.4,1.30608,16.54321
78.5,1.30782,16.55558
78.6,1.3095,16.56409
78.7,1.31119,16.5737
78.8,1.31295,16.58659
78.9,1.31487,16.60684
79,1.31656,16.61333
79.1,1.31821,16.61919
79.2,1.31987,16.62661
79.3,1.32145,16.6304
79.4,1.32304,16.6336
79.5,1.32468,16.64117
79.6,1.32628,16.64573
79.7,1.32783,16.64811
79.8,1.32941,16.65292
79.9,1.3311,16.66286
80,1.33278,16.67112
80.1,1.3345,16.68081
80.2,1.33606,16.68247
80.3,1.33773,16.69119
80.4,1.33953,16.70628
80.5,1.34128,16.71714
80.6,1.34295,16.72327
80.7,1.34463,16.73107
80.8,1.34629,16.7375
80.9,1.34796,16.74301
81,1.34958,16.74728
81.1,1.3512,16.75244
81.2,1.35289,16.76047
81.3,1.35464,16.77204
81.4,1.35652,16.78847
81.5,1.35829,16.79838
81.6,1.35993,16.8026
81.7,1.36165,16.81174
81.8,1.3633,16.81581
81.9,1.36493,16.82058
82,1.36672,16.83318
82.1,1.36832,16.83633
82.2,1.36998,16.84454
82.3,1.37162,16.85028
82.4,1.37326,16.85699
82.5,1.37486,16.86123
82.6,1.37644,16.8656
82.7,1.378,16.86921
82.8,1.3795,16.86971
82.9,1.38108,16.87525
83,1.38261,16.8774
83.1,1.38425,16.88592
83.2,1.3859,16.89345
83.3,1.38754,16.90029
83.4,1.3892,16.90673
83.5,1.39083,16.91001
83.6,1.39259,16.92086
83.7,1.39437,16.9317
83.8,1.3961,16.93946
83.9,1.39781,16.94608
84,1.39951,16.95049
84.1,1.40123,16.9569
84.2,1.40294,16.9611
84.3,1.40451,16.95817
84.4,1.4061,16.95811
84.5,1.40773,16.96175
84.6,1.40938,16.96653
84.7,1.41106,16.97263
84.8,1.41279,16.98094
84.9,1.41443,16.98494
85,1.4161,16.99104
85.1,1.41773,16.99478
85.2,1.41941,17.00058
85.3,1.42112,17.00718
85.4,1.42285,17.0142
85.5,1.42458,17.02125
85.6,1.42635,17.02914
85.7,1.42815,17.03614
85.8,1.42975,17.03631
85.9,1.43139,17.03926
86,1.43312,17.0463
86.1,1.43483,17.05155
86.2,1.4364,17.05171
86.3,1.43798,17.05296
86.4,1.4396,17.05664
86.5,1.44125,17.06179
86.6,1.44293,17.06828
86.7,1.44456,17.07139
86.8,1.44627,17.07937
86.9,1.44817,17.0952
87,1.44995,17.10466
87.1,1.45167,17.11101
87.2,1.45342,17.12025
87.3,1.45516,17.12736
87.4,1.45679,17.1305
87.5,1.45842,17.13525
87.6,1.46011,17.14231
87.7,1.46174,17.14652
87.8,1.46331,17.1477
87.9,1.46495,17.15412
88,1.46663,17.16271
88.1,1.46827,17.16855
88.2,1.46994,17.17491
88.3,1.47144,17.17455
88.4,1.47309,17.18342
88.5,1.47477,17.19244
88.6,1.47648,17.20296
88.7,1.47822,17.21404
88.8,1.47988,17.22045
88.9,1.48149,17.22522
89,1.48311,17.23132
89.1,1.48473,17.23625
89.2,1.48643,17.24569
89.3,1.48812,17.25369
89.4,1.48977,17.26089
89.5,1.49149,17.27073
89.6,1.4932,17.27964
89.7,1.49484,17.28587
89.8,1.49654,17.29356
89.9,1.49821,17.30021
90,1.49976,17.30024
90.1,1.50152,17.31259
90.2,1.50334,17.32628
90.3,1.50493,17.32786
90.4,1.5065,17.33184
90.5,1.50819,17.34192
90.6,1.50986,17.35059
90.7,1.51149,17.35683
90.8,1.51315,17.36471
90.9,1.5148,17.37258
91,1.5164,17.3772
91.1,1.51804,17.38394
91.2,1.51968,17.38987
91.3,1.52132,17.39609
91.4,1.52292,17.39769
91.5,1.5245,17.4
91.6,1.52609,17.40349
91.7,1.52767,17.40671
91.8,1.52925,17.40867
91.9,1.531,17.4168
92,1.53263,17.41827
92.1,1.53426,17.42014
92.2,1.53586,17.4222
92.3,1.53752,17.42685
92.4,1.53919,17.43061
92.5,1.54076,17.42998
92.6,1.54234,17.43068
92.7,1.54397,17.43447
92.8,1.54566,17.4401
92.9,1.54732,17.44397
93,1.54903,17.44941
93.1,1.55084,17.45751
93.2,1.55263,17.46398
93.3,1.5542,17.45978
93.4,1.55596,17.46541
93.5,1.55776,17.47261
93.6,1.55949,17.4741
93.7,1.56121,17.47701
93.8,1.56293,17.47978
93.9,1.56458,17.47901
94,1.56622,17.47791
94.1,1.56788,17.47942
94.2,1.56958,17.48205
94.3,1.57124,17.4842
94.4,1.57287,17.48549
94.5,1.57447,17.48589
94.6,1.57617,17.49177
94.7,1.57789,17.49906
94.8,1.57954,17.50188
94.9,1.58124,17.50822
95,1.58289,17.51147
95.1,1.58463,17.51816
95.2,1.58655,17.53336
95.3,1.58839,17.54173
95.4,1.58992,17.53488
95.5,1.59154,17.53358
95.6,1.59322,17.5273
95.7,1.59488,17.48645
95.8,1.59641,17.44645
95.9,1.59799,17.39155
96,1.5997,17.22752
96.1,1.60133,17.1631
96.2,1.60288,17.14286
96.3,1.60449,17.13152
96.4,1.60609,17.12164
96.5,1.6077,17.11637
96.6,1.60936,17.11549
96.7,1.61118,17.11783
96.8,1.61292,17.11761
96.9,1.61466,17.11849
97,1.61631,17.1161
97.1,1.61809,17.12227
97.2,1.61972,17.1203
97.3,1.6213,17.11534
97.4,1.62282,17.10561
97.5,1.62442,17.10213
97.6,1.62606,17.10079
97.7,1.62771,17.10004
97.8,1.62938,17.10148
97.9,1.63114,17.10752
98,1.63281,17.10825
98.1,1.6345,17.107
98.2,1.63627,17.10788
98.3,1.63794,17.1055
98.4,1.63951,17.10077
98.5,1.6411,17.09841
98.6,1.64279,17.09997
98.7,1.64445,17.09932
98.8,1.64609,17.09902
98.9,1.64773,17.09956
99,1.64939,17.10062
99.1,1.651,17.10022
99.2,1.65268,17.10203
99.3,1.65436,17.10463
99.4,1.65603,17.10083
99.5,1.65769,17.09565
99.6,1.65948,17.09678
99.7,1.66124,17.09643
99.8,1.66288,17.0901
99.9,1.66454,17.08746
100,1.6664,17.09511
100.1,1.66815,17.09186
100.2,1.66991,17.09109
100.3,1.67154,17.08652
100.4,1.67306,17.07849
100.5,1.67471,17.07988
100.6,1.67643,17.08396
100.7,1.67799,17.08082
100.8,1.67961,17.08029
100.9,1.68122,17.08091
101,1.68298,17.09005
101.1,1.68461,17.09158
101.2,1.68629,17.09471
101.3,1.68807,17.10205
101.4,1.68972,17.10332
101.5,1.69136,17.10455
101.6,1.69297,17.10458
101.7,1.69475,17.11352
101.8,1.69665,17.12689
101.9,1.69836,17.12946
102,1.70001,17.12931
102.1,1.70165,17.12686
102.2,1.7033,17.12746
102.3,1.70487,17.12518
102.4,1.70639,17.12186
102.5,1.70801,17.12326
102.6,1.70958,17.12284
102.7,1.71118,17.124
102.8,1.71296,17.1338
102.9,1.7147,17.1402
103,1.71637,17.14169
103.1,1.71787,17.13544
103.2,1.71963,17.1421
103.3,1.72143,17.15139
103.4,1.72316,17.1572
103.5,1.72482,17.16076
103.6,1.72649,17.16582
103.7,1.72811,17.1669
103.8,1.7297,17.16795
103.9,1.73138,17.17317
104,1.73301,17.17519
104.1,1.73461,17.17682
104.2,1.73629,17.18202
104.3,1.73798,17.18829
104.4,1.73964,17.19161
104.5,1.74118,17.18985
104.6,1.74285,17.19548
104.7,1.74457,17.2021
104.8,1.74629,17.20872
104.9,1.74799,17.21257
105,1.74966,17.21585
105.1,1.75158,17.23012
105.2,1.75329,17.22968
105.3,1.75487,17.12485
105.4,1.75647,17.07765
105.5,1.75809,17.07641
105.6,1.75973,17.08155
105.7,1.76133,17.08472
105.8,1.76298,17.09216
105.9,1.76456,17.09623
106,1.76623,17.10446
106.1,1.76789,17.11209
106.2,1.76955,17.11953
106.3,1.77115,17.12391
106.4,1.7728,17.13309
106.5,1.7746,17.148
106.6,1.77629,17.1573
106.7,1.77806,17.16994
106.8,1.77979,17.17904
106.9,1.78141,17.18354
107,1.78303,17.18754
107.1,1.7847,17.19434
107.2,1.78635,17.19976
107.3,1.78803,17.2057
107.4,1.7897,17.21177
107.5,1.79134,17.21503
107.6,1.79296,17.21684
107.7,1.79453,17.21618
107.8,1.79611,17.21584
107.9,1.79775,17.21659
108,1.79938,17.2166
108.1,1.80105,17.21776
108.2,1.80272,17.21923
108.3,1.80439,17.21714
108.4,1.80613,17.22158
108.5,1.80788,17.22669
108.6,1.80963,17.23217
108.7,1.81135,17.23519
108.8,1.81306,17.23775
108.9,1.81473,17.23917
109,1.8163,17.23592
109.1,1.81792,17.23691
109.2,1.81962,17.24075
109.3,1.82125,17.24173
109.4,1.82304,17.25068
109.5,1.82488,17.26079
109.6,1.82635,17.25198
109.7,1.82813,17.25921
109.8,1.82989,17.26456
109.9,1.83144,17.26089
110,1.83303,17.25965
110.1,1.83478,17.2668
110.2,1.83644,17.26844
110.3,1.838,17.26504
110.4,1.83965,17.26617
110.5,1.84136,17.26766
110.6,1.84301,17.14699
110.7,1.84459,17.09465
110.8,1.84621,17.10173
110.9,1.84788,17.11202
111,1.84952,17.12006
111.1,1.85112,17.12626
111.2,1.85276,17.13426
111.3,1.85443,17.14281
111.4,1.85607,17.14903
111.5,1.85763,17.15125
111.6,1.85941,17.16461
111.7,1.86116,17.17407
111.8,1.8628,17.17885
111.9,1.86447,17.18494
112,1.86615,17.1919
112.1,1.86775,17.19454
112.2,1.86929,17.19527
112.3,1.87091,17.19964
112.4,1.87257,17.20558
112.5,1.87426,17.21247
112.6,1.87596,17.21936
112.7,1.87765,17.22526
112.8,1.87936,17.2312
112.9,1.881,17.23287
113,1.88286,17.24738
113.1,1.88475,17.26001
113.2,1.88652,17.26599
113.3,1.88822,17.26914
113.4,1.88987,17.27016
113.5,1.89153,17.27273
113.6,1.89318,17.27247
113.7,1.89478,17.26993
113.8,1.89633,17.26656
113.9,1.89794,17.26741
114,1.89956,17.26712
114.1,1.90121,17.26941
114.2,1.90281,17.26978
114.3,1.90453,17.27541
114.4,1.90623,17.28036
114.5,1.9079,17.28337
114.6,1.90959,17.2871
114.7,1.91124,17.28936
114.8,1.91283,17.28965
114.9,1.91465,17.30123
115,1.91645,17.30961
115.1,1.91811,17.30992
115.2,1.91978,17.3113
115.3,1.92146,17.31292
115.4,1.92314,17.31445
115.5,1.92485,17.31765
115.6,1.92656,17.31809
115.7,1.92811,17.31284
115.8,1.9297,17.31137
115.9,1.93142,17.31444
116,1.93317,17.29058
116.1,1.93479,17.10825
116.2,1.93628,17.11367
116.3,1.93802,17.1301
116.4,1.9399,17.15082
116.5,1.94163,17.16003
116.6,1.94328,17.1678
116.7,1.94493,17.17728
116.8,1.9467,17.19197
116.9,1.94831,17.19715
117,1.94987,17.20065
117.1,1.95148,17.20759
117.2,1.9531,17.21507
117.3,1.95469,17.22016
117.4,1.95637,17.22981
117.5,1.95803,17.23763
117.6,1.95974,17.24703
117.7,1.96141,17.25471
117.8,1.96305,17.26073
117.9,1.96471,17.26732
118,1.96633,17.27187
118.1,1.96788,17.27388
118.2,1.96946,17.27691
118.3,1.97119,17.2875
118.4,1.9729,17.29534
118.5,1.97457,17.30083
118.6,1.97629,17.30739
118.7,1.97798,17.31271
118.8,1.97961,17.31409
118.9,1.9812,17.31549
119,1.9828,17.31562
119.1,1.98441,17.3161
119.2,1.98609,17.32026
119.3,1.98781,17.32541
119.4,1.98951,17.32905
119.5,1.99117,17.33039
119.6,1.99307,17.34344
119.7,1.99483,17.34604
119.8,1.99643,17.3436
119.9,1.99813,17.34687
120,1.99978,17.34712
120.1,2.00132,17.34233
120.2,2.00287,17.34017
120.3,2.00445,17.33925
120.4,2.0061,17.34237
120.5,2.00777,17.34501
120.6,2.00941,17.34584
120.7,2.01106,17.34656
120.8,2.01277,17.34997
120.9,2.01442,17.34923
121,2.0161,17.34658
121.1,2.01779,17.34348
121.2,2.01954,17.34353
121.3,2.0213,17.33496
121.4,2.02303,17.112
121.5,2.02485,17.12819
121.6,2.0266,17.13633
121.7,2.02825,17.1356
121.8,2.02985,17.13693
121.9,2.03151,17.13995
122,2.03319,17.14532
122.1,2.0347,17.14267
122.2,2.03629,17.14561
122.3,2.03792,17.15024
122.4,2.03957,17.15525
122.5,2.04129,17.16432
122.6,2.04305,17.17475
122.7,2.04471,17.17756
122.8,2.04634,17.17849
122.9,2.04816,17.18901
123,2.04986,17.19319
123.1,2.05153,17.19666
123.2,2.05326,17.20308
123.3,2.05494,17.2071
123.4,2.05657,17.20784
123.5,2.05825,17.21269
123.6,2.05997,17.21848
123.7,2.06175,17.22684
123.8,2.0633,17.22364
123.9,2.06491,17.22556
124,2.0666,17.23058
124.1,2.06818,17.22851
124.2,2.06974,17.22881
124.3,2.07139,17.23188
124.4,2.0731,17.2387
124.5,2.07473,17.24161
124.6,2.07645,17.24799
124.7,2.07827,17.25804
124.8,2.08009,17.26719
124.9,2.08171,17.266
125,2.08336,17.26778
125.1,2.08491,17.26449
125.2,2.08653,17.26589
125.3,2.08817,17.26686
125.4,2.08971,17.26311
125.5,2.09134,17.26432
125.6,2.09306,17.26835
125.7,2.09471,17.26852
125.8,2.09634,17.26732
125.9,2.09804,17.26782
126,2.0997,17.04392
126.1,2.10145,17.03601
126.2,2.1032,17.05051
126.3,2.10474,17.0538
126.4,2.10627,17.05779
126.5,2.10786,17.06509
126.6,2.10959,17.07775
126.7,2.11116,17.08164
126.8,2.11274,17.08721
126.9,2.11443,17.09737
127,2.11608,17.10365
127.1,2.11765,17.10603
127.2,2.11928,17.11248
127.3,2.12091,17.11733
127.4,2.12257,17.12403
127.5,2.12426,17.13043
127.6,2.1259,17.13448
127.7,2.12751,17.13563
127.8,2.12912,17.13696
127.9,2.13104,17.15139
128,2.13284,17.15948
128.1,2.13456,17.16245
128.2,2.1362,17.16225
128.3,2.13787,17.16419
128.4,2.1395,17.16396
128.5,2.1411,17.16355
128.6,2.14283,17.16947
128.7,2.14456,17.17316
128.8,2.14624,17.1747
128.9,2.14801,17.18038
129,2.1498,17.18587
129.1,2.15149,17.18711
129.2,2.15315,17.18537
129.3,2.15467,17.17812
129.4,2.15649,17.18564
129.5,2.15822,17.18682
129.6,2.15974,17.17896
129.7,2.16131,17.17488
129.8,2.16295,17.17419
129.9,2.1646,17.17216
130,2.16622,17.16861
130.1,2.16782,17.16492
130.2,2.16939,17.16081
130.3,2.17092,17.15498
130.4,2.17249,17.15162
130.5,2.17413,17.15054
130.6,2.17577,17.1483
130.7,2.17745,17.14688
130.8,2.17914,17.14212
130.9,2.18082,17.14073
131,2.18253,17.14265
131.1,2.18421,17.14361
131.2,2.18601,17.15001
131.3,2.188,17.1629
131.4,2.18975,17.16317
131.5,2.19141,17.15963
131.6,2.1931,17.15866
131.7,2.19479,17.15611
131.8,2.19636,17.14794
131.9,2.19796,17.14187
132,2.19965,17.139
132.1,2.2013,17.13566
132.2,2.20289,17.1306
132.3,2.20455,17.1302
132.4,2.20617,17.12892
132.5,2.2078,17.12877
132.6,2.20941,17.12808
132.7,2.2112,17.13468
132.8,2.21293,17.13655
132.9,2.21461,17.13559
133,2.21616,17.1289
133.1,2.21788,17.13022
133.2,2.21958,17.12932
133.3,2.22126,17.12745
133.4,2.22292,17.12443
133.5,2.22458,17.12161
133.6,2.22624,17.11953
133.7,2.2279,17.11775
133.8,2.22957,17.11633
133.9,2.23124,17.11498
134,2.23289,17.11227
134.1,2.23454,17.10929
134.2,2.23619,17.10632
134.3,2.23781,17.10254
134.4,2.23938,17.09669
134.5,2.241,17.09381
134.6,2.24272,17.09634
134.7,2.2444,17.09601
134.8,2.24602,17.09324
134.9,2.24761,17.08895
135,2.24932,17.09072
135.1,2.25101,17.0902
135.2,2.2527,17.08863
135.3,2.25442,17.08889
135.4,2.25608,17.08611
135.5,2.25779,17.08487
135.6,2.25953,17.08382
135.7,2.26123,17.08153
135.8,2.26289,17.07793
135.9,2.2646,17.07899
136,2.2665,17.08752
136.1,2.26821,17.08677
136.2,2.26983,17.08329
136.3,2.27153,17.08509
136.4,2.27319,17.08397
136.5,2.27486,17.08397
136.6,2.27654,17.08248
136.7,2.27815,16.86864
136.8,2.27978,16.79194
136.9,2.28138,16.80243
137,2.28308,16.817
137.1,2.28479,16.82996
137.2,2.28641,16.83842
137.3,2.28812,16.8564
137.4,2.28989,16.87073
137.5,2.29151,16.87727
137.6,2.29307,16.88047
137.7,2.29484,16.89436
137.8,2.29677,16.91333
137.9,2.29847,16.92057
138,2.30003,16.92208
138.1,2.30163,16.92676
138.2,2.30329,16.93507
138.3,2.30486,16.93898
138.4,2.30644,16.94376
138.5,2.3081,16.95208
138.6,2.30976,16.95989
138.7,2.31143,16.9686
138.8,2.31326,16.98979
138.9,2.31487,16.99078
139,2.31635,16.98746
139.1,2.31795,16.99224
139.2,2.31977,17.00558
139.3,2.32149,17.01117
139.4,2.32325,17.01957
139.5,2.32492,17.02265
139.6,2.32659,17.02559
139.7,2.32821,17.02549
139.8,2.32982,17.02529
139.9,2.33143,17.02505
140,2.33307,17.02651
140.1,2.33471,17.0277
140.2,2.33633,17.02797
140.3,2.33806,17.04061
140.4,2.33964,17.03591
140.5,2.34115,17.02977
140.6,2.34278,17.02876
140.7,2.34447,17.00291
140.8,2.34611,16.98061
140.9,2.34775,16.9867
141,2.34946,16.99487
141.1,2.35133,17.00901
141.2,2.35304,17.01412
141.3,2.35477,17.01969
141.4,2.35661,17.03438
141.5,2.35818,17.02911
141.6,2.35972,17.02393
141.7,2.36133,17.02287
141.8,2.36303,17.02502
141.9,2.36465,17.02191
142,2.36625,17.01912
142.1,2.36783,17.01662
142.2,2.36953,17.01914
142.3,2.37118,17.01974
142.4,2.37272,16.9792
142.5,2.37443,16.98505
142.6,2.37615,16.99234
142.7,2.37781,16.9947
142.8,2.37952,17.00058
142.9,2.38127,17.00675
143,2.3829,17.0074
143.1,2.3845,17.00604
143.2,2.38612,17.00509
143.3,2.38774,17.00414
143.4,2.38935,17.00187
143.5,2.39093,16.99793
143.6,2.39259,16.99712
143.7,2.39429,16.99563
143.8,2.39599,16.99249
143.9,2.39761,16.94263
144,2.39922,16.93114
144.1,2.40083,16.93186
144.2,2.40246,16.93364
144.3,2.40417,16.94213
144.4,2.40595,16.94869
144.5,2.40769,16.954
144.6,2.40952,16.96083
144.7,2.41134,16.9668
144.8,2.41313,16.96947
144.9,2.41479,16.96668
145,2.41644,16.96477
145.1,2.41802,16.95862
145.2,2.41967,16.95561
145.3,2.42139,16.95579
145.4,2.42309,16.95254
145.5,2.42475,16.8924
145.54,2.42543,16.64046
145.64,2.42705,16.65068
145.74,2.42895,16.67092
145.84,2.43068,16.68495
145.94,2.43227,16.68906
146.04,2.43379,16.69207
146.14,2.43542,16.69928
146.24,2.43705,16.70682
146.34,2.43871,16.71515
146.44,2.44036,16.72266
146.54,2.44206,16.7342
146.64,2.44361,16.73584
146.74,2.44516,16.73868
146.84,2.44681,16.74609
146.94,2.44843,16.75048
147.04,2.45,16.75295
147.14,2.4516,16.75699
147.24,2.45325,16.76133
147.34,2.45494,16.76752
147.44,2.45654,16.76846
147.54,2.45815,16.76999
147.64,2.4601,16.78559
147.74,2.46193,16.79333
147.84,2.46365,16.7974
147.94,2.46545,16.80412
148.04,2.46714,16.80451
148.14,2.46868,16.79914
148.24,2.47023,16.7956
148.34,2.47185,16.79589
148.44,2.47352,16.79835
148.54,2.47521,16.80083
148.64,2.4769,16.80211
148.74,2.47866,16.80735
148.84,2.48036,16.8075
148.94,2.48189,16.79876
149.04,2.48361,16.72985
149.14,2.48547,16.74417
149.24,2.48725,16.75328
149.34,2.48886,16.75592
149.44,2.4904,16.75459
149.54,2.49207,16.75968
149.64,2.49378,16.76565
149.74,2.49538,16.76613
149.84,2.49695,16.76506
149.94,2.49847,16.7616
150.04,2.49998,16.75847
150.14,2.50156,16.75852
150.24,2.50326,16.7626
150.34,2.50494,16.76459
150.44,2.50666,16.7668
150.54,2.50831,16.76619
150.64,2.50996,16.76422
150.74,2.51156,16.7585
150.84,2.51324,16.70149
150.94,2.5151,16.70246
151.04,2.51695,16.71439
151.14,2.51879,16.72542
151.24,2.5205,16.72952
151.34,2.52217,16.73173
151.44,2.5239,16.73703
151.54,2.52558,16.73941
151.64,2.52719,16.73889
151.74,2.52885,16.74046
151.84,2.53054,16.74329
151.94,2.53215,16.7414
152.04,2.53382,16.74478
152.14,2.53544,16.74273
152.24,2.53699,16.73785
152.34,2.53881,16.74493
152.44,2.54058,16.74593
152.54,2.54221,16.51048
152.64,2.54388,16.44669
152.74,2.54568,16.46682
152.84,2.54732,16.47826
152.94,2.54889,16.4863
153.04,2.55054,16.49811
153.14,2.55218,16.50806
153.24,2.55381,16.51712
153.34,2.55545,16.52654
153.44,2.55707,16.5344
153.54,2.55874,16.54442
153.64,2.56039,16.55283
153.74,2.56206,16.56088
153.84,2.56371,16.56756
153.94,2.5654,16.57638
154.04,2.56702,16.58178
154.14,2.5686,16.58459
154.24,2.57028,16.59355
154.34,2.57215,16.6081
154.44,2.57398,16.62123
154.54,2.57555,16.61941
154.64,2.57714,16.62074
154.74,2.57884,16.62742
154.84,2.58053,16.63214
154.94,2.5822,16.63587
155.04,2.5838,16.6369
155.14,2.5855,16.64221
155.24,2.58722,16.647
155.34,2.58894,16.65098
155.44,2.59071,16.65365
155.54,2.59242,16.57025
155.64,2.59428,16.59139
155.74,2.59597,16.5993
155.84,2.59751,16.60165
155.94,2.59908,16.60521
156.04,2.60075,16.61272
156.14,2.60227,16.61232
156.24,2.60378,16.61188
156.34,2.6054,16.6168
156.44,2.607,16.61971
156.54,2.60855,16.61914
156.64,2.61006,16.61695
156.74,2.6116,16.61559
156.84,2.61319,16.61496
156.94,2.6149,16.61756
157.04,2.61653,16.60058
157.14,2.61809,16.53143
157.24,2.61964,16.53557
157.34,2.62132,16.54356
157.44,2.62304,16.55187
157.54,2.6248,16.56068
157.64,2.62664,16.57049
157.74,2.62843,16.57665
157.84,2.6301,16.57511
157.94,2.63187,16.57888
158.04,2.63355,16.57754
158.14,2.63509,16.57047
158.24,2.63675,16.57062
158.34,2.63841,16.56915
158.44,2.64011,16.56855
158.54,2.64183,16.56717
158.64,2.64356,16.56194
158.74,2.64518,16.47943
158.84,2.64695,16.49309
158.94,2.6488,16.50657
159.04,2.65044,16.50939
159.14,2.65223,16.51926
159.24,2.65387,16.52198
159.34,2.65547,16.52133
159.44,2.65715,16.52569
159.54,2.6589,16.53113
159.64,2.66065,16.53503
159.74,2.66229,16.53428
159.84,2.66394,16.53232
159.94,2.66571,16.53597
160.04,2.66733,16.53071
160.14,2.66879,16.51907
160.24,2.67047,16.51555
160.34,2.67213,16.49714
160.44,2.67375,16.46244
160.54,2.67544,16.47231
160.64,2.67714,16.48028
160.74,2.67883,16.48712
160.84,2.68055,16.49391
160.94,2.6822,16.49656
161.04,2.6838,16.49635
161.14,2.68539,16.4956
161.24,2.68706,16.49728
161.34,2.68873,16.49642
161.44,2.69034,16.49114
161.54,2.69206,16.34261
161.64,2.69371,16.16149
161.74,2.69532,16.176
161.84,2.6969,16.18638
161.94,2.69856,16.19904
162.04,2.70012,16.20268
162.14,2.70191,16.21353
162.24,2.70355,16.21805
162.34,2.7051,16.21721
162.44,2.70669,16.21354
162.54,2.70836,16.21645
162.64,2.71002,16.21972
162.74,2.71169,16.22435
162.84,2.71336,16.22939
162.94,2.71508,16.23655
163.04,2.71679,16.23751
163.14,2.71851,16.24082
163.24,2.72022,16.24335
163.34,2.7219,16.2409
163.44,2.72356,16.23895
163.54,2.7253,16.24043
163.64,2.72707,16.24175
163.74,2.7286,16.23362
163.84,2.7305,16.24233
163.94,2.7323,16.15719
164.04,2.73395,16.15162
164.14,2.7356,16.15603
164.24,2.73712,16.15512
164.34,2.73868,16.15655
164.44,2.74031,16.16133
164.54,2.74187,16.15999
164.64,2.74347,16.15476
164.74,2.7451,16.15289
164.84,2.74675,16.15215
164.94,2.74843,16.15143
165.04,2.7501,16.15075
165.14,2.7518,16.14925
165.24,2.75346,16.14479
165.34,2.75502,16.03624
165.44,2.75694,16.05875
165.54,2.75871,16.06555
165.64,2.76036,16.06725
165.74,2.76202,16.06773
165.84,2.76369,16.06991
165.94,2.76536,16.06996
166.04,2.76704,16.06735
166.14,2.76864,16.05666
166.24,2.77016,16.04402
166.34,2.77179,16.03433
166.44,2.77341,16.0206
166.54,2.77502,16.01138
166.64,2.77669,15.99434
166.74,2.77841,15.8987
166.84,2.78009,15.9036
166.94,2.78178,15.90742
167.04,2.78345,15.91007
167.14,2.78507,15.90978
167.24,2.78692,15.91672
167.34,2.78878,15.92127
167.44,2.79043,15.91486
167.54,2.79201,15.90699
167.64,2.79375,15.90663
167.74,2.79537,15.90034
167.84,2.79693,15.88951
167.94,2.79855,15.88235
168.04,2.80021,15.87624
168.14,2.80188,15.86744
168.24,2.80355,15.85274
168.294,2.80445,15.59776
168.394,2.80613,15.53124
168.494,2.80776,15.54389
168.594,2.80941,15.55737
168.694,2.81124,15.57347
168.794,2.81296,15.5821
168.894,2.81458,15.58616
168.994,2.81628,15.59441
169.094,2.81812,15.60875
169.194,2.81968,15.61023
169.294,2.82127,15.61326
169.394,2.82298,15.62151
169.494,2.82466,15.62535
169.594,2.82631,15.62299
169.694,2.82795,15.62327
169.794,2.82959,15.62245
169.894,2.83125,15.62338
169.994,2.8329,15.62254
170.094,2.83454,15.62304
170.194,2.83617,15.62433
170.294,2.83781,15.62623
170.394,2.83943,15.62637
170.494,2.84107,15.62445
170.594,2.8428,15.51052
170.694,2.84454,15.52529
170.794,2.84622,15.53352
170.894,2.84783,15.5383
170.994,2.84942,15.54121
171.094,2.8511,15.54772
171.194,2.85271,15.54891
171.294,2.85436,15.54823
171.394,2.856,15.54541
171.494,2.85769,15.54627
171.594,2.85933,15.5425
171.694,2.86103,15.53935
171.794,2.86277,15.4962
171.894,2.86447,15.43353
171.994,2.86638,15.44974
172.094,2.86808,15.45578
172.194,2.86976,15.45994
172.294,2.87139,15.46195
172.394,2.87297,15.46326
172.494,2.87463,15.46705
172.594,2.87643,15.48281
172.694,2.87796,15.47572
172.794,2.87959,15.47437
172.894,2.8813,15.47545
172.994,2.88305,15.4731
173.094,2.88475,15.36362
173.194,2.88637,15.37417
173.294,2.888,15.38191
173.394,2.88966,15.39072
173.494,2.89144,15.40169
173.594,2.89306,15.40279
173.694,2.89484,15.41028
173.794,2.89674,15.41968
173.894,2.89841,15.41193
173.994,2.9,15.40437
174.094,2.90164,15.39844
174.194,2.90325,15.39059
174.294,2.90493,15.31446
174.394,2.90689,15.33379
174.494,2.90805,15.3116
174.594,2.90947,15.30395
174.694,2.91111,15.30754
174.794,2.91277,15.31163
174.894,2.91442,15.31386
174.994,2.91613,15.31826
175.094,2.91769,15.31249
175.194,2.91947,15.31577
175.294,2.92119,15.31275
175.394,2.92285,15.19211
175.494,2.92453,14.96594
175.594,2.92629,14.9858
175.694,2.92798,14.99651
175.794,2.92966,15.00899
175.894,2.93137,15.02314
175.994,2.93307,15.03608
176.094,2.93467,15.04437
176.194,2.93628,15.05338
176.294,2.93801,15.06846
176.394,2.93966,15.08003
176.494,2.94126,15.0876
176.594,2.94295,15.10086
176.694,2.94457,15.10772
176.794,2.94624,15.11506
176.894,2.9479,15.12047
176.994,2.94952,15.12544
177.094,2.95146,15.14365
177.194,2.95312,15.14399
177.294,2.95469,15.01333
177.394,2.95628,15.0279
177.494,2.9579,15.03612
177.594,2.95956,15.04242
177.694,2.9611,15.03483
177.794,2.96273,15.04282
177.894,2.96429,15.04401
177.994,2.96594,15.04993
178.094,2.96758,15.05352
178.194,2.96926,15.05551
178.294,2.97081,15.05075
178.394,2.97231,14.92859
178.494,2.97409,14.95415
178.594,2.97582,14.96963
178.694,2.9776,14.98465
178.794,2.97937,14.99899
178.894,2.9811,15.00884
178.994,2.98277,15.01608
179.094,2.98443,15.01896
179.194,2.9861,15.01611
179.294,2.98775,15.0206
179.394,2.98945,15.0266
179.494,2.99114,14.98657
179.594,2.99279,14.90958
179.694,2.9945,14.92338
179.794,2.99617,14.93493
179.894,2.99793,14.94998
179.994,2.99963,14.96105
180.094,3.00118,14.96259
180.194,3.00271,14.96449
180.294,3.00429,14.9665
180.394,3.00606,14.97872
180.494,3.00786,14.98871
180.594,3.00947,14.98335
180.694,3.01105,14.9763
180.731,3.01167,14.72427
180.831,3.01332,14.67108
180.931,3.015,14.69386
181.031,3.01668,14.71341
181.131,3.01831,14.73004
181.231,3.02001,14.74826
181.331,3.02178,14.76849
181.431,3.02355,14.78622
181.531,3.02525,14.80072
181.631,3.02677,14.80683
181.731,3.02864,14.82733
181.831,3.03047,14.84501
181.931,3.03199,14.84875
182.031,3.03359,14.85684
182.131,3.0353,14.8676
182.231,3.03687,14.87083
182.331,3.03845,14.87616
182.431,3.04003,14.87978
182.531,3.04168,14.88521
182.631,3.04331,14.8843
182.731,3.04492,14.74229
182.831,3.04654,14.7637
182.931,3.04819,14.77849
183.031,3.04988,14.79548
183.131,3.05157,14.80991
183.231,3.05329,14.82449
183.331,3.05499,14.83639
183.431,3.05667,14.84527
183.531,3.05831,14.85152
183.631,3.06011,14.86205
183.731,3.06193,14.86837
183.831,3.0636,14.73161
183.931,3.06524,14.7514
184.031,3.06693,14.76851
184.131,3.06855,14.77963
184.231,3.07005,14.7864
184.331,3.07162,14.79586
184.431,3.0732,14.80559
184.531,3.07485,14.8163
184.631,3.07648,14.82338
184.731,3.07819,14.83203
184.831,3.07993,14.83952
184.931,3.08153,14.82948
184.963,3.08213,14.57298
185.063,3.084,14.53621
185.163,3.08572,14.56342
185.263,3.08749,14.59025
185.363,3.08922,14.61213
185.463,3.09088,14.62904
185.563,3.09253,14.64533
185.663,3.09422,14.66319
185.763,3.09577,14.67399
185.863,3.09732,14.6861
185.963,3.09888,14.69743
186.063,3.10048,14.70933
186.163,3.10204,14.7198
186.263,3.10362,14.73108
186.363,3.10527,14.74353
186.463,3.10698,14.75717
186.563,3.10872,14.76781
186.663,3.11039,14.77434
186.763,3.11198,14.77515
186.863,3.11381,14.63953
186.963,3.11575,14.67025
187.063,3.11759,14.6943
187.163,3.1194,14.71603
187.263,3.121,14.726
187.363,3.12253,14.73516
187.463,3.12421,14.74916
187.563,3.12591,14.76296
187.663,3.12755,14.77195
187.763,3.12913,14.77679
187.863,3.1308,14.7799
187.963,3.13255,14.65899
188.063,3.13429,14.68571
188.163,3.13582,14.69878
188.263,3.13747,14.71759
188.363,3.13936,14.74461
188.463,3.14115,14.76322
188.563,3.14271,14.77082
188.663,3.14436,14.7822
188.763,3.14602,14.79196
188.863,3.1476,14.79162
188.907,3.14829,14.54126
189.007,3.14984,14.47233
189.107,3.15142,14.4987
189.207,3.15299,14.52282
189.307,3.15455,14.54392
189.407,3.15615,14.5648
189.507,3.1578,14.58749
189.607,3.1595,14.61018
189.707,3.16121,14.63172
189.807,3.16289,14.65083
189.907,3.16454,14.66655
190.007,3.16624,14.68495
190.107,3.16794,14.703
190.207,3.16962,14.71891
190.307,3.17145,14.73908
190.407,3.17331,14.75664
190.507,3.175,14.76419
190.607,3.17672,14.70986
190.707,3.17842,14.6416
190.807,3.18008,14.66442
190.907,3.18176,14.68715
191.007,3.1834,14.70565
191.107,3.18505,14.72259
191.207,3.18668,14.73756
191.307,3.1883,14.75016
191.407,3.18994,14.76327
191.507,3.19157,14.77137
191.607,3.19333,14.6406
191.707,3.19505,14.66377
191.807,3.19674,14.68706
191.907,3.19835,14.70618
192.007,3.19997,14.72414
192.107,3.20166,14.74196
192.207,3.20325,14.75458
192.307,3.20483,14.76516
192.407,3.20649,14.77742
192.507,3.20814,14.78467
192.607,3.20974,14.77645
192.646,3.21037,14.52523
192.746,3.21204,14.47169
192.846,3.21369,14.5038
192.946,3.21533,14.53323
193.046,3.21699,14.56143
193.146,3.21866,14.5879
193.246,3.2203,14.61038
193.346,3.22194,14.63217
193.446,3.22363,14.65471
193.546,3.22535,14.67641
193.646,3.22707,14.69633
193.746,3.22875,14.71176
193.846,3.23027,14.71825
193.946,3.23183,14.72706
194.046,3.23345,14.73643
194.146,3.23496,14.73729
194.246,3.23652,14.73874
194.346,3.23815,14.58204
194.446,3.23981,14.61052
194.546,3.24155,14.63697
194.646,3.2433,14.66182
194.746,3.24502,14.68147
194.846,3.24682,14.70475
194.946,3.24872,14.72766
195.046,3.25052,14.7427
195.146,3.25229,14.70331
195.246,3.25398,14.61923
195.346,3.25565,14.64254
195.446,3.25733,14.66368
195.546,3.25908,14.68668
195.646,3.26076,14.7044
195.746,3.26234,14.71622
195.846,3.26395,14.7285
195.946,3.26556,14.73905
196.046,3.26721,14.74738
196.146,3.26879,14.72494
196.246,3.27038,14.61117
196.346,3.27195,14.63358
196.446,3.27354,14.6539
196.546,3.27515,14.67399
196.646,3.27688,14.69577
196.746,3.27854,14.71227
196.846,3.28019,14.72508
196.946,3.28184,14.73463
197.046,3.28345,14.73821
197.136,3.28495,14.48361
197.236,3.28661,14.41307
197.336,3.28829,14.44519
197.436,3.28993,14.47144
197.536,3.29159,14.49516
197.636,3.29332,14.52113
197.736,3.29504,14.54425
197.836,3.29675,14.56491
197.936,3.29843,14.58369
198.036,3.29993,14.59442
198.136,3.30166,14.61609
198.236,3.30345,14.63767
198.336,3.30503,14.64624
198.436,3.30664,14.65552
198.536,3.30835,14.66828
198.636,3.31008,14.67905
198.736,3.31177,14.52055
198.836,3.31349,14.53831
198.936,3.31518,14.56363
199.036,3.31683,14.5841
199.136,3.31848,14.60483
199.236,3.32017,14.62431
199.336,3.32191,14.64441
199.436,3.32381,14.66701
199.536,3.32568,14.55162
199.636,3.32721,14.54618
199.736,3.32858,14.55694
199.836,3.33039,14.58803
199.936,3.33221,14.61469
200.036,3.33375,14.62456
200.136,3.33532,14.63775
200.236,3.33698,14.65237
200.336,3.33861,14.66115
200.436,3.34017,14.59566
200.536,3.34172,14.52574
200.636,3.34334,14.55164
200.736,3.34504,14.5786
200.836,3.34676,14.60382
200.936,3.34847,14.62496
201.036,3.35012,14.64101
201.136,3.35178,14.65463
201.236,3.35345,14.66072
201.301,3.35447,14.408
201.401,3.35627,14.34071
201.501,3.35815,14.38383
201.601,3.35988,14.41597
201.701,3.36154,14.44312
201.801,3.36327,14.47244
201.901,3.3649,14.49517
202.001,3.36644,14.513
202.101,3.36807,14.53508
202.201,3.36981,14.55958
202.301,3.37145,14.57743
202.401,3.37303,14.59075
202.501,3.37454,14.60047
202.601,3.37613,14.61228
202.701,3.37782,14.62199
202.766,3.37897,14.37025
202.866,3.3807,14.34344
202.966,3.38238,14.37938
203.066,3.38409,14.41303
203.166,3.38588,14.44936
203.266,3.38784,14.49097
203.366,3.38952,14.516
203.466,3.39108,14.53412
203.566,3.39269,14.55275
203.666,3.39438,14.57322
203.766,3.39593,14.58582
203.866,3.3975,14.59717
203.966,3.39916,14.411
204.066,3.40085,14.4547
204.166,3.40247,14.48158
204.266,3.40411,14.5077
204.366,3.40572,14.5299
204.466,3.40725,14.54721
204.566,3.40877,14.56156
204.666,3.41045,14.5778
204.766,3.41217,14.43587
204.866,3.41394,14.47746
204.966,3.41558,14.50343
205.066,3.4173,14.53112
205.166,3.41894,14.55186
205.266,3.42057,14.56796
205.366,3.42224,14.5842
205.466,3.4239,14.59168
205.566,3.42555,14.44122
205.666,3.42723,14.4789
205.766,3.42888,14.50508
205.866,3.43061,14.53206
205.966,3.43229,14.55392
206.066,3.43396,14.57049
206.166,3.43563,14.58533
206.266,3.43728,14.59123
206.366,3.43898,14.43621
206.466,3.44063,14.47394
206.566,3.44235,14.50433
206.666,3.44406,14.53076
206.766,3.44585,14.55734
206.866,3.44748,14.57167
206.966,3.44913,14.58386
207.066,3.45081,14.58454
207.166,3.45245,14.43003
207.266,3.45412,14.46822
207.366,3.45571,14.49148
207.466,3.4574,14.5182
207.566,3.45925,14.54934
207.666,3.46101,14.56823
207.766,3.46261,14.53257
207.791,3.46301,14.27917
207.891,3.46462,14.22904
207.991,3.46637,14.27208
208.091,3.46803,14.3058
208.191,3.46968,14.33705
208.291,3.47128,14.36497
208.391,3.47284,14.38953
208.491,3.47445,14.41465
208.591,3.4761,14.44151
208.691,3.47774,14.46426
208.791,3.47936,14.4834
208.891,3.481,14.50075
208.991,3.48272,14.51672
209.089,3.48437,14.26258
209.189,3.48602,14.23687
209.289,3.48766,14.27455
209.389,3.48929,14.30813
209.489,3.49099,14.34229
209.589,3.49261,14.37075
209.689,3.4943,14.40029
209.789,3.4962,14.43637
209.889,3.49805,14.46372
209.989,3.49974,14.48246
210.089,3.50129,14.49378
210.189,3.5029,14.31006
210.289,3.5045,14.33678
210.389,3.50611,14.36851
210.489,3.50767,14.3947
210.589,3.50934,14.42505
210.689,3.51101,14.45098
210.789,3.51267,14.46978
210.889,3.51434,14.32366
210.989,3.51623,14.36692
211.089,3.5177,14.38767
211.189,3.51937,14.41808
211.289,3.52106,14.44501
211.389,3.52273,14.46652
211.489,3.52448,14.48578
211.589,3.52626,14.3369
211.689,3.5279,14.35364
211.789,3.52952,14.38147
211.889,3.53117,14.4085
211.989,3.53284,14.43376
212.089,3.53447,14.45456
212.189,3.53608,14.46892
212.289,3.53765,14.4741
212.389,3.53933,14.30566
212.489,3.541,14.34267
212.589,3.54292,14.382
212.689,3.54448,14.39673
212.789,3.54602,14.41175
212.889,3.54764,14.42542
212.989,3.5493,14.43396
213.089,3.55124,14.29714
213.189,3.55299,14.29389
213.289,3.55458,14.31291
213.389,3.55614,14.32907
213.489,3.55782,14.34932
213.589,3.55953,14.36839
213.689,3.56118,14.37714
213.789,3.56286,14.29247
213.812,3.56323,14.03959
213.912,3.56489,13.99614
214.012,3.56651,14.03006
214.112,3.5682,14.07315
214.212,3.56971,14.09512
214.312,3.57118,14.11455
214.412,3.57278,14.13945
214.512,3.57458,14.17343
214.612,3.5763,14.20006
214.712,3.57797,14.22112
214.812,3.57969,14.24204
214.912,3.58146,14.25429
214.968,3.58242,14.00293
215.068,3.58416,13.96305
215.168,3.58586,14.00359
215.268,3.58751,14.0386
215.368,3.58922,14.07344
215.468,3.59097,14.11152
215.568,3.59254,14.1315
215.668,3.59419,14.15428
215.768,3.59586,14.17433
215.868,3.59754,14.19237
215.968,3.59916,14.06044
216.068,3.60081,14.02248
216.168,3.60239,14.05473
216.268,3.60391,14.08022
216.368,3.60563,14.11448
216.468,3.60745,14.14793
216.568,3.60924,14.16835
216.668,3.61099,14.02789
216.768,3.61259,14.06392
216.868,3.61418,14.0917
216.968,3.61568,14.11391
217.068,3.61724,14.13617
217.168,3.6189,14.15786
217.268,3.62056,14.074
217.368,3.62231,14.02606
217.468,3.62408,14.06769
217.568,3.62568,14.09576
217.668,3.62739,14.12683
217.768,3.62934,14.16156
217.868,3.63109,14.15935
217.968,3.63269,14.02209
218.068,3.63435,14.06081
218.168,3.63609,14.09846
218.268,3.63768,14.12335
218.368,3.63913,14.13836
218.468,3.64069,14.15436
218.568,3.64235,14.15286
218.668,3.644,14.00546
218.768,3.64565,14.04556
218.868,3.64725,14.07678
218.968,3.64887,14.10446
219.068,3.65052,14.12824
219.168,3.65223,14.14529
219.268,3.65389,14.13945
219.301,3.65447,13.88078
219.401,3.65622,13.78609
219.501,3.65788,13.83328
219.601,3.65968,13.88197
219.701,3.66149,13.92603
219.801,3.66321,13.96287
219.901,3.66487,13.99383
220.001,3.66652,14.01647
220.101,3.66814,14.03797
220.201,3.66974,14.05725
220.301,3.67134,14.07326
220.401,3.67296,14.07825
220.438,3.67355,13.82477
220.538,3.67515,13.77886
220.638,3.67679,13.82371
220.738,3.6785,13.86799
220.838,3.68018,13.90664
220.938,3.68172,13.93443
221.038,3.68357,13.97502
221.138,3.68541,14.00809
221.238,3.68709,14.03035
221.338,3.68878,13.95122
221.438,3.69046,13.8593
221.538,3.69213,13.89983
221.638,3.69387,13.94069
221.738,3.6956,13.97585
221.838,3.6972,13.99837
221.938,3.69881,13.94614
222.038,3.7005,13.87276
222.138,3.70216,13.9137
222.238,3.70375,13.94603
222.338,3.70534,13.97466
222.438,3.70699,14.00111
222.538,3.70861,14.01303
222.638,3.71029,13.85507
222.738,3.71193,13.89994
222.838,3.71355,13.93537
222.938,3.71528,13.97208
223.038,3.71701,14.00055
223.138,3.7187,13.99817
223.238,3.72035,13.85976
223.338,3.72204,13.9047
223.438,3.72369,13.94042
223.538,3.72537,13.97202
223.638,3.727,13.99479
223.738,3.72859,14.00512
223.838,3.73024,13.8218
223.938,3.73191,13.87533
224.038,3.73362,13.91711
224.138,3.73538,13.9554
224.238,3.73702,13.98126
224.338,3.73874,13.99975
224.438,3.74047,13.82423
224.538,3.74216,13.86513
224.638,3.74383,13.90306
224.738,3.74549,13.93324
224.838,3.74717,13.96058
224.938,3.74882,13.97665
225.005,3.74991,13.72056
225.105,3.75148,13.59693
225.205,3.75313,13.65163
225.305,3.75485,13.70227
225.405,3.75655,13.74728
225.505,3.75826,13.78909
225.605,3.75993,13.82564
225.705,3.76156,13.8554
225.805,3.76318,13.88017
225.905,3.76478,13.89811
226.005,3.76648,13.74812
226.105,3.7681,13.60258
226.205,3.76979,13.65541
226.305,3.77145,13.70002
226.405,3.77309,13.73917
226.505,3.77466,13.77167
226.605,3.77628,13.80287
226.705,3.77787,13.82735
226.805,3.77944,13.84748
226.905,3.78105,13.76696
227.005,3.78267,13.65608
227.105,3.78437,13.7036
227.205,3.78618,13.75187
227.305,3.78793,13.7896
227.405,3.78958,13.81405
227.505,3.79121,13.63757
227.605,3.79304,13.70066
227.705,3.79481,13.74565
227.805,3.7965,13.78035
227.905,3.79819,13.80973
228.005,3.79985,13.82412
228.105,3.80156,13.66137
228.205,3.80326,13.71279
228.305,3.80487,13.74857
228.405,3.80653,13.78403
228.505,3.8082,13.81177
228.605,3.80978,13.75042
228.705,3.81132,13.66274
228.805,3.81291,13.70502
228.905,3.81465,13.74921
229.005,3.81637,13.78513
229.105,3.81799,13.80665
229.205,3.81964,13.67832
229.305,3.82135,13.67627
229.405,3.82304,13.72211
229.505,3.82479,13.76518
229.605,3.8265,13.79749
229.705,3.82813,13.81338
229.805,3.82974,13.64148
229.905,3.83133,13.68542
230.005,3.83292,13.72498
230.105,3.83451,13.75879
230.205,3.83611,13.78783
230.305,3.83776,13.807
230.405,3.83944,13.62671
230.505,3.84115,13.6727
230.605,3.84282,13.71569
230.705,3.84444,13.75043
230.805,3.84612,13.78279
230.905,3.84799,13.79513
230.928,3.84841,13.53515
231.028,3.85007,13.41651
231.128,3.85188,13.4829
231.228,3.85364,13.53804
231.328,3.85519,13.57676
231.428,3.85675,13.6126
231.528,3.85831,13.64561
231.628,3.85994,13.67871
231.728,3.86162,13.70796
231.828,3.86327,13.72655
231.908,3.86464,13.46907
232.008,3.86634,13.43471
232.108,3.86795,13.48271
232.208,3.86958,13.52781
232.308,3.87125,13.57067
232.408,3.87285,13.60693
232.508,3.87438,13.63589
232.608,3.8761,13.67108
232.708,3.87792,13.70495
232.808,3.87974,13.46584
232.908,3.88142,13.53042
233.008,3.88306,13.57366
233.108,3.88479,13.61837
233.208,3.88647,13.65401
233.308,3.88803,13.67063
233.408,3.88964,13.48819
233.508,3.89137,13.55021
233.608,3.89309,13.59528
233.708,3.89486,13.6346
233.808,3.89652,13.6584
233.908,3.89819,13.67133
234.008,3.89977,13.46849
234.108,3.9015,13.52668
234.208,3.90342,13.55117
234.308,3.90508,13.55237
234.408,3.90671,13.57096
234.508,3.90841,13.59667
234.608,3.90999,13.60946
234.708,3.91155,13.58588
234.808,3.91322,13.43223
234.908,3.9149,13.48423
235.008,3.91657,13.52783
235.108,3.91821,13.56354
235.208,3.91984,13.59029
235.308,3.92152,13.455
235.408,3.92322,13.44994
235.508,3.92491,13.49928
235.608,3.92658,13.54092
235.708,3.92809,13.56708
235.808,3.92975,13.59393
235.908,3.93165,13.41749
236.008,3.93336,13.46379
236.108,3.93501,13.51138
236.208,3.93662,13.55388
236.308,3.93817,13.58144
236.408,3.93979,13.60209
236.475,3.94091,13.35018
236.575,3.94257,13.22249
236.675,3.94415,13.28156
236.775,3.94573,13.33374
236.875,3.94739,13.38626
236.975,3.94906,13.43394
237.075,3.95077,13.48004
237.175,3.95249,13.51969
237.275,3.95408,13.5387
237.337,3.95515,13.28173
237.437,3.95698,13.25989
237.537,3.95869,13.31965
237.637,3.96033,13.36925
237.737,3.96204,13.41902
237.837,3.96375,13.46392
237.937,3.96548,13.50468
238.037,3.96715,13.53529
238.137,3.96881,13.55857
238.224,3.97024,13.30286
238.324,3.97179,13.26246
238.424,3.9734,13.31916
238.524,3.97504,13.37145
238.624,3.97667,13.41844
238.724,3.97824,13.45819
238.824,3.97986,13.49483
238.924,3.9816,13.52933
238.979,3.98254,13.27614
239.079,3.98418,13.31217
239.179,3.98588,13.36881
239.279,3.98774,13.4275
239.379,3.98945,13.46634
239.479,3.99104,13.35057
239.579,3.99268,13.33547
239.679,3.99441,13.37979
239.779,3.99603,13.41321
239.879,3.99771,13.44292
239.979,3.99934,13.46475
240.079,4.00099,13.33193
240.179,4.00257,13.30335
240.279,4.00414,13.34901
240.379,4.00577,13.39069
240.479,4.00748,13.42764
240.579,4.00913,13.43935
240.679,4.0109,13.44727
240.779,4.01256,13.26298
240.879,4.01426,13.32483
240.979,4.01593,13.37255
241.079,4.01767,13.41611
241.179,4.01941,13.44337
241.279,4.02107,13.24719
241.379,4.02272,13.3142
241.479,4.02442,13.36482
241.579,4.02607,13.40545
241.679,4.02773,13.43466
241.779,4.02936,13.44386
241.879,4.03107,13.25706
241.979,4.03269,13.31774
242.079,4.03438,13.36661
242.179,4.03602,13.40588
242.279,4.03756,13.43012
242.379,4.03908,13.43709
242.479,4.04075,13.25457
242.579,4.04249,13.32238
242.679,4.04419,13.37266
242.779,4.0459,13.41353
242.879,4.04749,13.43422
242.979,4.04912,13.41855
243.079,4.05077,13.28408
243.179,4.05235,13.32819
243.279,4.05413,13.38515
243.379,4.05568,13.4051
243.464,4.0571,13.14393
243.564,4.05888,13.03325
243.664,4.06053,13.09682
243.764,4.06217,13.1516
243.864,4.06377,13.20041
243.964,4.06548,13.25111
244.064,4.06717,13.29563
244.164,4.06888,13.33576
244.264,4.07064,13.3602
244.297,4.07121,13.11009
244.397,4.07285,13.05903
244.497,4.07446,13.11709
244.597,4.07612,13.17264
244.697,4.07775,13.22265
244.797,4.07943,13.27163
244.897,4.08106,13.31056
244.997,4.08271,13.34549
245.097,4.08436,13.36792
245.167,4.08555,13.11713
245.267,4.08724,13.0806
245.367,4.08893,13.14216
245.467,4.09061,13.19745
245.567,4.09233,13.25084
245.667,4.09406,13.30056
245.767,4.09608,13.35663
245.867,4.09787,13.14175
245.967,4.09947,13.12726
246.067,4.10107,13.18118
246.167,4.10267,13.22888
246.267,4.10429,13.2772
246.367,4.10586,13.1838
246.467,4.10737,13.13901
246.567,4.10896,13.19207
246.667,4.11057,13.24074
246.767,4.11217,13.28079
246.867,4.1138,13.3081
246.967,4.11543,13.12306
247.067,4.11699,13.18428
247.167,4.11868,13.23655
247.267,4.12051,13.28532
247.367,4.12218,13.30708
247.439,4.1234,13.05345
247.539,4.12507,13.00826
247.639,4.12676,13.03662
247.739,4.12842,13.06199
247.839,4.1301,13.0868
247.939,4.13187,13.11289
248.039,4.13346,12.88507
248.139,4.13499,12.93272
248.239,4.13656,12.97271
248.339,4.13825,13.01081
248.439,4.13994,13.04482
248.539,4.14168,13.07228
248.639,4.14342,12.85886
248.739,4.14506,12.92462
248.839,4.14674,12.97482
248.939,4.14844,13.01674
249.039,4.15025,13.05696
249.139,4.15216,12.90338
249.239,4.15397,12.92632
249.339,4.15546,12.96307
249.439,4.15703,13.00088
249.539,4.15871,13.03706
249.639,4.1603,13.05475
249.739,4.1619,13.01112
249.762,4.16226,12.7564
249.862,4.1639,12.70823
249.962,4.16559,12.77191
250.062,4.16721,12.82393
250.162,4.16883,12.87175
250.262,4.17046,12.91709
250.362,4.17201,12.95271
250.462,4.17378,12.99338
250.539,4.17528,12.73883
250.639,4.17702,12.73641
250.739,4.17863,12.79311
250.839,4.1804,12.8547
250.939,4.18215,12.9094
251.039,4.1838,12.95317
251.139,4.18549,12.99179
251.239,4.18713,13.01345
251.314,4.18835,12.76111
251.414,4.19002,12.75963
251.514,4.19169,12.82218
251.614,4.19333,12.87731
251.714,4.195,12.92976
251.814,4.19674,12.98029
251.914,4.19859,13.02316
251.958,4.19931,12.76765
252.058,4.2009,12.7553
252.158,4.20239,12.80808
252.258,4.204,12.86217
252.358,4.20577,12.91773
252.458,4.20754,12.74144
252.558,4.20933,12.81287
252.658,4.21084,12.86194
252.758,4.2125,12.9139
252.858,4.21431,12.96085
252.958,4.21594,12.76989
253.058,4.21753,12.84232
253.158,4.21911,12.89661
253.258,4.22082,12.94941
253.358,4.2225,12.97511
253.458,4.22414,12.80675
253.558,4.22572,12.86887
253.658,4.22731,12.92105
253.758,4.22916,12.97529
253.858,4.23086,12.86966
253.958,4.23247,12.84257
254.058,4.2341,12.90133
254.158,4.23583,12.9576
254.258,4.23734,12.98507
254.358,4.23889,12.9256
254.458,4.24052,12.83503
254.558,4.24218,12.89999
254.658,4.24384,12.95373
254.758,4.24549,12.99242
254.858,4.24717,12.81218
254.958,4.24892,12.88066
255.058,4.25055,12.937
255.158,4.2522,12.98353
255.258,4.25394,12.99127
255.358,4.25577,12.87212
255.458,4.25746,12.93413
255.558,4.25919,12.98729
255.658,4.261,13.00236
255.758,4.26263,12.87115
255.858,4.26421,12.92924
255.958,4.26578,12.97606
256.058,4.26729,13.00631
256.158,4.26882,12.96503
256.178,4.26913,12.71431
256.278,4.27069,12.62724
256.378,4.27222,12.69592
256.478,4.27383,12.76141
256.578,4.27544,12.82018
256.678,4.27706,12.87265
256.778,4.27876,12.91642
256.849,4.27997,12.66335
256.949,4.28161,12.66829
257.049,4.28348,12.75175
257.149,4.28529,12.82207
257.249,4.28703,12.88074
257.349,4.28871,12.92451
257.449,4.29042,12.82841
257.549,4.29228,12.70365
257.649,4.29409,12.78019
257.749,4.29571,12.83839
257.849,4.29728,12.88839
257.949,4.29892,12.93458
258.049,4.30056,12.95953
258.108,4.30153,12.70862
258.208,4.30317,12.72788
258.308,4.30481,12.796
258.408,4.30648,12.85964
258.508,4.30817,12.91681
258.608,4.30987,12.96114
258.708,4.31149,12.93094
258.808,4.31321,12.74114
258.908,4.31498,12.82038
259.008,4.31667,12.88208
259.108,4.31832,12.9348
259.208,4.31997,12.88612
259.241,4.3205,12.6353
259.341,4.32212,12.70279
259.441,4.32374,12.77007
259.541,4.32542,12.8312
259.641,4.32712,12.77521
259.741,4.3287,12.70833
259.841,4.33027,12.77049
259.941,4.33191,12.8251
260.041,4.33358,12.86901
260.141,4.33523,12.66874
260.241,4.33679,12.7481
260.341,4.33853,12.81596
260.441,4.34024,12.86843
260.541,4.34188,12.77653
260.641,4.34357,12.75499
260.741,4.34526,12.82116
260.841,4.34689,12.87246
260.941,4.34856,12.88083
261.041,4.35023,12.7412
261.141,4.35191,12.81056
261.241,4.35357,12.86685
261.341,4.35523,12.90186
261.441,4.35691,12.73945
261.541,4.35861,12.81824
261.641,4.36034,12.88029
261.741,4.36207,12.91876
261.841,4.36366,12.74836
261.941,4.36529,12.82538
262.041,4.367,12.88687
262.141,4.36867,12.927
262.241,4.37036,12.74979
262.341,4.37201,12.82926
262.441,4.37366,12.88795
262.541,4.37524,12.92601
262.641,4.37687,12.77839
262.741,4.3785,12.81638
262.841,4.38015,12.87782
262.941,4.38177,12.92423
263.041,4.38342,12.82272
263.141,4.38513,12.80958
263.241,4.38684,12.87584
263.341,4.38846,12.92282
263.441,4.3901,12.89729
263.541,4.39178,12.80529
263.641,4.39364,12.88209
263.741,4.39535,12.93137
263.841,4.39706,12.84215
263.941,4.39869,12.84099
264.041,4.40032,12.89947
264.141,4.40194,12.94248
264.241,4.40348,12.9414
264.341,4.40504,12.85257
264.441,4.40671,12.91344
264.541,4.40835,12.94921
264.578,4.40893,12.69082
264.678,4.4105,12.52512
264.778,4.41213,12.60729
264.878,4.41377,12.68021
264.978,4.41552,12.75232
265.078,4.41734,12.816
265.178,4.41913,12.56766
265.278,4.42084,12.59984
265.378,4.42252,12.67579
265.478,4.4243,12.75117
265.578,4.42621,12.82322
265.678,4.42801,12.86345
265.735,4.42891,12.61194
265.835,4.43043,12.6339
265.935,4.43199,12.69853
266.035,4.43362,12.76372
266.135,4.43526,12.82148
266.235,4.43686,12.86824
266.335,4.4385,12.83634
266.373,4.43915,12.5844
266.473,4.44096,12.66448
266.573,4.4427,12.74055
266.673,4.44426,12.7995
266.773,4.4458,12.85015
266.873,4.44757,12.90032
266.946,4.44886,12.64836
267.046,4.45053,12.66422
267.146,4.45224,12.74084
267.246,4.45386,12.80468
267.346,4.45553,12.863
267.446,4.45724,12.90411
267.54,4.45883,12.65171
267.64,4.46051,12.70919
267.74,4.46213,12.77672
267.84,4.46372,12.83668
267.94,4.46539,12.89232
268.03,4.46689,12.63626
268.13,4.46853,12.61645
268.23,4.47015,12.69076
268.33,4.47175,12.75067
268.43,4.47336,12.60405
268.53,4.47498,12.66437
268.63,4.47681,12.74643
268.73,4.47869,12.76361
268.83,4.4805,12.69235
268.93,4.48222,12.76686
269.03,4.48388,12.82054
269.13,4.48546,12.66135
269.23,4.48704,12.73034
269.33,4.48869,12.79626
269.43,4.49031,12.83996
269.53,4.49197,12.67682
269.63,4.4936,12.75763
269.73,4.49523,12.8168
269.83,4.49688,12.79413
269.93,4.4986,12.73227
270.03,4.50009,12.78956
270.13,4.50176,12.84462
270.23,4.50351,12.68429
270.33,4.50518,12.7676
270.43,4.50676,12.82459
270.53,4.5084,12.85215
270.63,4.51007,12.73468
270.73,4.51172,12.80644
270.83,4.51335,12.85697
270.93,4.51507,12.70113
271.03,4.51674,12.78614
271.13,4.51845,12.84998
271.23,4.52019,12.77441
271.33,4.52189,12.79972
271.43,4.52355,12.85823
271.53,4.52521,12.85625
271.63,4.52691,12.79661
271.73,4.52848,12.85371
271.83,4.53028,12.87018
271.93,4.53223,12.78005
272.03,4.53386,12.84427
272.13,4.53535,12.88147
272.23,4.53691,12.79957
272.33,4.53853,12.82636
272.43,4.54008,12.87822
272.53,4.54167,12.85533
272.63,4.54332,12.79937
272.73,4.54488,12.85983
272.83,4.54652,12.89446
272.93,4.54821,12.7908
273.03,4.54991,12.86289
273.13,4.55161,12.89897
273.23,4.55332,12.80293
273.33,4.55488,12.86479
273.43,4.55675,12.88833
273.53,4.55859,12.82382
273.63,4.56027,12.88524
273.73,4.56194,12.90084
273.83,4.56365,12.84104
273.93,4.56536,12.90157
274.03,4.56696,12.91416
274.13,4.56857,12.78436
274.148,4.56888,12.5264
274.248,4.57057,12.47072
274.348,4.57216,12.56101
274.448,4.57381,12.64442
274.548,4.57554,12.72145
274.648,4.5772,12.68503
274.748,4.57882,12.50591
274.848,4.58042,12.59402
274.948,4.58201,12.67047
275.048,4.58366,12.74131
275.148,4.58532,12.7748
275.187,4.58601,12.52162
275.287,4.58789,12.58067
275.387,4.58964,12.6682
275.487,4.59123,12.735
275.587,4.59282,12.78961
275.678,4.59438,12.53959
275.778,4.59599,12.58673
275.878,4.59758,12.66393
275.978,4.59913,12.72385
276.078,4.60068,12.77738
276.178,4.60227,12.79903
276.22,4.603,12.5483
276.32,4.6047,12.59537
276.42,4.60638,12.67778
276.52,4.60804,12.74842
276.62,4.60972,12.80157
276.703,4.6112,12.5496
276.803,4.61291,12.62418
276.903,4.61458,12.70306
277.003,4.61627,12.77333
277.103,4.61808,12.81815
277.172,4.6193,12.56778
277.272,4.62093,12.6506
277.372,4.62258,12.72605
277.472,4.62419,12.78829
277.572,4.6258,12.82643
277.672,4.62737,12.63469
277.772,4.62901,12.6774
277.872,4.63073,12.75214
277.972,4.63236,12.80775
278.052,4.63367,12.5565
278.152,4.63534,12.53003
278.252,4.63697,12.60934
278.352,4.63859,12.65881
278.452,4.6403,12.56398
278.552,4.64214,12.65635
278.652,4.64404,12.56713
278.752,4.64575,12.63238
278.852,4.64739,12.69611
278.952,4.64901,12.58727
279.052,4.65064,12.64753
279.152,4.65226,12.71089
279.252,4.65396,12.58318
279.352,4.65561,12.66257
279.452,4.65732,12.72919
279.552,4.65901,12.62033
279.652,4.66068,12.70137
279.752,4.66231,12.74612
279.852,4.66398,12.64958
279.952,4.6658,12.73377
280.052,4.66737,12.71381
280.152,4.6689,12.71462
280.252,4.67055,12.75936
280.352,4.67221,12.66002
280.452,4.67371,12.72423
280.552,4.67535,12.66234
280.652,4.67691,12.64797
280.752,4.67833,12.70841
280.852,4.67988,12.75862
280.952,4.68151,12.66195
281.052,4.6832,12.73656
281.152,4.68491,12.75467
281.252,4.68663,12.72321
281.352,4.68848,12.77805
281.452,4.69024,12.71858
281.552,4.692,12.77709
281.652,4.69367,12.73815
281.752,4.69556,12.75757
281.852,4.69741,12.75178
281.952,4.69916,12.76633
282.052,4.70081,12.773
282.152,4.70233,12.76637
282.252,4.70388,12.76812
282.352,4.70547,12.75795
282.452,4.70705,12.77577
282.552,4.70866,12.75261
282.652,4.71024,12.7629
282.752,4.71185,12.75758
282.852,4.71355,12.75
282.952,4.71522,12.77002
283.052,4.71678,12.74829
283.152,4.71845,12.77809
283.252,4.72057,12.7412
283.352,4.72233,12.78141
283.452,4.72393,12.77749
283.552,4.72561,12.77974
283.652,4.72734,12.76481
283.752,4.72896,12.77903
283.852,4.73057,12.77554
283.952,4.73213,12.75435
284.052,4.73368,12.78357
284.152,4.73528,12.73489
284.252,4.73691,12.76766
284.352,4.73857,12.76599
284.452,4.74028,12.75859
284.552,4.742,12.77828
284.652,4.74375,12.75735
284.752,4.74558,12.77485
284.852,4.7472,12.76674
284.952,4.74871,12.79969
285.052,4.75051,12.72408
285.152,4.75236,12.78417
285.252,4.75407,12.77668
285.352,4.75574,12.78776
285.452,4.75742,12.79388
285.552,4.75921,12.77584
285.652,4.76088,12.79196
285.752,4.76239,12.80011
285.852,4.76394,12.78733
285.949,4.76555,12.53707
285.968,4.76586,12.2822
286.068,4.76752,12.32645
286.168,4.7691,12.42338
286.268,4.77067,12.50826
286.368,4.77222,12.57834
286.459,4.77388,12.3248
286.559,4.77562,12.37139
286.659,4.77723,12.46378
286.759,4.77894,12.55397
286.859,4.78065,12.61698
286.93,4.78181,12.36642
287.03,4.78346,12.43037
287.13,4.78509,12.51831
287.23,4.78665,12.5908
287.33,4.78826,12.64631
287.395,4.78938,12.39176
287.495,4.79113,12.4398
287.595,4.79284,12.53327
287.695,4.79457,12.61547
287.795,4.79634,12.62645
287.895,4.79824,12.44808
287.995,4.79976,12.5307
288.095,4.80128,12.60372
288.195,4.80295,12.67039
288.283,4.80441,12.41935
288.383,4.80613,12.48616
288.483,4.80785,12.57927
288.583,4.80952,12.65264
288.683,4.81126,12.48526
288.783,4.81289,12.49738
288.883,4.81449,12.58308
288.983,4.81612,12.65785
289.083,4.8178,12.67549
289.183,4.81948,12.49272
289.283,4.82113,12.5872
289.383,4.82286,12.67048
289.483,4.82463,12.60808
289.583,4.82611,12.50808
289.683,4.82784,12.60722
289.783,4.82976,12.69454
289.883,4.83148,12.51643
289.983,4.83304,12.58709
290.083,4.83454,12.65683
290.183,4.83616,12.71482
290.283,4.83775,12.55314
290.383,4.83929,12.56997
290.483,4.84084,12.64723
290.583,4.84248,12.69597
290.609,4.84291,12.44509
290.709,4.84462,12.43436
290.809,4.84623,12.50945
290.909,4.84783,12.48144
291.009,4.84946,12.53523
291.109,4.85116,12.49172
291.209,4.85288,12.5389
291.309,4.85451,12.54605
291.409,4.8562,12.53227
291.509,4.85789,12.58042
291.609,4.85983,12.54527
291.709,4.86171,12.59161
291.809,4.86337,12.57669
291.909,4.86497,12.61312
292.009,4.86665,12.56078
292.109,4.86821,12.61169
292.209,4.86976,12.58194
292.309,4.87136,12.59873
292.409,4.87295,12.61323
292.509,4.87466,12.58806
292.609,4.87639,12.62648
292.709,4.87813,12.59989
292.809,4.87986,12.63561
292.909,4.88132,12.6183
293.009,4.88307,12.62568
293.109,4.88488,12.63107
293.209,4.88655,12.63026
293.309,4.88817,12.63793
293.409,4.88986,12.62414
293.509,4.89158,12.63707
293.609,4.8932,12.64077
293.709,4.89484,12.64106
293.809,4.89648,12.64119
293.909,4.89812,12.63706
294.009,4.89969,12.64721
294.109,4.90129,12.64237
294.209,4.90293,12.64177
294.309,4.90455,12.6494
294.409,4.90622,12.64212
294.509,4.90785,12.64987
294.609,4.90954,12.64092
294.709,4.91122,12.64327
294.809,4.91289,12.64681
294.909,4.91477,12.64352
295.009,4.91655,12.64696
295.109,4.91827,12.65134
295.209,4.91997,12.64947
295.309,4.92157,12.65165
295.409,4.9232,12.65516
295.509,4.92493,12.64606
295.609,4.92666,12.64285
295.709,4.9283,12.65436
295.809,4.92992,12.65361
295.909,4.93161,12.64763
296.009,4.93323,12.65583
296.109,4.93487,12.64872
296.209,4.93647,12.65523
296.309,4.93809,12.65118
296.409,4.93976,12.6495
296.509,4.94141,12.65497
296.609,4.94304,12.64822
296.709,4.94468,12.65659
296.809,4.94634,12.64584
296.909,4.948,12.65756
297.009,4.94967,12.6424
297.109,4.9513,12.65717
297.209,4.95294,12.65117
297.309,4.95462,12.64313
297.409,4.95626,12.65331
297.509,4.9579,12.65239
297.609,4.95957,12.65306
297.709,4.96123,12.65307
297.809,4.96282,12.65672
297.909,4.96442,12.64186
298.009,4.96604,12.65226
298.109,4.96769,12.63948
298.209,4.96942,12.65135
298.309,4.97126,12.64658
298.409,4.97302,12.65818
298.509,4.97469,12.65504
298.609,4.97636,12.6625
298.709,4.97797,12.66451
298.809,4.97965,12.65683
298.909,4.98135,12.65435
299.009,4.98303,12.6591
299.109,4.98475,12.65007
299.209,4.98647,12.6557
299.285,4.98781,12.40502
299.301,4.9881,12.14619
299.401,4.98978,12.15142
299.501,4.99137,12.26003
299.601,4.99316,12.36959
299.701,4.9949,12.32791
299.801,4.99657,12.17767
299.901,4.99825,12.28844
300.001,4.99988,12.37996
300.101,5.00149,12.44789
300.17,5.00264,12.1965
300.27,5.00427,12.2274
300.37,5.00593,12.33158
300.47,5.0075,12.4156
300.57,5.00903,12.46602
300.625,5.00989,12.21196
300.725,5.01148,12.25599
300.825,5.01319,12.36278
300.925,5.01488,12.44851
301.025,5.01653,12.39208
301.125,5.0182,12.25892
301.225,5.01982,12.35889
301.325,5.02154,12.45221
301.425,5.02328,12.37837
301.525,5.02507,12.28043
301.625,5.02695,12.39537
301.725,5.02874,12.47295
301.825,5.03041,12.31462
301.925,5.03209,12.38829
302.025,5.03376,12.46973
302.125,5.03523,12.50215
302.225,5.03674,12.29836
302.325,5.03836,12.3965
302.425,5.03998,12.47648
302.525,5.04172,12.41711
302.625,5.04345,12.315
302.725,5.04506,12.40912
302.825,5.04671,12.48582
302.925,5.04857,12.25476
303.025,5.05027,12.36339
303.125,5.052,12.45575
303.225,5.05367,12.47351
303.325,5.05529,12.36467
303.425,5.05691,12.45057
303.525,5.05853,12.50653
303.625,5.06017,12.33969
303.725,5.0618,12.41073
303.825,5.06343,12.48659
303.925,5.06511,12.46929
304.025,5.06673,12.36486
304.125,5.06828,12.44638
304.225,5.06988,12.50505
304.325,5.07155,12.31427
304.425,5.07326,12.40115
304.525,5.07481,12.47217
304.625,5.07661,12.47638
304.725,5.07842,12.36336
304.825,5.08015,12.45415
304.918,5.0817,12.20164
305.018,5.0833,12.2108
305.118,5.08496,12.29009
305.218,5.08668,12.26113
305.318,5.08833,12.32389
305.418,5.09,12.28306
305.518,5.09168,12.33828
305.618,5.09337,12.30512
305.718,5.0951,12.34151
305.818,5.09687,12.32629
305.918,5.09853,12.34824
306.018,5.09996,12.33455
306.118,5.10172,12.32131
306.218,5.1035,12.34814
306.318,5.10506,12.35334
306.418,5.10665,12.33472
306.518,5.10846,12.33256
306.618,5.11019,12.35434
306.718,5.11168,12.35036
306.818,5.11323,12.35156
306.918,5.11489,12.34343
307.018,5.11657,12.35122
307.118,5.11823,12.3539
307.218,5.11995,12.3505
307.318,5.12165,12.367
307.418,5.12333,12.35814
307.518,5.12504,12.35654
307.618,5.1267,12.36532
307.718,5.12827,12.35512
307.818,5.12999,12.36841
307.918,5.13197,12.36472
308.018,5.13366,12.35708
308.118,5.13519,12.37257
308.218,5.13678,12.36373
308.318,5.13837,12.37082
308.418,5.13999,12.36604
308.518,5.14164,12.36579
308.618,5.14324,12.29846
308.718,5.14477,12.28924
308.818,5.14641,12.26801
308.918,5.14818,12.25582
309.018,5.14987,12.29066
309.118,5.15154,12.2613
309.197,5.15293,11.97264
309.2,5.15298,11.72177
309.203,5.15304,11.43301
309.206,5.15309,11.12369
309.209,5.15314,10.80805
309.212,5.15319,10.49745
309.215,5.15324,10.2001
309.218,5.15329,9.92188
309.221,5.15334,9.66684
309.225,5.15341,9.3669
309.229,5.15347,9.11428
309.234,5.15355,8.86319
309.242,5.15368,8.59479
309.342,5.15531,8.55039
309.442,5.15707,8.5799
309.542,5.15876,8.62703
309.642,5.16041,8.66943
309.742,5.16213,8.70282
309.842,5.16386,8.74184
309.942,5.16551,8.76901
310.042,5.16715,8.79469
310.142,5.16885,8.82965
310.242,5.17047,8.86624
310.342,5.17204,8.89571
310.442,5.17365,8.92114
310.542,5.17526,8.94727
310.642,5.17695,8.9761
310.742,5.17861,9.0034
310.842,5.18029,9.03256
310.942,5.18198,9.0586
311.042,5.18364,9.07743
311.142,5.18525,9.09797
311.242,5.18701,9.12389
311.342,5.18885,9.14301
311.442,5.19051,9.16468
311.542,5.19212,9.18034
311.642,5.19376,9.19565
311.742,5.19538,9.20196
311.842,5.19697,9.21088
311.942,5.19863,9.21377
312.042,5.20033,9.19945
312.142,5.20193,9.2109
312.242,5.20354,9.20716
312.342,5.20519,9.21259
312.442,5.20683,9.19925
312.542,5.20841,9.20777
312.642,5.21012,9.18375
312.742,5.21183,9.2053
312.842,5.21353,9.20287
312.942,5.21515,9.20624
313.042,5.21679,9.22177
313.142,5.2185,9.19397
313.242,5.22008,9.23833
313.342,5.22176,9.17706
313.442,5.22348,9.23206
313.542,5.22516,9.18723
313.642,5.22677,9.23763
313.742,5.22839,9.1893
313.842,5.23014,9.23754
313.942,5.23191,9.19883
314.042,5.23359,9.24484
314.142,5.23518,9.2132
314.242,5.23682,9.24421
314.342,5.23852,9.21311
314.442,5.24028,9.2347
314.542,5.24204,9.23109
314.642,5.24384,9.22347
314.742,5.24555,9.24172
314.842,5.24721,9.16418
314.942,5.24878,9.14652
315.042,5.25042,9.18349
315.096,5.25132,9.19981
