General : Start date,"2020-08-07"
General : End date,"2020-08-07"
General : Unique identifier,"{E145F8CC-3306-43B5-8840-C6AAFCA8E40C}"
Specimen notes : Length, D1, D2,""
Specimen notes : Genotype and WR,"P6 W1 2"
Break (Standard) : Load at Break (Standard),"14.73037",N
Maximum Load : Maximum Load,"20.59959",N

Time,Extension,Load
(s),(mm),(N)
"0.00000","0.00000","0.65293"
"0.10000","0.00006","0.65398"
"0.20000","0.00054","0.66017"
"0.30000","0.00152","0.67166"
"0.40000","0.00325","0.69319"
"0.50000","0.00577","0.71767"
"0.60000","0.00846","0.73687"
"0.70000","0.01080","0.75781"
"0.80000","0.01277","0.78036"
"0.90000","0.01451","0.80012"
"1.00000","0.01615","0.81854"
"1.10000","0.01780","0.83663"
"1.20000","0.01946","0.85505"
"1.30000","0.02110","0.87292"
"1.40000","0.02277","0.89013"
"1.50000","0.02460","0.91004"
"1.60000","0.02631","0.92691"
"1.70000","0.02786","0.94166"
"1.80000","0.02956","0.95907"
"1.90000","0.03125","0.97493"
"2.00000","0.03280","0.98937"
"2.10000","0.03474","1.00925"
"2.20000","0.03654","1.02619"
"2.30000","0.03814","1.04034"
"2.40000","0.03979","1.05475"
"2.50000","0.04150","1.07098"
"2.60000","0.04313","1.08547"
"2.70000","0.04467","1.09890"
"2.80000","0.04632","1.11409"
"2.90000","0.04802","1.12995"
"3.00000","0.04968","1.14500"
"3.10000","0.05134","1.16001"
"3.20000","0.05305","1.17594"
"3.30000","0.05473","1.19053"
"3.40000","0.05637","1.20481"
"3.50000","0.05792","1.21694"
"3.60000","0.05954","1.23134"
"3.70000","0.06129","1.24752"
"3.80000","0.06311","1.26443"
"3.90000","0.06488","1.28001"
"4.00000","0.06663","1.29585"
"4.10000","0.06827","1.30945"
"4.20000","0.06989","1.32249"
"4.30000","0.07154","1.33714"
"4.40000","0.07319","1.35157"
"4.50000","0.07478","1.36487"
"4.60000","0.07636","1.37847"
"4.70000","0.07798","1.39325"
"4.80000","0.07957","1.40720"
"4.90000","0.08118","1.42137"
"5.00000","0.08288","1.43768"
"5.10000","0.08456","1.45275"
"5.20000","0.08624","1.46818"
"5.30000","0.08793","1.48321"
"5.40000","0.08973","1.50030"
"5.50000","0.09163","1.51863"
"5.60000","0.09336","1.53352"
"5.70000","0.09503","1.54664"
"5.80000","0.09669","1.56063"
"5.90000","0.09833","1.57410"
"6.00000","0.09994","1.58725"
"6.10000","0.10156","1.60004"
"6.20000","0.10309","1.61143"
"6.30000","0.10464","1.62361"
"6.40000","0.10628","1.63733"
"6.50000","0.10793","1.65108"
"6.60000","0.10954","1.66458"
"6.70000","0.11114","1.67768"
"6.80000","0.11275","1.69064"
"6.90000","0.11450","1.70672"
"7.00000","0.11625","1.72154"
"7.10000","0.11794","1.73592"
"7.20000","0.11961","1.74929"
"7.30000","0.12133","1.76348"
"7.40000","0.12308","1.77830"
"7.50000","0.12468","1.79020"
"7.60000","0.12627","1.80159"
"7.70000","0.12781","1.81260"
"7.80000","0.12945","1.82559"
"7.90000","0.13115","1.84006"
"8.00000","0.13282","1.85320"
"8.10000","0.13451","1.86755"
"8.20000","0.13618","1.88046"
"8.30000","0.13789","1.89457"
"8.40000","0.13960","1.90844"
"8.50000","0.14124","1.92085"
"8.60000","0.14287","1.93379"
"8.70000","0.14461","1.94949"
"8.80000","0.14642","1.96573"
"8.90000","0.14814","1.97999"
"9.00000","0.14976","1.99196"
"9.10000","0.15135","2.00524"
"9.20000","0.15299","2.01801"
"9.30000","0.15460","2.03034"
"9.40000","0.15613","2.04072"
"9.50000","0.15774","2.05368"
"9.60000","0.15938","2.06727"
"9.70000","0.16106","2.08130"
"9.80000","0.16275","2.09529"
"9.90000","0.16444","2.10924"
"10.00000","0.16608","2.12185"
"10.10000","0.16775","2.13504"
"10.20000","0.16952","2.15038"
"10.30000","0.17121","2.16324"
"10.40000","0.17290","2.17687"
"10.50000","0.17461","2.19047"
"10.60000","0.17619","2.20172"
"10.70000","0.17785","2.21422"
"10.80000","0.17953","2.22853"
"10.90000","0.18120","2.24147"
"11.00000","0.18281","2.25358"
"11.10000","0.18440","2.26545"
"11.20000","0.18600","2.27783"
"11.30000","0.18768","2.29253"
"11.40000","0.18940","2.30688"
"11.50000","0.19111","2.32030"
"11.60000","0.19287","2.33570"
"11.70000","0.19458","2.34951"
"11.80000","0.19625","2.36215"
"11.90000","0.19800","2.37730"
"12.00000","0.20000","2.39757"
"12.10000","0.20175","2.41061"
"12.20000","0.20332","2.42011"
"12.30000","0.20497","2.43228"
"12.40000","0.20650","2.44265"
"12.50000","0.20804","2.45385"
"12.60000","0.20959","2.46464"
"12.70000","0.21112","2.47641"
"12.80000","0.21273","2.48972"
"12.90000","0.21435","2.50273"
"13.00000","0.21596","2.51697"
"13.10000","0.21762","2.53065"
"13.20000","0.21924","2.54274"
"13.30000","0.22081","2.55361"
"13.40000","0.22246","2.56717"
"13.50000","0.22426","2.58428"
"13.60000","0.22605","2.59962"
"13.70000","0.22777","2.61348"
"13.80000","0.22948","2.62666"
"13.90000","0.23115","2.63912"
"14.00000","0.23285","2.65230"
"14.10000","0.23458","2.66632"
"14.20000","0.23630","2.68011"
"14.30000","0.23807","2.69480"
"14.40000","0.23973","2.70721"
"14.50000","0.24136","2.72048"
"14.60000","0.24300","2.73323"
"14.70000","0.24452","2.74294"
"14.80000","0.24615","2.75622"
"14.90000","0.24784","2.77066"
"15.00000","0.24944","2.78212"
"15.10000","0.25110","2.79559"
"15.20000","0.25272","2.80827"
"15.30000","0.25448","2.82458"
"15.40000","0.25625","2.84032"
"15.50000","0.25793","2.85449"
"15.60000","0.25969","2.86984"
"15.70000","0.26130","2.88070"
"15.80000","0.26287","2.89169"
"15.90000","0.26451","2.90342"
"16.00000","0.26624","2.91812"
"16.10000","0.26789","2.93031"
"16.20000","0.26955","2.94292"
"16.30000","0.27125","2.95675"
"16.40000","0.27294","2.97056"
"16.50000","0.27459","2.98298"
"16.60000","0.27616","2.99613"
"16.70000","0.27789","3.01264"
"16.80000","0.27951","3.02383"
"16.90000","0.28110","3.03479"
"17.00000","0.28274","3.04791"
"17.10000","0.28451","3.06486"
"17.20000","0.28620","3.07785"
"17.30000","0.28783","3.08999"
"17.40000","0.28949","3.10353"
"17.50000","0.29113","3.11679"
"17.60000","0.29281","3.13100"
"17.70000","0.29452","3.14575"
"17.80000","0.29616","3.15809"
"17.90000","0.29786","3.17233"
"18.00000","0.29956","3.18665"
"18.10000","0.30124","3.20155"
"18.20000","0.30291","3.21409"
"18.30000","0.30462","3.22878"
"18.40000","0.30633","3.24288"
"18.50000","0.30798","3.25661"
"18.60000","0.30978","3.27410"
"18.70000","0.31157","3.29055"
"18.80000","0.31335","3.30841"
"18.90000","0.31523","3.32755"
"19.00000","0.31695","3.34123"
"19.10000","0.31840","3.34858"
"19.20000","0.31990","3.35906"
"19.30000","0.32165","3.37735"
"19.40000","0.32331","3.39158"
"19.50000","0.32491","3.40555"
"19.60000","0.32651","3.41904"
"19.70000","0.32819","3.43501"
"19.80000","0.32982","3.44850"
"19.90000","0.33147","3.46362"
"20.00000","0.33329","3.48331"
"20.10000","0.33506","3.50033"
"20.20000","0.33662","3.51150"
"20.30000","0.33824","3.52481"
"20.40000","0.33985","3.53815"
"20.50000","0.34141","3.55023"
"20.60000","0.34301","3.56396"
"20.70000","0.34457","3.57715"
"20.80000","0.34611","3.58941"
"20.90000","0.34771","3.60430"
"21.00000","0.34932","3.61852"
"21.10000","0.35095","3.63360"
"21.20000","0.35258","3.64865"
"21.30000","0.35423","3.66389"
"21.40000","0.35594","3.68104"
"21.50000","0.35772","3.69960"
"21.60000","0.35948","3.71656"
"21.70000","0.36113","3.73019"
"21.80000","0.36290","3.74904"
"21.90000","0.36472","3.76787"
"22.00000","0.36656","3.78710"
"22.10000","0.36826","3.80105"
"22.20000","0.36989","3.81397"
"22.30000","0.37157","3.82936"
"22.40000","0.37325","3.84403"
"22.50000","0.37489","3.85764"
"22.60000","0.37650","3.87112"
"22.70000","0.37811","3.88495"
"22.80000","0.37980","3.90234"
"22.90000","0.38144","3.91688"
"23.00000","0.38305","3.93116"
"23.10000","0.38461","3.94376"
"23.20000","0.38621","3.95745"
"23.30000","0.38795","3.97585"
"23.40000","0.38964","3.99207"
"23.50000","0.39132","4.00813"
"23.60000","0.39295","4.02214"
"23.70000","0.39459","4.03664"
"23.80000","0.39632","4.05447"
"23.90000","0.39802","4.07019"
"24.00000","0.39967","4.08512"
"24.10000","0.40130","4.09883"
"24.20000","0.40283","4.11049"
"24.30000","0.40440","4.12340"
"24.40000","0.40602","4.13871"
"24.50000","0.40767","4.15423"
"24.60000","0.40935","4.17162"
"24.70000","0.41104","4.18748"
"24.80000","0.41273","4.20369"
"24.90000","0.41453","4.22391"
"25.00000","0.41615","4.23675"
"25.10000","0.41784","4.25344"
"25.20000","0.41964","4.27310"
"25.30000","0.42144","4.29106"
"25.40000","0.42315","4.30644"
"25.50000","0.42473","4.31833"
"25.60000","0.42636","4.33235"
"25.70000","0.42801","4.34693"
"25.80000","0.42964","4.36095"
"25.90000","0.43129","4.37547"
"26.00000","0.43297","4.39196"
"26.10000","0.43468","4.40884"
"26.20000","0.43643","4.42623"
"26.30000","0.43817","4.44389"
"26.40000","0.43973","4.45484"
"26.50000","0.44140","4.47125"
"26.60000","0.44316","4.49077"
"26.70000","0.44482","4.50598"
"26.80000","0.44650","4.52226"
"26.90000","0.44817","4.53748"
"27.00000","0.44990","4.55599"
"27.10000","0.45158","4.57190"
"27.20000","0.45312","4.58397"
"27.30000","0.45469","4.59689"
"27.40000","0.45637","4.61505"
"27.50000","0.45807","4.63286"
"27.60000","0.45972","4.64934"
"27.70000","0.46136","4.66504"
"27.80000","0.46305","4.68198"
"27.90000","0.46474","4.69863"
"28.00000","0.46636","4.71353"
"28.10000","0.46798","4.72847"
"28.20000","0.46963","4.74465"
"28.30000","0.47131","4.76230"
"28.40000","0.47304","4.78052"
"28.50000","0.47477","4.79843"
"28.60000","0.47645","4.81520"
"28.70000","0.47812","4.83192"
"28.80000","0.47973","4.84591"
"28.90000","0.48135","4.86084"
"29.00000","0.48302","4.87834"
"29.10000","0.48470","4.89522"
"29.20000","0.48640","4.91412"
"29.30000","0.48807","4.92919"
"29.40000","0.48973","4.94616"
"29.50000","0.49141","4.96309"
"29.60000","0.49308","4.98008"
"29.70000","0.49473","4.99567"
"29.80000","0.49647","5.01265"
"29.90000","0.49823","5.03265"
"30.00000","0.49978","5.04425"
"30.10000","0.50137","5.05818"
"30.20000","0.50307","5.07672"
"30.30000","0.50471","5.09257"
"30.40000","0.50630","5.10675"
"30.50000","0.50783","5.11822"
"30.60000","0.50940","5.13318"
"30.70000","0.51098","5.14758"
"30.80000","0.51263","5.16485"
"30.90000","0.51429","5.18166"
"31.00000","0.51594","5.19850"
"31.10000","0.51763","5.21595"
"31.20000","0.51934","5.23379"
"31.30000","0.52105","5.25082"
"31.40000","0.52272","5.26738"
"31.50000","0.52440","5.28303"
"31.60000","0.52608","5.29898"
"31.70000","0.52789","5.32012"
"31.80000","0.52968","5.33931"
"31.90000","0.53144","5.35627"
"32.00000","0.53301","5.36739"
"32.10000","0.53459","5.38032"
"32.20000","0.53624","5.39439"
"32.30000","0.53788","5.40923"
"32.40000","0.53951","5.42314"
"32.50000","0.54113","5.43741"
"32.60000","0.54279","5.45400"
"32.70000","0.54445","5.47046"
"32.80000","0.54619","5.49012"
"32.90000","0.54789","5.50573"
"33.00000","0.54946","5.51853"
"33.10000","0.55133","5.54229"
"33.20000","0.55320","5.56458"
"33.30000","0.55498","5.58333"
"33.40000","0.55672","5.59950"
"33.50000","0.55834","5.61223"
"33.60000","0.55999","5.62661"
"33.70000","0.56151","5.63573"
"33.80000","0.56305","5.64729"
"33.90000","0.56471","5.66384"
"34.00000","0.56635","5.67830"
"34.10000","0.56799","5.69339"
"34.20000","0.56972","5.71154"
"34.30000","0.57136","5.72515"
"34.40000","0.57296","5.73822"
"34.50000","0.57450","5.74951"
"34.60000","0.57612","5.76577"
"34.70000","0.57779","5.78305"
"34.80000","0.57947","5.80108"
"34.90000","0.58117","5.81841"
"35.00000","0.58289","5.83627"
"35.10000","0.58469","5.85717"
"35.20000","0.58638","5.87091"
"35.30000","0.58805","5.88608"
"35.40000","0.58972","5.90272"
"35.50000","0.59139","5.91854"
"35.60000","0.59306","5.93476"
"35.70000","0.59467","5.94722"
"35.80000","0.59629","5.96177"
"35.90000","0.59796","5.97781"
"36.00000","0.59973","5.99761"
"36.10000","0.60146","6.01469"
"36.20000","0.60307","6.02662"
"36.30000","0.60471","6.04162"
"36.40000","0.60654","6.06396"
"36.50000","0.60815","6.07801"
"36.60000","0.60972","6.09074"
"36.70000","0.61145","6.11071"
"36.80000","0.61311","6.12676"
"36.90000","0.61469","6.14073"
"37.00000","0.61633","6.15747"
"37.10000","0.61793","6.17229"
"37.20000","0.61958","6.18959"
"37.30000","0.62122","6.20614"
"37.40000","0.62295","6.22675"
"37.50000","0.62475","6.24929"
"37.60000","0.62650","6.26822"
"37.70000","0.62811","6.28179"
"37.80000","0.62972","6.29579"
"37.90000","0.63138","6.31177"
"38.00000","0.63290","6.32187"
"38.10000","0.63476","6.34658"
"38.20000","0.63659","6.36835"
"38.30000","0.63821","6.38143"
"38.40000","0.63983","6.39549"
"38.50000","0.64152","6.41285"
"38.60000","0.64315","6.42750"
"38.70000","0.64477","6.44273"
"38.80000","0.64640","6.45907"
"38.90000","0.64802","6.47542"
"39.00000","0.64963","6.49183"
"39.10000","0.65123","6.50835"
"39.20000","0.65287","6.52545"
"39.30000","0.65456","6.54496"
"39.40000","0.65625","6.56314"
"39.50000","0.65788","6.57935"
"39.60000","0.65959","6.59883"
"39.70000","0.66136","6.62089"
"39.80000","0.66313","6.64164"
"39.90000","0.66479","6.65753"
"40.00000","0.66642","6.67241"
"40.10000","0.66810","6.68923"
"40.20000","0.66975","6.70487"
"40.30000","0.67135","6.71916"
"40.40000","0.67296","6.73402"
"40.50000","0.67449","6.74582"
"40.60000","0.67612","6.76356"
"40.70000","0.67778","6.78202"
"40.80000","0.67940","6.79948"
"40.90000","0.68104","6.81725"
"41.00000","0.68278","6.83939"
"41.10000","0.68450","6.85976"
"41.20000","0.68618","6.87748"
"41.30000","0.68787","6.89574"
"41.40000","0.68958","6.91443"
"41.50000","0.69134","6.93544"
"41.60000","0.69310","6.95542"
"41.70000","0.69475","6.96956"
"41.80000","0.69638","6.98349"
"41.90000","0.69812","7.00405"
"42.00000","0.69983","7.02192"
"42.10000","0.70140","7.03427"
"42.20000","0.70298","7.04729"
"42.30000","0.70454","7.06054"
"42.40000","0.70612","7.07475"
"42.50000","0.70783","7.09521"
"42.60000","0.70956","7.11437"
"42.70000","0.71116","7.12742"
"42.80000","0.71281","7.14525"
"42.90000","0.71455","7.16629"
"43.00000","0.71624","7.18465"
"43.10000","0.71792","7.20330"
"43.20000","0.71951","7.21782"
"43.30000","0.72120","7.23700"
"43.40000","0.72294","7.25719"
"43.50000","0.72458","7.27297"
"43.60000","0.72622","7.28825"
"43.70000","0.72787","7.30482"
"43.80000","0.72953","7.32191"
"43.90000","0.73117","7.33775"
"44.00000","0.73280","7.35327"
"44.10000","0.73453","7.37326"
"44.20000","0.73625","7.39262"
"44.30000","0.73801","7.41333"
"44.40000","0.73982","7.43498"
"44.50000","0.74155","7.45310"
"44.60000","0.74320","7.46936"
"44.70000","0.74493","7.48999"
"44.80000","0.74668","7.51159"
"44.90000","0.74833","7.52779"
"45.00000","0.74980","7.53527"
"45.10000","0.75134","7.54817"
"45.20000","0.75295","7.56512"
"45.30000","0.75451","7.57741"
"45.40000","0.75608","7.59236"
"45.50000","0.75768","7.60718"
"45.60000","0.75933","7.62318"
"45.70000","0.76095","7.63821"
"45.80000","0.76260","7.65445"
"45.90000","0.76432","7.67360"
"46.00000","0.76603","7.69208"
"46.10000","0.76774","7.70992"
"46.20000","0.76958","7.73263"
"46.30000","0.77124","7.74650"
"46.40000","0.77286","7.75998"
"46.50000","0.77455","7.77682"
"46.60000","0.77619","7.79120"
"46.70000","0.77787","7.80945"
"46.80000","0.77954","7.82716"
"46.90000","0.78121","7.84466"
"47.00000","0.78282","7.85956"
"47.10000","0.78447","7.87677"
"47.20000","0.78615","7.89477"
"47.30000","0.78783","7.91294"
"47.40000","0.78955","7.93181"
"47.50000","0.79116","7.94580"
"47.60000","0.79285","7.96321"
"47.70000","0.79454","7.97960"
"47.80000","0.79610","7.98962"
"47.90000","0.79769","8.00346"
"48.00000","0.79952","8.02717"
"48.10000","0.80128","8.04600"
"48.20000","0.80293","8.05904"
"48.30000","0.80460","8.07326"
"48.40000","0.80620","8.08501"
"48.50000","0.80783","8.09987"
"48.60000","0.80944","8.11449"
"48.70000","0.81106","8.12994"
"48.80000","0.81270","8.14444"
"48.90000","0.81433","8.16017"
"49.00000","0.81597","8.17558"
"49.10000","0.81766","8.19256"
"49.20000","0.81942","8.21142"
"49.30000","0.82107","8.22721"
"49.40000","0.82284","8.24726"
"49.50000","0.82480","8.28608"
"49.60000","0.82650","8.29666"
"49.70000","0.82801","8.30247"
"49.80000","0.82971","8.31771"
"49.90000","0.83142","8.33358"
"50.00000","0.83299","8.34315"
"50.10000","0.83461","8.35590"
"50.20000","0.83620","8.36825"
"50.30000","0.83784","8.38283"
"50.40000","0.83948","8.39820"
"50.50000","0.84113","8.41433"
"50.60000","0.84274","8.42832"
"50.70000","0.84433","8.44192"
"50.80000","0.84596","8.45784"
"50.90000","0.84771","8.47807"
"51.00000","0.84948","8.49873"
"51.10000","0.85124","8.51919"
"51.20000","0.85290","8.53545"
"51.30000","0.85474","8.55880"
"51.40000","0.85663","8.58354"
"51.50000","0.85851","8.61037"
"51.60000","0.86041","8.63533"
"51.70000","0.86168","8.62850"
"51.80000","0.86320","8.63868"
"51.90000","0.86492","8.65681"
"52.00000","0.86660","8.67361"
"52.10000","0.86822","8.68796"
"52.20000","0.86985","8.70243"
"52.30000","0.87152","8.71912"
"52.40000","0.87315","8.73468"
"52.50000","0.87479","8.75622"
"52.60000","0.87625","8.76195"
"52.70000","0.87785","8.77738"
"52.80000","0.87964","8.80216"
"52.90000","0.88139","8.82345"
"53.00000","0.88306","8.83956"
"53.10000","0.88471","8.85507"
"53.20000","0.88631","8.86796"
"53.30000","0.88783","8.87894"
"53.40000","0.88942","8.89376"
"53.50000","0.89109","8.91140"
"53.60000","0.89272","8.92651"
"53.70000","0.89438","8.94354"
"53.80000","0.89620","8.97318"
"53.90000","0.89793","8.98956"
"54.00000","0.89959","9.00384"
"54.10000","0.90136","9.02416"
"54.20000","0.90323","9.04926"
"54.30000","0.90491","9.06323"
"54.40000","0.90645","9.07262"
"54.50000","0.90801","9.08549"
"54.60000","0.90978","9.10870"
"54.70000","0.91159","9.13341"
"54.80000","0.91332","9.15197"
"54.90000","0.91510","9.17734"
"55.00000","0.91663","9.18501"
"55.10000","0.91818","9.19531"
"55.20000","0.91981","9.21126"
"55.30000","0.92139","9.22510"
"55.40000","0.92303","9.24242"
"55.50000","0.92473","9.26137"
"55.60000","0.92644","9.28366"
"55.70000","0.92806","9.29736"
"55.80000","0.92967","9.31123"
"55.90000","0.93126","9.32585"
"56.00000","0.93302","9.34722"
"56.10000","0.93479","9.36733"
"56.20000","0.93641","9.38011"
"56.30000","0.93809","9.39574"
"56.40000","0.93985","9.41672"
"56.50000","0.94152","9.43527"
"56.60000","0.94312","9.44756"
"56.70000","0.94478","9.46552"
"56.80000","0.94649","9.48452"
"56.90000","0.94811","9.50063"
"57.00000","0.94977","9.51759"
"57.10000","0.95140","9.53346"
"57.20000","0.95300","9.54714"
"57.30000","0.95455","9.55961"
"57.40000","0.95618","9.57581"
"57.50000","0.95787","9.59575"
"57.60000","0.95958","9.61634"
"57.70000","0.96121","9.63146"
"57.80000","0.96305","9.65822"
"57.90000","0.96488","9.68220"
"58.00000","0.96656","9.69610"
"58.10000","0.96815","9.70842"
"58.20000","0.96977","9.72270"
"58.30000","0.97140","9.73696"
"58.40000","0.97295","9.74579"
"58.50000","0.97450","9.75726"
"58.60000","0.97610","9.77370"
"58.70000","0.97775","9.79170"
"58.80000","0.97939","9.80638"
"58.90000","0.98105","9.82338"
"59.00000","0.98273","9.84249"
"59.10000","0.98442","9.86107"
"59.20000","0.98616","9.88198"
"59.30000","0.98794","9.90345"
"59.40000","0.98965","9.92153"
"59.50000","0.99140","9.94121"
"59.60000","0.99308","9.95636"
"59.70000","0.99474","9.97017"
"59.80000","0.99643","9.98639"
"59.90000","0.99808","10.00087"
"60.00000","0.99974","10.01617"
"60.10000","1.00144","10.03286"
"60.20000","1.00306","10.04647"
"60.30000","1.00457","10.05470"
"60.40000","1.00613","10.06708"
"60.50000","1.00776","10.08292"
"60.60000","1.00946","10.10369"
"60.70000","1.01111","10.11893"
"60.80000","1.01273","10.13292"
"60.90000","1.01444","10.15295"
"61.00000","1.01612","10.16964"
"61.10000","1.01786","10.19007"
"61.20000","1.01966","10.21145"
"61.30000","1.02137","10.22816"
"61.40000","1.02304","10.24195"
"61.50000","1.02472","10.25736"
"61.60000","1.02640","10.27254"
"61.70000","1.02804","10.28589"
"61.80000","1.02972","10.30156"
"61.90000","1.03141","10.31715"
"62.00000","1.03305","10.33089"
"62.10000","1.03472","10.34683"
"62.20000","1.03637","10.36109"
"62.30000","1.03806","10.37826"
"62.40000","1.03963","10.38832"
"62.50000","1.04118","10.39974"
"62.60000","1.04293","10.42081"
"62.70000","1.04459","10.43633"
"62.80000","1.04623","10.45072"
"62.90000","1.04786","10.46489"
"63.00000","1.04953","10.47998"
"63.10000","1.05122","10.49702"
"63.20000","1.05285","10.51100"
"63.30000","1.05451","10.52609"
"63.40000","1.05623","10.54459"
"63.50000","1.05795","10.56128"
"63.60000","1.05962","10.57579"
"63.70000","1.06133","10.59331"
"63.80000","1.06308","10.61169"
"63.90000","1.06475","10.62529"
"64.00000","1.06639","10.63819"
"64.10000","1.06810","10.65500"
"64.20000","1.06985","10.67349"
"64.30000","1.07146","10.68334"
"64.40000","1.07299","10.69056"
"64.50000","1.07452","10.69914"
"64.60000","1.07615","10.71430"
"64.70000","1.07786","10.73330"
"64.80000","1.07954","10.75111"
"64.90000","1.08114","10.76279"
"65.00000","1.08277","10.77708"
"65.10000","1.08436","10.78870"
"65.20000","1.08603","10.80472"
"65.30000","1.08767","10.81917"
"65.40000","1.08929","10.83185"
"65.50000","1.09102","10.84971"
"65.60000","1.09265","10.86221"
"65.70000","1.09427","10.87361"
"65.80000","1.09590","10.88750"
"65.90000","1.09772","10.90955"
"66.00000","1.09947","10.92605"
"66.10000","1.10120","10.93925"
"66.20000","1.10291","10.95195"
"66.30000","1.10453","10.96074"
"66.40000","1.10620","10.97338"
"66.50000","1.10781","10.98338"
"66.60000","1.10938","10.99126"
"66.70000","1.11102","11.00281"
"66.80000","1.11276","11.01947"
"66.90000","1.11442","11.03146"
"67.00000","1.11608","11.04357"
"67.10000","1.11776","11.05700"
"67.20000","1.11939","11.06966"
"67.30000","1.12106","11.08485"
"67.40000","1.12273","11.09897"
"67.50000","1.12434","11.10959"
"67.60000","1.12611","11.12983"
"67.70000","1.12799","11.15351"
"67.80000","1.12979","11.17236"
"67.90000","1.13176","11.19835"
"68.00000","1.13332","11.20136"
"68.10000","1.13481","11.20463"
"68.20000","1.13652","11.22090"
"68.30000","1.13823","11.23658"
"68.40000","1.13978","11.24207"
"68.50000","1.14135","11.25244"
"68.60000","1.14301","11.26902"
"68.70000","1.14477","11.28996"
"68.80000","1.14654","11.31054"
"68.90000","1.14817","11.32330"
"69.00000","1.14972","11.33391"
"69.10000","1.15158","11.36111"
"69.20000","1.15331","11.37857"
"69.30000","1.15493","11.39019"
"69.40000","1.15659","11.40431"
"69.50000","1.15816","11.41462"
"69.60000","1.15977","11.42801"
"69.70000","1.16140","11.44222"
"69.80000","1.16305","11.45707"
"69.90000","1.16474","11.47334"
"70.00000","1.16637","11.48553"
"70.10000","1.16803","11.50121"
"70.20000","1.16971","11.51633"
"70.30000","1.17137","11.53062"
"70.40000","1.17301","11.54454"
"70.50000","1.17459","11.55610"
"70.60000","1.17616","11.56842"
"70.70000","1.17780","11.58475"
"70.80000","1.17955","11.60649"
"70.90000","1.18125","11.62307"
"71.00000","1.18291","11.63812"
"71.10000","1.18470","11.65980"
"71.20000","1.18644","11.67841"
"71.30000","1.18813","11.69356"
"71.40000","1.18975","11.70527"
"71.50000","1.19132","11.71479"
"71.60000","1.19296","11.72729"
"71.70000","1.19459","11.74057"
"71.80000","1.19629","11.75705"
"71.90000","1.19806","11.77655"
"72.00000","1.19972","11.78934"
"72.10000","1.20136","11.80120"
"72.20000","1.20307","11.81750"
"72.30000","1.20479","11.83406"
"72.40000","1.20664","11.85776"
"72.50000","1.20832","11.87046"
"72.60000","1.20988","11.87803"
"72.70000","1.21153","11.89295"
"72.80000","1.21316","11.90560"
"72.90000","1.21472","11.91593"
"73.00000","1.21630","11.92818"
"73.10000","1.21797","11.94484"
"73.20000","1.21972","11.96594"
"73.30000","1.22138","11.98054"
"73.40000","1.22298","11.99228"
"73.50000","1.22454","12.00263"
"73.60000","1.22619","12.01855"
"73.70000","1.22786","12.03434"
"73.80000","1.22958","12.05092"
"73.90000","1.23119","12.05970"
"74.00000","1.23263","12.06035"
"74.10000","1.23442","12.08274"
"74.20000","1.23622","12.10261"
"74.30000","1.23789","12.11466"
"74.40000","1.23955","12.12677"
"74.50000","1.24118","12.13792"
"74.60000","1.24281","12.15122"
"74.70000","1.24447","12.16599"
"74.80000","1.24608","12.17861"
"74.90000","1.24773","12.19387"
"75.00000","1.24936","12.20709"
"75.10000","1.25101","12.22081"
"75.20000","1.25258","12.22982"
"75.30000","1.25420","12.24286"
"75.40000","1.25589","12.25917"
"75.50000","1.25759","12.27430"
"75.60000","1.25931","12.29042"
"75.70000","1.26114","12.31224"
"75.80000","1.26292","12.32922"
"75.90000","1.26466","12.34353"
"76.00000","1.26643","12.36146"
"76.10000","1.26816","12.37576"
"76.20000","1.26980","12.38678"
"76.30000","1.27151","12.40233"
"76.40000","1.27322","12.41621"
"76.50000","1.27479","12.42514"
"76.60000","1.27636","12.43477"
"76.70000","1.27807","12.45327"
"76.80000","1.27980","12.48444"
"76.90000","1.28140","12.49365"
"77.00000","1.28307","12.50772"
"77.10000","1.28471","12.52127"
"77.20000","1.28636","12.53528"
"77.30000","1.28804","12.55188"
"77.40000","1.28968","12.56433"
"77.50000","1.29154","12.58894"
"77.60000","1.29333","12.60818"
"77.70000","1.29500","12.61999"
"77.80000","1.29660","12.62819"
"77.90000","1.29825","12.64182"
"78.00000","1.29991","12.65537"
"78.10000","1.30152","12.66698"
"78.20000","1.30318","12.68130"
"78.30000","1.30480","12.69295"
"78.40000","1.30634","12.70216"
"78.50000","1.30792","12.71448"
"78.60000","1.30954","12.72835"
"78.70000","1.31124","12.74661"
"78.80000","1.31289","12.76227"
"78.90000","1.31458","12.78026"
"79.00000","1.31626","12.79680"
"79.10000","1.31790","12.81086"
"79.20000","1.31958","12.82720"
"79.30000","1.32131","12.84612"
"79.40000","1.32303","12.86304"
"79.50000","1.32467","12.87544"
"79.60000","1.32635","12.89036"
"79.70000","1.32800","12.90294"
"79.80000","1.32957","12.91169"
"79.90000","1.33118","12.92231"
"80.00000","1.33287","12.93894"
"80.10000","1.33459","12.95720"
"80.20000","1.33626","12.97080"
"80.30000","1.33794","12.98535"
"80.40000","1.33971","13.00348"
"80.50000","1.34143","13.01879"
"80.60000","1.34299","13.02314"
"80.70000","1.34464","13.03702"
"80.80000","1.34637","13.05406"
"80.90000","1.34811","13.07193"
"81.00000","1.34970","13.08160"
"81.10000","1.35128","13.09188"
"81.20000","1.35285","13.10127"
"81.30000","1.35451","13.11722"
"81.40000","1.35620","13.13290"
"81.50000","1.35779","13.14308"
"81.60000","1.35942","13.15521"
"81.70000","1.36127","13.18784"
"81.80000","1.36290","13.19640"
"81.90000","1.36460","13.21107"
"82.00000","1.36623","13.22157"
"82.10000","1.36795","13.23743"
"82.20000","1.36987","13.26420"
"82.30000","1.37160","13.27642"
"82.40000","1.37330","13.28898"
"82.50000","1.37501","13.30294"
"82.60000","1.37653","13.30802"
"82.70000","1.37809","13.31694"
"82.80000","1.37977","13.33348"
"82.90000","1.38145","13.34966"
"83.00000","1.38300","13.35840"
"83.10000","1.38462","13.37183"
"83.20000","1.38623","13.38326"
"83.30000","1.38790","13.39933"
"83.40000","1.38954","13.41364"
"83.50000","1.39117","13.42574"
"83.60000","1.39285","13.44086"
"83.70000","1.39449","13.45254"
"83.80000","1.39621","13.47480"
"83.90000","1.39775","13.47979"
"84.00000","1.39957","13.50088"
"84.10000","1.40141","13.52113"
"84.20000","1.40308","13.53179"
"84.30000","1.40479","13.54503"
"84.40000","1.40641","13.55432"
"84.50000","1.40802","13.56475"
"84.60000","1.40958","13.57344"
"84.70000","1.41117","13.58464"
"84.80000","1.41280","13.59885"
"84.90000","1.41448","13.61677"
"85.00000","1.41616","13.63453"
"85.10000","1.41786","13.65117"
"85.20000","1.41951","13.66608"
"85.30000","1.42106","13.67482"
"85.40000","1.42282","13.69786"
"85.50000","1.42463","13.72124"
"85.60000","1.42637","13.73906"
"85.70000","1.42822","13.76819"
"85.80000","1.42971","13.76677"
"85.90000","1.43124","13.77328"
"86.00000","1.43283","13.78277"
"86.10000","1.43452","13.79770"
"86.20000","1.43619","13.81156"
"86.30000","1.43786","13.82515"
"86.40000","1.43953","13.83982"
"86.50000","1.44119","13.85343"
"86.60000","1.44281","13.86553"
"86.70000","1.44448","13.88191"
"86.80000","1.44622","13.90200"
"86.90000","1.44790","13.91829"
"87.00000","1.44951","13.92932"
"87.10000","1.45127","13.95406"
"87.20000","1.45293","13.96804"
"87.30000","1.45459","13.98012"
"87.40000","1.45635","13.99900"
"87.50000","1.45812","14.01748"
"87.60000","1.45975","14.02682"
"87.70000","1.46141","14.03837"
"87.80000","1.46306","14.05027"
"87.90000","1.46470","14.06186"
"88.00000","1.46639","14.07680"
"88.10000","1.46803","14.08767"
"88.20000","1.46968","14.10077"
"88.30000","1.47125","14.10825"
"88.40000","1.47282","14.11652"
"88.50000","1.47436","14.12404"
"88.60000","1.47595","14.14141"
"88.70000","1.47780","14.16881"
"88.80000","1.47943","14.17907"
"88.90000","1.48104","14.18979"
"89.00000","1.48266","14.20148"
"89.10000","1.48439","14.21840"
"89.20000","1.48611","14.23344"
"89.30000","1.48779","14.24685"
"89.40000","1.48951","14.26286"
"89.50000","1.49121","14.27764"
"89.60000","1.49285","14.28846"
"89.70000","1.49459","14.31086"
"89.80000","1.49628","14.32165"
"89.90000","1.49793","14.33250"
"90.00000","1.49964","14.34695"
"90.10000","1.50134","14.35955"
"90.20000","1.50305","14.37312"
"90.30000","1.50467","14.38172"
"90.40000","1.50621","14.38765"
"90.50000","1.50774","14.39495"
"90.60000","1.50951","14.41945"
"90.70000","1.51141","14.44692"
"90.80000","1.51314","14.46196"
"90.90000","1.51482","14.47408"
"91.00000","1.51644","14.48361"
"91.10000","1.51804","14.49328"
"91.20000","1.51966","14.50451"
"91.30000","1.52126","14.51195"
"91.40000","1.52287","14.52417"
"91.50000","1.52454","14.53895"
"91.60000","1.52624","14.55562"
"91.70000","1.52794","14.57121"
"91.80000","1.52972","14.59413"
"91.90000","1.53139","14.60506"
"92.00000","1.53315","14.62159"
"92.10000","1.53491","14.63687"
"92.20000","1.53657","14.64691"
"92.30000","1.53812","14.65198"
"92.40000","1.53975","14.66377"
"92.50000","1.54138","14.67626"
"92.60000","1.54299","14.68823"
"92.70000","1.54457","14.69880"
"92.80000","1.54619","14.71058"
"92.90000","1.54786","14.72586"
"93.00000","1.54952","14.73995"
"93.10000","1.55117","14.75383"
"93.20000","1.55288","14.77168"
"93.30000","1.55461","14.78892"
"93.40000","1.55639","14.80933"
"93.50000","1.55814","14.82552"
"93.60000","1.55985","14.84106"
"93.70000","1.56156","14.85800"
"93.80000","1.56338","14.87759"
"93.90000","1.56504","14.88678"
"94.00000","1.56667","14.89539"
"94.10000","1.56834","14.90819"
"94.20000","1.56991","14.91382"
"94.30000","1.57146","14.92048"
"94.40000","1.57299","14.92760"
"94.50000","1.57451","14.93466"
"94.60000","1.57612","14.94820"
"94.70000","1.57776","14.96151"
"94.80000","1.57948","14.97994"
"94.90000","1.58118","14.99651"
"95.00000","1.58283","15.00968"
"95.10000","1.58443","15.01977"
"95.20000","1.58611","15.03417"
"95.30000","1.58800","15.06038"
"95.40000","1.58976","15.07800"
"95.50000","1.59140","15.08939"
"95.60000","1.59306","15.10071"
"95.70000","1.59475","15.11450"
"95.80000","1.59643","15.12508"
"95.90000","1.59805","15.13406"
"96.00000","1.59963","15.14140"
"96.10000","1.60115","15.14501"
"96.20000","1.60275","15.15527"
"96.30000","1.60439","15.16355"
"96.40000","1.60601","15.17372"
"96.50000","1.60760","15.18323"
"96.60000","1.60921","15.19423"
"96.70000","1.61089","15.20939"
"96.80000","1.61265","15.22886"
"96.90000","1.61452","15.25392"
"97.00000","1.61621","15.26553"
"97.10000","1.61795","15.28218"
"97.20000","1.61979","15.30377"
"97.30000","1.62151","15.31710"
"97.40000","1.62313","15.32444"
"97.50000","1.62474","15.33250"
"97.60000","1.62636","15.34068"
"97.70000","1.62800","15.34915"
"97.80000","1.62965","15.35982"
"97.90000","1.63123","15.36553"
"98.00000","1.63278","15.37142"
"98.10000","1.63444","15.38462"
"98.20000","1.63611","15.39751"
"98.30000","1.63777","15.40877"
"98.40000","1.63934","15.41391"
"98.50000","1.64092","15.42275"
"98.60000","1.64274","15.44578"
"98.70000","1.64455","15.46542"
"98.80000","1.64624","15.47718"
"98.90000","1.64789","15.48869"
"99.00000","1.64951","15.49664"
"99.10000","1.65117","15.50695"
"99.20000","1.65289","15.52141"
"99.30000","1.65455","15.53139"
"99.40000","1.65621","15.54269"
"99.50000","1.65794","15.55744"
"99.60000","1.65958","15.56651"
"99.70000","1.66125","15.57797"
"99.80000","1.66294","15.59020"
"99.90000","1.66468","15.60579"
"100.00000","1.66645","15.62204"
"100.10000","1.66810","15.63032"
"100.20000","1.66974","15.63914"
"100.30000","1.67136","15.64816"
"100.40000","1.67305","15.66207"
"100.50000","1.67486","15.68259"
"100.60000","1.67659","15.69781"
"100.70000","1.67823","15.70817"
"100.80000","1.67987","15.71870"
"100.90000","1.68151","15.72936"
"101.00000","1.68315","15.74078"
"101.10000","1.68469","15.74665"
"101.20000","1.68633","15.75941"
"101.30000","1.68803","15.77500"
"101.40000","1.68975","15.79173"
"101.50000","1.69143","15.80483"
"101.60000","1.69308","15.81673"
"101.70000","1.69473","15.82825"
"101.80000","1.69651","15.84742"
"101.90000","1.69834","15.86767"
"102.00000","1.70004","15.87825"
"102.10000","1.70169","15.88832"
"102.20000","1.70335","15.89922"
"102.30000","1.70490","15.90282"
"102.40000","1.70643","15.90703"
"102.50000","1.70800","15.91582"
"102.60000","1.70962","15.92780"
"102.70000","1.71120","15.93750"
"102.80000","1.71283","15.95096"
"102.90000","1.71445","15.96168"
"103.00000","1.71606","15.97156"
"103.10000","1.71769","15.97761"
"103.20000","1.71938","15.99030"
"103.30000","1.72105","16.00317"
"103.40000","1.72268","16.01351"
"103.50000","1.72432","16.02486"
"103.60000","1.72599","16.03773"
"103.70000","1.72773","16.05478"
"103.80000","1.72959","16.07779"
"103.90000","1.73147","16.09650"
"104.00000","1.73317","16.10529"
"104.10000","1.73480","16.11078"
"104.20000","1.73650","16.12299"
"104.30000","1.73816","16.13336"
"104.40000","1.73976","16.14013"
"104.50000","1.74136","16.14985"
"104.60000","1.74302","16.16297"
"104.70000","1.74464","16.17432"
"104.80000","1.74628","16.18676"
"104.90000","1.74790","16.19847"
"105.00000","1.74950","16.20811"
"105.10000","1.75131","16.23113"
"105.20000","1.75311","16.25165"
"105.30000","1.75485","16.26656"
"105.40000","1.75653","16.27806"
"105.50000","1.75816","16.28746"
"105.60000","1.75985","16.30070"
"105.70000","1.76151","16.31194"
"105.80000","1.76313","16.32058"
"105.90000","1.76484","16.33660"
"106.00000","1.76656","16.35004"
"106.10000","1.76813","16.35490"
"106.20000","1.76973","16.36321"
"106.30000","1.77148","16.38187"
"106.40000","1.77311","16.39088"
"106.50000","1.77469","16.39674"
"106.60000","1.77633","16.40973"
"106.70000","1.77793","16.41815"
"106.80000","1.77957","16.43026"
"106.90000","1.78125","16.44459"
"107.00000","1.78288","16.45640"
"107.10000","1.78461","16.47371"
"107.20000","1.78624","16.48361"
"107.30000","1.78793","16.49773"
"107.40000","1.78969","16.51635"
"107.50000","1.79136","16.52740"
"107.60000","1.79306","16.54029"
"107.70000","1.79469","16.54957"
"107.80000","1.79632","16.55891"
"107.90000","1.79804","16.57338"
"108.00000","1.79973","16.58622"
"108.10000","1.80134","16.59281"
"108.20000","1.80305","16.60682"
"108.30000","1.80471","16.61781"
"108.40000","1.80644","16.63399"
"108.50000","1.80805","16.64155"
"108.60000","1.80972","16.65524"
"108.70000","1.81150","16.67575"
"108.80000","1.81315","16.68634"
"108.90000","1.81472","16.69320"
"109.00000","1.81636","16.70599"
"109.10000","1.81799","16.71705"
"109.20000","1.81965","16.72924"
"109.30000","1.82124","16.73684"
"109.40000","1.82279","16.74291"
"109.50000","1.82439","16.75174"
"109.60000","1.82609","16.76551"
"109.70000","1.82778","16.77719"
"109.80000","1.82946","16.78953"
"109.90000","1.83116","16.80225"
"110.00000","1.83270","16.80445"
"110.10000","1.83454","16.82685"
"110.20000","1.83642","16.84695"
"110.30000","1.83804","16.84990"
"110.40000","1.83968","16.85713"
"110.50000","1.84135","16.86635"
"110.60000","1.84293","16.87030"
"110.70000","1.84451","16.87798"
"110.80000","1.84618","16.89042"
"110.90000","1.84784","16.90079"
"111.00000","1.84948","16.91100"
"111.10000","1.85112","16.92194"
"111.20000","1.85279","16.93385"
"111.30000","1.85449","16.94670"
"111.40000","1.85622","16.96121"
"111.50000","1.85786","16.96838"
"111.60000","1.85959","16.98269"
"111.70000","1.86138","16.99867"
"111.80000","1.86313","17.01202"
"111.90000","1.86479","17.01940"
"112.00000","1.86647","17.02847"
"112.10000","1.86815","17.03701"
"112.20000","1.86973","17.03980"
"112.30000","1.87133","17.04502"
"112.40000","1.87299","17.05516"
"112.50000","1.87453","17.05682"
"112.60000","1.87603","17.05910"
"112.70000","1.87765","17.06879"
"112.80000","1.87928","17.07841"
"112.90000","1.88088","17.08618"
"113.00000","1.88250","17.09474"
"113.10000","1.88418","17.10529"
"113.20000","1.88587","17.11810"
"113.30000","1.88763","17.13376"
"113.40000","1.88937","17.14701"
"113.50000","1.89126","17.16828"
"113.60000","1.89310","17.18309"
"113.70000","1.89472","17.18456"
"113.80000","1.89627","17.18253"
"113.90000","1.89787","17.18727"
"114.00000","1.89953","17.19505"
"114.10000","1.90115","17.20125"
"114.20000","1.90277","17.20777"
"114.30000","1.90442","17.21645"
"114.40000","1.90610","17.22674"
"114.50000","1.90778","17.23693"
"114.60000","1.90947","17.24854"
"114.70000","1.91117","17.26131"
"114.80000","1.91283","17.26960"
"114.90000","1.91465","17.28914"
"115.00000","1.91644","17.30569"
"115.10000","1.91817","17.31858"
"115.20000","1.91977","17.32284"
"115.30000","1.92140","17.33041"
"115.40000","1.92308","17.34084"
"115.50000","1.92479","17.35216"
"115.60000","1.92645","17.36051"
"115.70000","1.92806","17.36503"
"115.80000","1.92968","17.37157"
"115.90000","1.93127","17.37598"
"116.00000","1.93284","17.38057"
"116.10000","1.93454","17.39239"
"116.20000","1.93618","17.39956"
"116.30000","1.93783","17.40778"
"116.40000","1.93946","17.41588"
"116.50000","1.94108","17.42417"
"116.60000","1.94273","17.43361"
"116.70000","1.94429","17.43830"
"116.80000","1.94592","17.44718"
"116.90000","1.94752","17.45363"
"117.00000","1.94916","17.46187"
"117.10000","1.95082","17.47188"
"117.20000","1.95255","17.48471"
"117.30000","1.95428","17.49599"
"117.40000","1.95594","17.50394"
"117.50000","1.95765","17.51595"
"117.60000","1.95939","17.52854"
"117.70000","1.96118","17.54295"
"117.80000","1.96294","17.55549"
"117.90000","1.96470","17.56702"
"118.00000","1.96638","17.57591"
"118.10000","1.96814","17.58951"
"118.20000","1.97005","17.61068"
"118.30000","1.97179","17.62144"
"118.40000","1.97337","17.62240"
"118.50000","1.97501","17.62945"
"118.60000","1.97667","17.63915"
"118.70000","1.97825","17.64429"
"118.80000","1.97992","17.65464"
"118.90000","1.98164","17.66969"
"119.00000","1.98322","17.67405"
"119.10000","1.98479","17.68011"
"119.20000","1.98637","17.68509"
"119.30000","1.98807","17.70055"
"119.40000","1.98975","17.71251"
"119.50000","1.99134","17.71764"
"119.60000","1.99298","17.72766"
"119.70000","1.99468","17.73980"
"119.80000","1.99630","17.74696"
"119.90000","1.99789","17.75214"
"120.00000","1.99975","17.77411"
"120.10000","2.00168","17.79737"
"120.20000","2.00335","17.80413"
"120.30000","2.00500","17.81116"
"120.40000","2.00656","17.81265"
"120.50000","2.00811","17.81602"
"120.60000","2.00983","17.84199"
"120.70000","2.01129","17.83793"
"120.80000","2.01281","17.83978"
"120.90000","2.01442","17.84906"
"121.00000","2.01606","17.85984"
"121.10000","2.01772","17.87160"
"121.20000","2.01935","17.87981"
"121.30000","2.02093","17.88355"
"121.40000","2.02263","17.89499"
"121.50000","2.02442","17.91162"
"121.60000","2.02620","17.92569"
"121.70000","2.02795","17.93760"
"121.80000","2.02985","17.96583"
"121.90000","2.03149","17.96623"
"122.00000","2.03300","17.96076"
"122.10000","2.03468","17.96959"
"122.20000","2.03646","17.98392"
"122.30000","2.03816","17.99327"
"122.40000","2.03970","17.99312"
"122.50000","2.04120","17.99237"
"122.60000","2.04278","17.99891"
"122.70000","2.04451","18.01497"
"122.77300","2.04577","17.76412"
"122.80100","2.04626","17.51147"
"122.90100","2.04795","17.48473"
"123.00100","2.04970","17.49906"
"123.10100","2.05141","17.50658"
"123.20100","2.05287","17.50531"
"123.30100","2.05459","17.52502"
"123.40100","2.05643","17.54915"
"123.50100","2.05823","17.56922"
"123.60100","2.05996","17.58471"
"123.70100","2.06162","17.59600"
"123.80100","2.06331","17.61491"
"123.90100","2.06483","17.61461"
"124.00100","2.06640","17.62135"
"124.10100","2.06806","17.63458"
"124.20100","2.06979","17.64975"
"124.30100","2.07147","17.66104"
"124.40100","2.07314","17.67364"
"124.50100","2.07471","17.67973"
"124.60100","2.07626","17.69076"
"124.70100","2.07808","17.71427"
"124.80100","2.07978","17.72701"
"124.90100","2.08142","17.73643"
"125.00100","2.08306","17.74632"
"125.10100","2.08478","17.76301"
"125.20100","2.08645","17.77515"
"125.30100","2.08806","17.78362"
"125.40100","2.08966","17.79284"
"125.50100","2.09132","17.81057"
"125.60100","2.09305","17.82508"
"125.70100","2.09467","17.83265"
"125.80100","2.09632","17.84243"
"125.90100","2.09806","17.85644"
"126.00100","2.09980","17.87071"
"126.10100","2.10144","17.87811"
"126.20100","2.10316","17.89252"
"126.30100","2.10484","17.90361"
"126.40100","2.10638","17.90727"
"126.50100","2.10800","17.92148"
"126.60100","2.10959","17.92797"
"126.70100","2.11126","17.93950"
"126.80100","2.11296","17.95324"
"126.90100","2.11462","17.96378"
"127.00100","2.11624","17.97168"
"127.10100","2.11789","17.98058"
"127.20100","2.11953","17.98938"
"127.30100","2.12116","17.99838"
"127.40100","2.12278","18.00663"
"127.50100","2.12444","18.01854"
"127.60100","2.12613","18.02944"
"127.70100","2.12791","18.04937"
"127.80100","2.12951","18.05232"
"127.90100","2.13109","18.05634"
"128.00100","2.13299","18.08083"
"128.10100","2.13488","18.10023"
"128.20100","2.13652","18.10388"
"128.30100","2.13809","18.10550"
"128.40100","2.13974","18.11418"
"128.50100","2.14138","18.12574"
"128.60100","2.14306","18.13706"
"128.70100","2.14467","18.14208"
"128.80100","2.14627","18.14947"
"128.90100","2.14786","18.15629"
"129.00100","2.14950","18.16566"
"129.10100","2.15117","18.17744"
"129.20100","2.15282","18.18601"
"129.30100","2.15444","18.19197"
"129.40100","2.15612","18.20403"
"129.50100","2.15785","18.22193"
"129.60100","2.15955","18.23125"
"129.70100","2.16117","18.23564"
"129.80100","2.16295","18.25006"
"129.90100","2.16483","18.27128"
"130.00100","2.16664","18.28513"
"130.10100","2.16825","18.28810"
"130.20100","2.16989","18.29300"
"130.30100","2.17146","18.29362"
"130.40100","2.17299","18.29477"
"130.50100","2.17462","18.30559"
"130.60100","2.17621","18.31076"
"130.70100","2.17783","18.31970"
"130.80100","2.17952","18.33163"
"130.90100","2.18124","18.34509"
"131.00100","2.18297","18.35765"
"131.10100","2.18470","18.37020"
"131.20100","2.18649","18.38885"
"131.30100","2.18831","18.40773"
"131.40100","2.18994","18.41059"
"131.50100","2.19163","18.41917"
"131.60100","2.19326","18.42462"
"131.70100","2.19491","18.43026"
"131.80100","2.19661","18.44100"
"131.90100","2.19821","18.44374"
"132.00100","2.19976","18.44461"
"132.10100","2.20137","18.45012"
"132.20100","2.20305","18.46035"
"132.30100","2.20468","18.46609"
"132.40100","2.20621","18.46738"
"132.50100","2.20774","18.47194"
"132.60100","2.20935","18.47831"
"132.70100","2.21098","18.48608"
"132.80100","2.21266","18.49681"
"132.90100","2.21432","18.50608"
"133.00100","2.21603","18.51816"
"133.10100","2.21782","18.53291"
"133.20100","2.21970","18.55286"
"133.30100","2.22158","18.56962"
"133.40100","2.22328","18.57496"
"133.50100","2.22490","18.57668"
"133.60100","2.22651","18.58070"
"133.70100","2.22819","18.58774"
"133.80100","2.22987","18.59280"
"133.90100","2.23147","18.59378"
"134.00100","2.23308","18.59759"
"134.10100","2.23475","18.60351"
"134.20100","2.23638","18.60859"
"134.30100","2.23806","18.61681"
"134.40100","2.23965","18.61927"
"134.50100","2.24126","18.62668"
"134.60100","2.24297","18.63824"
"134.70100","2.24470","18.64905"
"134.80100","2.24635","18.65642"
"134.90100","2.24796","18.66035"
"135.00100","2.24956","18.66427"
"135.10100","2.25122","18.67211"
"135.20100","2.25290","18.68150"
"135.30100","2.25455","18.68956"
"135.40100","2.25622","18.69829"
"135.50100","2.25787","18.70549"
"135.60100","2.25953","18.71401"
"135.70100","2.26121","18.72425"
"135.80100","2.26291","18.73399"
"135.90100","2.26462","18.74449"
"136.00100","2.26635","18.75556"
"136.10100","2.26806","18.76588"
"136.20100","2.26976","18.77386"
"136.30100","2.27140","18.77777"
"136.40100","2.27305","18.78331"
"136.50100","2.27471","18.79064"
"136.60100","2.27640","18.79913"
"136.70100","2.27812","18.80910"
"136.80100","2.27974","18.81252"
"136.90100","2.28139","18.81985"
"137.00100","2.28306","18.82792"
"137.10100","2.28474","18.83771"
"137.20100","2.28641","18.84503"
"137.30100","2.28811","18.85742"
"137.40100","2.28984","18.86873"
"137.50100","2.29154","18.87761"
"137.60100","2.29326","18.88875"
"137.70100","2.29496","18.89737"
"137.80100","2.29671","18.91026"
"137.90100","2.29853","18.92629"
"138.00100","2.30012","18.92750"
"138.10100","2.30185","18.93965"
"138.20100","2.30352","18.94539"
"138.30100","2.30508","18.94602"
"138.40100","2.30664","18.94934"
"138.50100","2.30816","18.95037"
"138.60100","2.30977","18.95764"
"138.70100","2.31143","18.96841"
"138.80100","2.31304","18.97498"
"138.90100","2.31464","18.98169"
"139.00100","2.31628","18.99139"
"139.10100","2.31783","18.99404"
"139.20100","2.31947","19.00348"
"139.30100","2.32112","19.01208"
"139.40100","2.32273","19.01767"
"139.50100","2.32436","19.02237"
"139.60100","2.32601","19.02945"
"139.70100","2.32770","19.04048"
"139.80100","2.32944","19.05082"
"139.90100","2.33127","19.06903"
"140.00100","2.33295","19.07528"
"140.10100","2.33452","19.07454"
"140.20100","2.33619","19.08088"
"140.30100","2.33792","19.09077"
"140.40100","2.33951","19.09055"
"140.50100","2.34110","19.09267"
"140.60100","2.34274","19.09747"
"140.70100","2.34440","19.10481"
"140.80100","2.34613","19.11752"
"140.90100","2.34784","19.12717"
"141.00100","2.34945","19.12792"
"141.10100","2.35127","19.14417"
"141.20100","2.35309","19.15890"
"141.30100","2.35481","19.16656"
"141.40100","2.35653","19.17266"
"141.50100","2.35814","19.17351"
"141.60100","2.35975","19.17367"
"141.70100","2.36139","19.17694"
"141.80100","2.36308","19.18384"
"141.90100","2.36470","19.18681"
"142.00100","2.36637","19.19358"
"142.10100","2.36807","19.19883"
"142.20100","2.36973","19.20353"
"142.30100","2.37140","19.22417"
"142.40100","2.37291","19.21457"
"142.50100","2.37450","19.21530"
"142.60100","2.37615","19.22139"
"142.70100","2.37775","19.22386"
"142.80100","2.37948","19.23610"
"142.90100","2.38127","19.25066"
"143.00100","2.38293","19.25473"
"143.10100","2.38470","19.26645"
"143.20100","2.38644","19.27692"
"143.30100","2.38816","19.28622"
"143.40100","2.38985","19.29288"
"143.50100","2.39148","19.29584"
"143.60100","2.39308","19.29773"
"143.70100","2.39470","19.30081"
"143.80100","2.39637","19.30880"
"143.90100","2.39809","19.31835"
"144.00100","2.39981","19.32827"
"144.10100","2.40148","19.33247"
"144.20100","2.40317","19.33597"
"144.30100","2.40482","19.33982"
"144.40100","2.40650","19.34712"
"144.50100","2.40810","19.34884"
"144.60100","2.40968","19.35159"
"144.70100","2.41134","19.35999"
"144.80100","2.41292","19.36209"
"144.90100","2.41446","19.36331"
"145.00100","2.41606","19.36805"
"145.10100","2.41766","19.37255"
"145.20100","2.41934","19.38222"
"145.30100","2.42101","19.39033"
"145.40100","2.42263","19.39569"
"145.50100","2.42429","19.40288"
"145.60100","2.42599","19.41159"
"145.70100","2.42768","19.41911"
"145.80100","2.42943","19.42949"
"145.90100","2.43115","19.43642"
"146.00100","2.43273","19.43517"
"146.10100","2.43472","19.46233"
"146.20100","2.43668","19.48134"
"146.30100","2.43827","19.47743"
"146.40100","2.43989","19.47815"
"146.50100","2.44149","19.47707"
"146.60100","2.44304","19.47434"
"146.70100","2.44460","19.47526"
"146.80100","2.44613","19.47438"
"146.90100","2.44767","19.47522"
"147.00100","2.44929","19.48097"
"147.10100","2.45097","19.49002"
"147.20100","2.45268","19.50001"
"147.30100","2.45433","19.50534"
"147.40100","2.45602","19.51218"
"147.50100","2.45769","19.51450"
"147.60100","2.45941","19.52125"
"147.70100","2.46119","19.53009"
"147.80100","2.46296","19.53872"
"147.90100","2.46473","19.54835"
"148.00100","2.46646","19.55544"
"148.10100","2.46815","19.55839"
"148.20100","2.46976","19.55570"
"148.30100","2.47137","19.55626"
"148.40100","2.47302","19.56028"
"148.50100","2.47456","19.55734"
"148.60100","2.47614","19.55713"
"148.70100","2.47773","19.56086"
"148.80100","2.47936","19.56611"
"148.90100","2.48098","19.57017"
"149.00100","2.48263","19.57649"
"149.10100","2.48428","19.58181"
"149.20100","2.48591","19.58523"
"149.30100","2.48753","19.58893"
"149.40100","2.48921","19.59597"
"149.50100","2.49104","19.60828"
"149.60100","2.49285","19.61939"
"149.70100","2.49451","19.61988"
"149.80100","2.49614","19.61941"
"149.90100","2.49780","19.62151"
"150.00100","2.49941","19.62242"
"150.10100","2.50106","19.62647"
"150.20100","2.50282","19.63773"
"150.30100","2.50454","19.64508"
"150.40100","2.50624","19.64957"
"150.50100","2.50789","19.65194"
"150.60100","2.50956","19.65728"
"150.70100","2.51124","19.66525"
"150.80100","2.51289","19.67027"
"150.90100","2.51466","19.68241"
"151.00100","2.51646","19.69540"
"151.10100","2.51822","19.70636"
"151.20100","2.51995","19.71470"
"151.30100","2.52188","19.73570"
"151.40100","2.52348","19.73069"
"151.50100","2.52510","19.73143"
"151.60100","2.52680","19.73938"
"151.70100","2.52843","19.74310"
"151.80100","2.52997","19.74256"
"151.90100","2.53154","19.74448"
"152.00100","2.53322","19.75361"
"152.10100","2.53490","19.76219"
"152.20100","2.53647","19.76196"
"152.30100","2.53809","19.76794"
"152.40100","2.53976","19.77621"
"152.50100","2.54140","19.78185"
"152.60100","2.54295","19.78037"
"152.70100","2.54454","19.78499"
"152.80100","2.54629","19.79900"
"152.90100","2.54800","19.80999"
"153.00100","2.54960","19.81286"
"153.10100","2.55115","19.81246"
"153.20100","2.55277","19.81664"
"153.30100","2.55443","19.82386"
"153.40100","2.55613","19.83216"
"153.50100","2.55785","19.84122"
"153.60100","2.55958","19.85006"
"153.70100","2.56127","19.85772"
"153.80100","2.56311","19.87456"
"153.90100","2.56489","19.88461"
"154.00100","2.56651","19.88193"
"154.10100","2.56831","19.89512"
"154.20100","2.57026","19.91748"
"154.30100","2.57198","19.92276"
"154.40100","2.57362","19.92415"
"154.50100","2.57527","19.92690"
"154.60100","2.57685","19.92749"
"154.70100","2.57839","19.92706"
"154.80100","2.58006","19.93774"
"154.90100","2.58167","19.94368"
"155.00100","2.58320","19.94435"
"155.10100","2.58483","19.95336"
"155.20100","2.58643","19.95895"
"155.30100","2.58813","19.97114"
"155.40100","2.58980","19.98096"
"155.50100","2.59143","19.98625"
"155.60100","2.59313","19.99471"
"155.70100","2.59476","19.99879"
"155.80100","2.59633","19.99802"
"155.90100","2.59793","20.00268"
"156.00100","2.59974","20.02099"
"156.10100","2.60177","20.10374"
"156.20100","2.60339","20.08680"
"156.30100","2.60479","20.06440"
"156.40100","2.60644","20.05391"
"156.50100","2.60819","19.97278"
"156.60100","2.60977","19.96398"
"156.70100","2.61136","19.96456"
"156.80100","2.61294","19.96385"
"156.90100","2.61450","19.96079"
"157.00100","2.61614","19.95552"
"157.10100","2.61780","19.95881"
"157.20100","2.61949","19.96342"
"157.30100","2.62105","19.95982"
"157.40100","2.62274","19.96726"
"157.50100","2.62455","19.98205"
"157.60100","2.62622","19.98478"
"157.70100","2.62792","19.98837"
"157.80100","2.62965","19.99501"
"157.90100","2.63137","20.00067"
"158.00100","2.63304","20.00219"
"158.10100","2.63468","20.00347"
"158.20100","2.63635","20.00781"
"158.30100","2.63807","20.01334"
"158.40100","2.63974","20.01740"
"158.50100","2.64142","20.02253"
"158.60100","2.64309","20.02753"
"158.70100","2.64469","20.02822"
"158.80100","2.64621","20.02449"
"158.90100","2.64794","20.03743"
"159.00100","2.64967","20.04907"
"159.10100","2.65137","20.05881"
"159.20100","2.65289","20.05618"
"159.30100","2.65459","20.06632"
"159.40100","2.65635","20.07988"
"159.50100","2.65808","20.08813"
"159.60100","2.65965","20.08640"
"159.70100","2.66126","20.08383"
"159.80100","2.66289","20.08251"
"159.90100","2.66459","20.08265"
"160.00100","2.66624","20.08536"
"160.10100","2.66789","20.08577"
"160.20100","2.66956","20.09031"
"160.30100","2.67120","20.09203"
"160.40100","2.67286","20.09485"
"160.50100","2.67447","20.09512"
"160.60100","2.67601","20.09219"
"160.70100","2.67777","20.10820"
"160.80100","2.67946","20.11564"
"160.90100","2.68116","20.12377"
"161.00100","2.68288","20.13191"
"161.10100","2.68458","20.13797"
"161.20100","2.68625","20.14376"
"161.30100","2.68781","20.14251"
"161.40100","2.68935","20.13467"
"161.50100","2.69094","20.13534"
"161.60100","2.69255","20.13859"
"161.70100","2.69416","20.13859"
"161.80100","2.69586","20.14562"
"161.90100","2.69762","20.15385"
"162.00100","2.69929","20.15688"
"162.10100","2.70104","20.16339"
"162.20100","2.70283","20.17298"
"162.30100","2.70456","20.17753"
"162.40100","2.70619","20.17868"
"162.50100","2.70784","20.18037"
"162.60100","2.70954","20.18598"
"162.70100","2.71126","20.19516"
"162.80100","2.71289","20.19464"
"162.90100","2.71459","20.19907"
"163.00100","2.71627","20.20173"
"163.10100","2.71787","20.20169"
"163.20100","2.71948","20.20284"
"163.30100","2.72109","20.20298"
"163.40100","2.72265","20.20086"
"163.50100","2.72421","20.19960"
"163.60100","2.72588","20.20566"
"163.70100","2.72764","20.21976"
"163.80100","2.72929","20.21924"
"163.90100","2.73081","20.20980"
"164.00100","2.73271","20.22351"
"164.10100","2.73460","20.23485"
"164.20100","2.73635","20.23693"
"164.30100","2.73813","20.24148"
"164.40100","2.73984","20.24128"
"164.50100","2.74147","20.23852"
"164.60100","2.74302","20.23283"
"164.70100","2.74459","20.23374"
"164.80100","2.74619","20.23144"
"164.90100","2.74781","20.23109"
"165.00100","2.74942","20.23200"
"165.10100","2.75096","20.22999"
"165.20100","2.75255","20.23104"
"165.30100","2.75424","20.23790"
"165.40100","2.75604","20.25285"
"165.50100","2.75774","20.25812"
"165.60100","2.75939","20.25832"
"165.70100","2.76102","20.25969"
"165.80100","2.76276","20.26805"
"165.90100","2.76454","20.27922"
"166.00100","2.76630","20.28587"
"166.10100","2.76805","20.29201"
"166.20100","2.76970","20.29022"
"166.30100","2.77128","20.28347"
"166.40100","2.77282","20.27845"
"166.50100","2.77438","20.27638"
"166.60100","2.77599","20.27769"
"166.70100","2.77770","20.28574"
"166.80100","2.77939","20.29046"
"166.90100","2.78105","20.29361"
"167.00100","2.78275","20.30085"
"167.10100","2.78446","20.30561"
"167.20100","2.78618","20.31214"
"167.30100","2.78803","20.32564"
"167.40100","2.78975","20.32974"
"167.50100","2.79137","20.32917"
"167.60100","2.79309","20.33564"
"167.70100","2.79476","20.33792"
"167.80100","2.79645","20.34299"
"167.90100","2.79821","20.35182"
"168.00100","2.80003","20.35217"
"168.10100","2.80173","20.34857"
"168.20100","2.80335","20.34800"
"168.30100","2.80500","20.35150"
"168.40100","2.80671","20.35831"
"168.50100","2.80831","20.35867"
"168.60100","2.80984","20.35766"
"168.70100","2.81146","20.36279"
"168.80100","2.81318","20.37267"
"168.90100","2.81484","20.37864"
"169.00100","2.81650","20.38454"
"169.10100","2.81836","20.40343"
"169.20100","2.82028","20.42387"
"169.30100","2.82186","20.42195"
"169.40100","2.82337","20.41829"
"169.50100","2.82503","20.42595"
"169.60100","2.82673","20.43512"
"169.70100","2.82836","20.43847"
"169.80100","2.82998","20.44172"
"169.90100","2.83154","20.44214"
"170.00100","2.83310","20.44127"
"170.10100","2.83469","20.44453"
"170.20100","2.83632","20.44931"
"170.30100","2.83803","20.45896"
"170.40100","2.83974","20.46758"
"170.50100","2.84136","20.47019"
"170.60100","2.84312","20.48282"
"170.70100","2.84480","20.48974"
"170.80100","2.84645","20.49504"
"170.90100","2.84814","20.50285"
"171.00100","2.84982","20.50932"
"171.10100","2.85148","20.51217"
"171.20100","2.85307","20.51134"
"171.30100","2.85469","20.51259"
"171.40100","2.85635","20.51792"
"171.50100","2.85791","20.51742"
"171.60100","2.85946","20.51549"
"171.70100","2.86113","20.52318"
"171.80100","2.86289","20.53554"
"171.90100","2.86464","20.54686"
"172.00100","2.86632","20.55187"
"172.10100","2.86787","20.54983"
"172.20100","2.86946","20.54945"
"172.30100","2.87110","20.55105"
"172.40100","2.87280","20.55613"
"172.50100","2.87458","20.56658"
"172.60100","2.87634","20.57494"
"172.70100","2.87812","20.58531"
"172.80100","2.87970","20.58215"
"172.90100","2.88129","20.58157"
"173.00100","2.88295","20.58709"
"173.10100","2.88455","20.58587"
"173.20100","2.88619","20.58551"
"173.30100","2.88787","20.58828"
"173.40100","2.88953","20.58738"
"173.50100","2.89126","20.58509"
"173.60100","2.89292","20.58136"
"173.70100","2.89455","20.57891"
"173.80100","2.89625","20.58036"
"173.90100","2.89808","20.58980"
"174.00100","2.89981","20.59123"
"174.10100","2.90145","20.59071"
"174.20100","2.90305","20.58945"
"174.30100","2.90465","20.58630"
"174.40100","2.90630","20.58627"
"174.50100","2.90796","20.59064"
"174.60100","2.90953","20.58905"
"174.70100","2.91111","20.58907"
"174.80100","2.91276","20.59444"
"174.90100","2.91444","20.59959"
"175.00100","2.91614","20.59675"
"175.10100","2.91785","20.59406"
"175.20100","2.91955","20.59654"
"175.23500","2.92015","20.29199"
"175.23800","2.92020","19.92932"
"175.24000","2.92023","19.63198"
"175.24200","2.92027","19.30278"
"175.24400","2.92031","18.95095"
"175.24600","2.92034","18.58452"
"175.24800","2.92038","18.21069"
"175.25000","2.92041","17.83569"
"175.25200","2.92045","17.46488"
"175.25400","2.92049","17.10272"
"175.25600","2.92052","16.75286"
"175.25800","2.92056","16.41820"
"175.26000","2.92060","16.10100"
"175.26200","2.92063","15.80292"
"175.26400","2.92067","15.52509"
"175.26600","2.92071","15.26816"
"175.26900","2.92076","14.92235"
"175.27200","2.92082","14.62333"
"175.27500","2.92087","14.36928"
"175.27900","2.92094","14.09571"
"175.28500","2.92105","13.80807"
"175.29800","2.92128","13.55419"
"175.34200","2.92202","13.80513"
"175.44200","2.92367","13.95998"
"175.54200","2.92533","14.05875"
"175.64200","2.92698","14.13875"
"175.74200","2.92870","14.21621"
"175.84200","2.93048","14.28360"
"175.94200","2.93225","14.33515"
"176.04200","2.93386","14.37489"
"176.14200","2.93544","14.41444"
"176.24200","2.93705","14.44934"
"176.34200","2.93871","14.48059"
"176.44200","2.94036","14.51069"
"176.54200","2.94198","14.53112"
"176.64200","2.94359","14.55491"
"176.74200","2.94528","14.57971"
"176.84200","2.94701","14.60113"
"176.94200","2.94874","14.62513"
"177.04200","2.95047","14.65102"
"177.14200","2.95226","14.67760"
"177.24200","2.95399","14.69985"
"177.34200","2.95565","14.71789"
"177.42400","2.95696","14.73037"
