General : Start date,"2019-09-04"
General : End date,"2019-09-04"
General : Unique identifier,"{0433F73E-9B0F-4139-ABDB-4B00E7944C1E}"
Specimen notes : Length, D1, D2,""
Specimen notes : Genotype and WR,"E13_3_WR2_4S1"

Time,Extension,Load
(s),(mm),(N)
"0.00000","0.00000","0.24942"
"0.10000","0.00010","0.25163"
"0.20000","0.00078","0.27771"
"0.30000","0.00219","0.33378"
"0.40000","0.00434","0.42441"
"0.50000","0.00688","0.53360"
"0.60000","0.00921","0.63376"
"0.70000","0.01115","0.71547"
"0.80000","0.01276","0.78226"
"0.90000","0.01440","0.85025"
"1.00000","0.01625","0.92846"
"1.10000","0.01799","0.99997"
"1.20000","0.01964","1.06680"
"1.30000","0.02125","1.13126"
"1.40000","0.02291","1.19724"
"1.50000","0.02457","1.26407"
"1.60000","0.02624","1.33082"
"1.70000","0.02783","1.39452"
"1.80000","0.02946","1.45957"
"1.90000","0.03111","1.52626"
"2.00000","0.03280","1.59415"
"2.10000","0.03449","1.66254"
"2.20000","0.03618","1.72960"
"2.30000","0.03784","1.79605"
"2.40000","0.03958","1.86619"
"2.50000","0.04136","1.93874"
"2.60000","0.04303","2.00471"
"2.70000","0.04470","2.07141"
"2.80000","0.04642","2.13938"
"2.90000","0.04804","2.20297"
"3.00000","0.04973","2.27029"
"3.10000","0.05136","2.33316"
"3.20000","0.05303","2.39897"
"3.30000","0.05466","2.46332"
"3.40000","0.05628","2.52541"
"3.50000","0.05787","2.58656"
"3.60000","0.05954","2.65318"
"3.70000","0.06121","2.71895"
"3.80000","0.06285","2.78362"
"3.90000","0.06449","2.84798"
"4.00000","0.06615","2.91292"
"4.10000","0.06784","2.97924"
"4.20000","0.06948","3.04136"
"4.30000","0.07129","3.11171"
"4.40000","0.07307","3.17690"
"4.50000","0.07476","3.23577"
"4.60000","0.07643","3.29042"
"4.70000","0.07806","3.34295"
"4.80000","0.07970","3.39494"
"4.90000","0.08135","3.44677"
"5.00000","0.08293","3.49247"
"5.10000","0.08452","3.53915"
"5.20000","0.08620","3.58996"
"5.30000","0.08791","3.64056"
"5.40000","0.08956","3.68830"
"5.50000","0.09124","3.73655"
"5.60000","0.09283","3.77808"
"5.70000","0.09461","3.83089"
"5.80000","0.09630","3.87949"
"5.90000","0.09799","3.92855"
"6.00000","0.09968","3.97705"
"6.10000","0.10139","4.02678"
"6.20000","0.10307","4.07562"
"6.30000","0.10467","4.12094"
"6.40000","0.10628","4.16650"
"6.50000","0.10793","4.21630"
"6.60000","0.10959","4.26744"
"6.70000","0.11119","4.31515"
"6.80000","0.11288","4.36781"
"6.90000","0.11457","4.41983"
"7.00000","0.11621","4.46734"
"7.10000","0.11786","4.51622"
"7.20000","0.11953","4.56485"
"7.30000","0.12124","4.61543"
"7.40000","0.12290","4.66426"
"7.50000","0.12454","4.71131"
"7.60000","0.12633","4.76817"
"7.70000","0.12811","4.82417"
"7.80000","0.12972","4.86978"
"7.90000","0.13138","4.91931"
"8.00000","0.13305","4.97071"
"8.10000","0.13466","5.01754"
"8.20000","0.13622","5.06198"
"8.30000","0.13783","5.11001"
"8.40000","0.13952","5.16346"
"8.50000","0.14117","5.21468"
"8.60000","0.14281","5.26498"
"8.70000","0.14457","5.32421"
"8.80000","0.14631","5.37983"
"8.90000","0.14789","5.42626"
"9.00000","0.14954","5.47982"
"9.10000","0.15132","5.54223"
"9.20000","0.15308","5.60459"
"9.30000","0.15474","5.66027"
"9.40000","0.15639","5.71519"
"9.50000","0.15807","5.77154"
"9.60000","0.15970","5.82482"
"9.70000","0.16135","5.88046"
"9.80000","0.16293","5.93385"
"9.90000","0.16451","5.98847"
"10.00000","0.16617","6.04831"
"10.10000","0.16786","6.11060"
"10.20000","0.16954","6.17193"
"10.30000","0.17120","6.23092"
"10.40000","0.17289","6.29199"
"10.50000","0.17454","6.35031"
"10.60000","0.17618","6.40926"
"10.70000","0.17781","6.46610"
"10.80000","0.17962","6.53570"
"10.90000","0.18144","6.60440"
"11.00000","0.18313","6.66328"
"11.10000","0.18479","6.72079"
"11.20000","0.18640","6.77621"
"11.30000","0.18807","6.83493"
"11.40000","0.18970","6.89095"
"11.50000","0.19133","6.94746"
"11.60000","0.19297","7.00379"
"11.70000","0.19451","7.05622"
"11.80000","0.19615","7.11471"
"11.90000","0.19787","7.17809"
"12.00000","0.19953","7.23587"
"12.10000","0.20119","7.29292"
"12.20000","0.20286","7.35058"
"12.30000","0.20461","7.41413"
"12.40000","0.20638","7.47750"
"12.50000","0.20807","7.53569"
"12.60000","0.20974","7.59281"
"12.70000","0.21140","7.64748"
"12.80000","0.21307","7.70442"
"12.90000","0.21471","7.75725"
"13.00000","0.21636","7.81067"
"13.10000","0.21802","7.86646"
"13.20000","0.21965","7.91990"
"13.30000","0.22128","7.97331"
"13.40000","0.22291","8.02703"
"13.50000","0.22457","8.08200"
"13.60000","0.22620","8.13542"
"13.70000","0.22784","8.18952"
"13.80000","0.22949","8.24469"
"13.90000","0.23119","8.30077"
"14.00000","0.23285","8.35494"
"14.10000","0.23459","8.41457"
"14.20000","0.23644","8.47998"
"14.30000","0.23816","8.53544"
"14.40000","0.23978","8.58343"
"14.50000","0.24139","8.63108"
"14.60000","0.24305","8.68283"
"14.70000","0.24471","8.73298"
"14.80000","0.24633","8.78016"
"14.90000","0.24791","8.82530"
"15.00000","0.24957","8.87657"
"15.10000","0.25124","8.92786"
"15.20000","0.25291","8.97920"
"15.30000","0.25460","9.03139"
"15.40000","0.25627","9.08145"
"15.50000","0.25792","9.12871"
"15.60000","0.25968","9.18464"
"15.70000","0.26130","9.23162"
"15.80000","0.26297","9.28129"
"15.90000","0.26463","9.33066"
"16.00000","0.26635","9.38424"
"16.10000","0.26804","9.43509"
"16.20000","0.26966","9.48115"
"16.30000","0.27129","9.52834"
"16.40000","0.27289","9.57177"
"16.50000","0.27457","9.61957"
"16.60000","0.27622","9.66725"
"16.70000","0.27786","9.71296"
"16.80000","0.27955","9.76187"
"16.90000","0.28128","9.81442"
"17.00000","0.28298","9.86423"
"17.10000","0.28462","9.90839"
"17.20000","0.28622","9.94832"
"17.30000","0.28789","9.99549"
"17.40000","0.28972","10.05424"
"17.50000","0.29150","10.10623"
"17.60000","0.29307","10.14656"
"17.70000","0.29469","10.19071"
"17.80000","0.29638","10.23939"
"17.90000","0.29800","10.28371"
"18.00000","0.29963","10.32720"
"18.10000","0.30125","10.37311"
"18.20000","0.30284","10.41416"
"18.30000","0.30451","10.46032"
"18.40000","0.30622","10.50748"
"18.50000","0.30790","10.55436"
"18.60000","0.30959","10.59878"
"18.70000","0.31119","10.63841"
"18.80000","0.31291","10.68655"
"18.90000","0.31478","10.74282"
"19.00000","0.31649","10.78649"
"19.10000","0.31808","10.82377"
"19.20000","0.31979","10.86599"
"19.30000","0.32149","10.91004"
"19.40000","0.32311","10.95044"
"19.50000","0.32465","10.98531"
"19.60000","0.32621","11.02263"
"19.70000","0.32782","11.06294"
"19.80000","0.32946","11.10628"
"19.90000","0.33114","11.15268"
"20.00000","0.33286","11.20031"
"20.10000","0.33451","11.24189"
"20.20000","0.33617","11.28497"
"20.30000","0.33785","11.32739"
"20.40000","0.33957","11.37361"
"20.50000","0.34121","11.41215"
"20.60000","0.34300","11.45924"
"20.70000","0.34478","11.50616"
"20.80000","0.34653","11.54819"
"20.90000","0.34818","11.58402"
"21.00000","0.34981","11.61979"
"21.10000","0.35144","11.65656"
"21.20000","0.35310","11.69441"
"21.30000","0.35471","11.72983"
"21.40000","0.35628","11.76269"
"21.50000","0.35784","11.79533"
"21.60000","0.35947","11.83516"
"21.70000","0.36115","11.87669"
"21.80000","0.36285","11.92044"
"21.90000","0.36455","11.96581"
"22.00000","0.36614","12.00174"
"22.10000","0.36783","12.04314"
"22.20000","0.36965","12.09518"
"22.30000","0.37141","12.13948"
"22.40000","0.37309","12.18138"
"22.50000","0.37475","12.21736"
"22.60000","0.37643","12.25610"
"22.70000","0.37806","12.29246"
"22.80000","0.37972","12.33063"
"22.90000","0.38137","12.37011"
"23.00000","0.38298","12.40541"
"23.10000","0.38466","12.44510"
"23.20000","0.38632","12.48367"
"23.30000","0.38797","12.52082"
"23.40000","0.38953","12.55410"
"23.50000","0.39111","12.58930"
"23.60000","0.39281","12.63482"
"23.70000","0.39443","12.67314"
"23.80000","0.39618","12.72169"
"23.90000","0.39791","12.76539"
"24.00000","0.39965","12.80979"
"24.10000","0.40142","12.85649"
"24.20000","0.40309","12.89234"
"24.30000","0.40473","12.92896"
"24.40000","0.40638","12.96753"
"24.50000","0.40802","13.00182"
"24.60000","0.40968","13.03844"
"24.70000","0.41134","13.07568"
"24.80000","0.41296","13.10962"
"24.90000","0.41459","13.14510"
"25.00000","0.41626","13.18247"
"25.10000","0.41801","13.22375"
"25.20000","0.41970","13.25954"
"25.30000","0.42126","13.28847"
"25.40000","0.42291","13.32518"
"25.50000","0.42457","13.36328"
"25.60000","0.42624","13.40150"
"25.70000","0.42792","13.44023"
"25.80000","0.42955","13.47501"
"25.90000","0.43123","13.51851"
"26.00000","0.43293","13.55714"
"26.10000","0.43456","13.59189"
"26.20000","0.43616","13.62444"
"26.30000","0.43783","13.66213"
"26.40000","0.43951","13.69963"
"26.50000","0.44122","13.73824"
"26.60000","0.44292","13.77785"
"26.70000","0.44458","13.81122"
"26.80000","0.44623","13.84524"
"26.90000","0.44795","13.88318"
"27.00000","0.44962","13.91810"
"27.10000","0.45129","13.95258"
"27.20000","0.45310","13.99690"
"27.30000","0.45483","14.03426"
"27.40000","0.45641","14.06257"
"27.50000","0.45802","14.09475"
"27.60000","0.45973","14.13351"
"27.70000","0.46134","14.16510"
"27.80000","0.46293","14.19645"
"27.90000","0.46449","14.22687"
"28.00000","0.46618","14.26612"
"28.10000","0.46783","14.30155"
"28.20000","0.46951","14.33854"
"28.30000","0.47121","14.37430"
"28.40000","0.47290","14.41009"
"28.50000","0.47457","14.44233"
"28.60000","0.47628","14.48114"
"28.70000","0.47809","14.52274"
"28.80000","0.47978","14.55570"
"28.90000","0.48147","14.58878"
"29.00000","0.48309","14.61644"
"29.10000","0.48481","14.65107"
"29.20000","0.48644","14.68011"
"29.30000","0.48799","14.70372"
"29.40000","0.48957","14.73241"
"29.50000","0.49119","14.76353"
"29.60000","0.49283","14.79763"
"29.70000","0.49447","14.83184"
"29.80000","0.49614","14.86720"
"29.90000","0.49781","14.90176"
"30.00000","0.49951","14.93837"
"30.10000","0.50116","14.97124"
"30.20000","0.50283","15.00552"
"30.30000","0.50452","15.04037"
"30.40000","0.50626","15.07805"
"30.50000","0.50812","15.12260"
"30.60000","0.50985","15.15728"
"30.70000","0.51151","15.18776"
"30.80000","0.51313","15.21358"
"30.90000","0.51484","15.24557"
"31.00000","0.51649","15.27336"
"31.10000","0.51804","15.29446"
"31.20000","0.51966","15.32274"
"31.30000","0.52135","15.35478"
"31.40000","0.52293","15.38188"
"31.50000","0.52449","15.40843"
"31.60000","0.52612","15.43962"
"31.70000","0.52783","15.47596"
"31.80000","0.52949","15.50695"
"31.90000","0.53121","15.54313"
"32.00000","0.53295","15.58206"
"32.10000","0.53468","15.61799"
"32.20000","0.53642","15.65300"
"32.30000","0.53806","15.68091"
"32.40000","0.53973","15.70992"
"32.50000","0.54144","15.74102"
"32.60000","0.54304","15.76338"
"32.70000","0.54470","15.79139"
"32.80000","0.54637","15.81918"
"32.90000","0.54802","15.84683"
"33.00000","0.54968","15.87414"
"33.10000","0.55135","15.90239"
"33.20000","0.55305","15.93257"
"33.30000","0.55470","15.95843"
"33.40000","0.55630","15.98375"
"33.50000","0.55781","16.00261"
"33.60000","0.55937","16.02562"
"33.70000","0.56116","16.06491"
"33.80000","0.56304","16.10892"
"33.90000","0.56475","16.13920"
"34.00000","0.56641","16.16609"
"34.10000","0.56802","16.19077"
"34.20000","0.56973","16.22115"
"34.30000","0.57134","16.24462"
"34.40000","0.57297","16.26912"
"34.50000","0.57464","16.29955"
"34.60000","0.57636","16.32955"
"34.70000","0.57800","16.35279"
"34.80000","0.57968","16.37965"
"34.90000","0.58137","16.40695"
"35.00000","0.58304","16.43185"
"35.10000","0.58470","16.45705"
"35.20000","0.58639","16.48371"
"35.30000","0.58809","16.51101"
"35.40000","0.58966","16.53153"
"35.50000","0.59131","16.55744"
"35.60000","0.59297","16.58442"
"35.70000","0.59470","16.61722"
"35.80000","0.59634","16.64248"
"35.90000","0.59796","16.66575"
"36.00000","0.59954","16.68643"
"36.10000","0.60118","16.71101"
"36.20000","0.60284","16.73617"
"36.30000","0.60451","16.76233"
"36.40000","0.60621","16.79051"
"36.50000","0.60789","16.81541"
"36.60000","0.60958","16.84156"
"36.70000","0.61127","16.86624"
"36.80000","0.61297","16.89341"
"36.90000","0.61459","16.91344"
"37.00000","0.61639","16.94603"
"37.10000","0.61821","16.97894"
"37.20000","0.61983","16.99875"
"37.30000","0.62149","17.02187"
"37.40000","0.62308","17.04272"
"37.50000","0.62462","17.05982"
"37.60000","0.62622","17.08308"
"37.70000","0.62785","17.10699"
"37.80000","0.62950","17.13333"
"37.90000","0.63118","17.16122"
"38.00000","0.63286","17.18847"
"38.10000","0.63450","17.21283"
"38.20000","0.63617","17.23953"
"38.30000","0.63785","17.26526"
"38.40000","0.63957","17.29447"
"38.50000","0.64133","17.32434"
"38.60000","0.64310","17.35384"
"38.70000","0.64484","17.38315"
"38.80000","0.64652","17.40657"
"38.90000","0.64814","17.42506"
"39.00000","0.64977","17.44526"
"39.10000","0.65141","17.46625"
"39.20000","0.65308","17.49035"
"39.30000","0.65469","17.50909"
"39.40000","0.65624","17.52576"
"39.50000","0.65781","17.54495"
"39.60000","0.65948","17.57107"
"39.70000","0.66119","17.59859"
"39.80000","0.66287","17.62423"
"39.90000","0.66450","17.64689"
"40.00000","0.66619","17.67394"
"40.10000","0.66791","17.70173"
"40.20000","0.66947","17.71790"
"40.30000","0.67125","17.74863"
"40.40000","0.67311","17.78413"
"40.50000","0.67479","17.80427"
"40.60000","0.67648","17.82754"
"40.70000","0.67817","17.84972"
"40.80000","0.67980","17.86861"
"40.90000","0.68136","17.88343"
"41.00000","0.68294","17.89962"
"41.10000","0.68461","17.92174"
"41.20000","0.68627","17.94273"
"41.30000","0.68795","17.96455"
"41.40000","0.68961","17.98561"
"41.50000","0.69116","18.00172"
"41.60000","0.69270","18.01687"
"41.70000","0.69448","18.04915"
"41.80000","0.69623","18.07865"
"41.90000","0.69792","18.10225"
"42.00000","0.69958","18.12368"
"42.10000","0.70131","18.14961"
"42.20000","0.70304","18.17420"
"42.30000","0.70469","18.19352"
"42.40000","0.70635","18.21311"
"42.50000","0.70801","18.23304"
"42.60000","0.70966","18.25353"
"42.70000","0.71135","18.27786"
"42.80000","0.71297","18.29474"
"42.90000","0.71463","18.31337"
"43.00000","0.71631","18.33385"
"43.10000","0.71798","18.35310"
"43.20000","0.71968","18.37361"
"43.30000","0.72138","18.39521"
"43.40000","0.72302","18.41224"
"43.50000","0.72461","18.42768"
"43.60000","0.72620","18.44528"
"43.70000","0.72794","18.47253"
"43.80000","0.72967","18.49748"
"43.90000","0.73138","18.51968"
"44.00000","0.73302","18.53864"
"44.10000","0.73461","18.55354"
"44.20000","0.73620","18.56886"
"44.30000","0.73786","18.58951"
"44.40000","0.73955","18.61104"
"44.50000","0.74120","18.62984"
"44.60000","0.74288","18.65002"
"44.70000","0.74460","18.67175"
"44.80000","0.74630","18.69231"
"44.90000","0.74792","18.70805"
"45.00000","0.74962","18.73019"
"45.10000","0.75146","18.75923"
"45.20000","0.75312","18.77727"
"45.30000","0.75472","18.79124"
"45.40000","0.75639","18.81091"
"45.50000","0.75802","18.82884"
"45.60000","0.75962","18.84510"
"45.70000","0.76118","18.85843"
"45.80000","0.76285","18.87975"
"45.90000","0.76454","18.90206"
"46.00000","0.76617","18.91991"
"46.10000","0.76780","18.93767"
"46.20000","0.76947","18.95900"
"46.30000","0.77117","18.98081"
"46.40000","0.77288","19.00319"
"46.50000","0.77459","19.02652"
"46.60000","0.77622","19.04059"
"46.70000","0.77787","19.05690"
"46.80000","0.77968","19.08416"
"46.90000","0.78149","19.10909"
"47.00000","0.78317","19.12565"
"47.10000","0.78485","19.14295"
"47.20000","0.78647","19.15546"
"47.30000","0.78806","19.16650"
"47.40000","0.78969","19.18160"
"47.50000","0.79124","19.19171"
"47.60000","0.79281","19.20417"
"47.70000","0.79447","19.22339"
"47.80000","0.79614","19.24309"
"47.90000","0.79780","19.26228"
"48.00000","0.79948","19.28244"
"48.10000","0.80119","19.30421"
"48.20000","0.80284","19.32003"
"48.30000","0.80458","19.34605"
"48.40000","0.80644","19.37364"
"48.50000","0.80813","19.38933"
"48.60000","0.80976","19.40246"
"48.70000","0.81144","19.41856"
"48.80000","0.81313","19.43513"
"48.90000","0.81477","19.44935"
"49.00000","0.81638","19.46115"
"49.10000","0.81806","19.47731"
"49.20000","0.81969","19.48947"
"49.30000","0.82134","19.50401"
"49.40000","0.82297","19.51786"
"49.50000","0.82451","19.52713"
"49.60000","0.82615","19.54385"
"49.70000","0.82787","19.56587"
"49.80000","0.82947","19.57856"
"49.90000","0.83112","19.59491"
"50.00000","0.83285","19.61647"
"50.10000","0.83461","19.64284"
"50.20000","0.83638","19.66309"
"50.30000","0.83814","19.68370"
"50.40000","0.83980","19.69685"
"50.50000","0.84141","19.70627"
"50.60000","0.84312","19.72253"
"50.70000","0.84474","19.73278"
"50.80000","0.84632","19.74237"
"50.90000","0.84799","19.75772"
"51.00000","0.84970","19.77427"
"51.10000","0.85134","19.78614"
"51.20000","0.85298","19.79915"
"51.30000","0.85466","19.81536"
"51.40000","0.85630","19.82833"
"51.50000","0.85781","19.83551"
"51.60000","0.85957","19.85772"
"51.70000","0.86128","19.87684"
"51.80000","0.86292","19.88944"
"51.90000","0.86457","19.90406"
"52.00000","0.86632","19.92830"
"52.10000","0.86805","19.94733"
"52.20000","0.86963","19.95532"
"52.30000","0.87123","19.96564"
"52.40000","0.87288","19.97812"
"52.50000","0.87458","19.99278"
"52.60000","0.87623","20.00498"
"52.70000","0.87789","20.01746"
"52.80000","0.87957","20.03319"
"52.90000","0.88128","20.04944"
"53.00000","0.88295","20.06196"
"53.10000","0.88461","20.07429"
"53.20000","0.88633","20.09019"
"53.30000","0.88800","20.10220"
"53.40000","0.88962","20.11228"
"53.50000","0.89127","20.12509"
"53.60000","0.89297","20.14210"
"53.70000","0.89470","20.15987"
"53.80000","0.89642","20.17884"
"53.90000","0.89795","20.18228"
"54.00000","0.89956","20.19140"
"54.10000","0.90121","20.20436"
"54.20000","0.90285","20.21472"
"54.30000","0.90452","20.22618"
"54.40000","0.90620","20.23948"
"54.50000","0.90789","20.25403"
"54.60000","0.90964","20.27574"
"54.70000","0.91129","20.28308"
"54.80000","0.91292","20.29119"
"54.90000","0.91471","20.30972"
"55.00000","0.91653","20.32903"
"55.10000","0.91815","20.33565"
"55.20000","0.91978","20.34407"
"55.30000","0.92140","20.35222"
"55.40000","0.92297","20.35935"
"55.50000","0.92457","20.36977"
"55.60000","0.92619","20.38374"
"55.70000","0.92782","20.39394"
"55.80000","0.92944","20.40414"
"55.90000","0.93116","20.42060"
"56.00000","0.93283","20.43256"
"56.10000","0.93449","20.44478"
"56.20000","0.93617","20.46080"
"56.30000","0.93785","20.47285"
"56.40000","0.93959","20.48875"
"56.50000","0.94118","20.49545"
"56.60000","0.94296","20.51403"
"56.70000","0.94486","20.54145"
"56.80000","0.94655","20.54875"
"56.90000","0.94813","20.55214"
"57.00000","0.94984","20.56269"
"57.10000","0.95152","20.57130"
"57.20000","0.95311","20.57594"
"57.30000","0.95461","20.57653"
"57.40000","0.95617","20.58119"
"57.50000","0.95781","20.59328"
"57.60000","0.95947","20.60706"
"57.70000","0.96121","20.62488"
"57.80000","0.96287","20.63477"
"57.90000","0.96452","20.64384"
"58.00000","0.96614","20.65125"
"58.10000","0.96779","20.66087"
"58.20000","0.96962","20.68212"
"58.30000","0.97139","20.69900"
"58.40000","0.97318","20.72026"
"58.50000","0.97478","20.72326"
"58.60000","0.97640","20.72777"
"58.70000","0.97810","20.73810"
"58.80000","0.97975","20.74526"
"58.90000","0.98136","20.75061"
"59.00000","0.98301","20.75912"
"59.10000","0.98470","20.76982"
"59.20000","0.98637","20.77843"
"59.30000","0.98798","20.78468"
"59.40000","0.98947","20.78376"
"59.50000","0.99107","20.79129"
"59.60000","0.99283","20.81462"
"59.70000","0.99449","20.82408"
"59.80000","0.99614","20.83288"
"59.90000","0.99790","20.84753"
"60.00000","0.99961","20.85977"
"60.10000","1.00136","20.87344"
"60.20000","1.00308","20.88543"
"60.30000","1.00474","20.89227"
"60.40000","1.00637","20.89726"
"60.50000","1.00805","20.91025"
"60.60000","1.00974","20.91806"
"60.70000","1.01129","20.91793"
"60.80000","1.01290","20.92071"
"60.90000","1.01457","20.92991"
"61.00000","1.01630","20.93967"
"61.10000","1.01803","20.94902"
"61.20000","1.01974","20.95753"
"61.30000","1.02125","20.95406"
"61.40000","1.02287","20.95984"
"61.50000","1.02456","20.97042"
"61.60000","1.02625","20.98307"
"61.70000","1.02803","21.00206"
"61.80000","1.02968","21.00782"
"61.90000","1.03135","21.01451"
"62.00000","1.03293","21.01672"
"62.10000","1.03452","21.02052"
"62.20000","1.03617","21.02792"
"62.30000","1.03785","21.03678"
"62.40000","1.03953","21.04572"
"62.50000","1.04120","21.05296"
"62.60000","1.04290","21.06639"
"62.70000","1.04463","21.07552"
"62.80000","1.04627","21.07788"
"62.90000","1.04792","21.08194"
"63.00000","1.04956","21.08484"
"63.10000","1.05127","21.09253"
"63.20000","1.05313","21.10933"
"63.30000","1.05481","21.11440"
"63.40000","1.05639","21.11544"
"63.50000","1.05801","21.11997"
"63.60000","1.05969","21.12767"
"63.70000","1.06131","21.13140"
"63.80000","1.06291","21.13325"
"63.90000","1.06448","21.13479"
"64.00000","1.06614","21.14352"
"64.10000","1.06785","21.15359"
"64.20000","1.06955","21.16262"
"64.30000","1.07119","21.16645"
"64.40000","1.07288","21.17444"
"64.50000","1.07455","21.17948"
"64.60000","1.07626","21.19139"
"64.70000","1.07815","21.20852"
"64.80000","1.07980","21.21071"
"64.90000","1.08149","21.21537"
"65.00000","1.08315","21.21818"
"65.10000","1.08481","21.22161"
"65.20000","1.08649","21.22531"
"65.30000","1.08806","21.22296"
"65.40000","1.08958","21.21938"
"65.50000","1.09115","21.22126"
"65.60000","1.09281","21.22694"
"65.70000","1.09454","21.23823"
"65.80000","1.09616","21.24170"
"65.90000","1.09780","21.24621"
"66.00000","1.09949","21.25405"
"66.10000","1.10117","21.25920"
"66.20000","1.10285","21.26448"
"66.30000","1.10449","21.26772"
"66.40000","1.10623","21.27687"
"66.50000","1.10808","21.29187"
"66.60000","1.10993","21.30877"
"66.70000","1.11157","21.30746"
"66.80000","1.11312","21.30235"
"66.90000","1.11485","21.30944"
"67.00000","1.11652","21.31168"
"67.10000","1.11807","21.30676"
"67.20000","1.11966","21.30615"
"67.30000","1.12127","21.30767"
"67.40000","1.12286","21.30852"
"67.50000","1.12449","21.31279"
"67.60000","1.12615","21.31885"
"67.70000","1.12788","21.32915"
"67.80000","1.12951","21.33141"
"67.90000","1.13118","21.33596"
"68.00000","1.13294","21.34547"
"68.10000","1.13463","21.35090"
"68.20000","1.13635","21.35694"
"68.30000","1.13807","21.36403"
"68.40000","1.13976","21.36739"
"68.50000","1.14142","21.36922"
"68.60000","1.14307","21.36969"
"68.70000","1.14473","21.37141"
"68.80000","1.14639","21.37901"
"68.90000","1.14802","21.37875"
"69.00000","1.14971","21.38146"
"69.10000","1.15139","21.38361"
"69.20000","1.15305","21.38459"
"69.30000","1.15458","21.37999"
"69.40000","1.15615","21.37857"
"69.50000","1.15783","21.38519"
"69.60000","1.15950","21.38958"
"69.70000","1.16121","21.39685"
"69.80000","1.16300","21.40758"
"69.90000","1.16471","21.41359"
"70.00000","1.16645","21.42062"
"70.10000","1.16806","21.42099"
"70.20000","1.16968","21.42184"
"70.30000","1.17133","21.42400"
"70.40000","1.17297","21.42524"
"70.50000","1.17460","21.42649"
"70.60000","1.17627","21.42853"
"70.70000","1.17797","21.43368"
"70.80000","1.17967","21.43827"
"70.90000","1.18135","21.44016"
"71.00000","1.18304","21.44331"
"71.10000","1.18470","21.44525"
"71.20000","1.18632","21.44503"
"71.30000","1.18801","21.44961"
"71.40000","1.18969","21.45344"
"71.50000","1.19135","21.45563"
"71.60000","1.19299","21.45787"
"71.70000","1.19469","21.46355"
"71.80000","1.19632","21.46356"
"71.90000","1.19794","21.46478"
"72.00000","1.19954","21.46420"
"72.10000","1.20118","21.46640"
"72.20000","1.20287","21.47046"
"72.30000","1.20453","21.47235"
"72.40000","1.20622","21.47660"
"72.50000","1.20790","21.47834"
"72.60000","1.20956","21.47949"
"72.70000","1.21126","21.48295"
"72.80000","1.21300","21.48831"
"72.90000","1.21465","21.48841"
"73.00000","1.21646","21.49772"
"73.10000","1.21825","21.50395"
"73.20000","1.21986","21.49972"
"73.30000","1.22143","21.49469"
"73.40000","1.22303","21.49340"
"73.50000","1.22466","21.49407"
"73.60000","1.22625","21.49321"
"73.70000","1.22784","21.49342"
"73.80000","1.22950","21.49637"
"73.90000","1.23116","21.49924"
"74.00000","1.23281","21.50089"
"74.10000","1.23448","21.50345"
"74.20000","1.23622","21.51052"
"74.30000","1.23788","21.51122"
"74.40000","1.23950","21.50959"
"74.50000","1.24129","21.51818"
"74.60000","1.24309","21.52563"
"74.70000","1.24486","21.53050"
"74.80000","1.24660","21.54149"
"74.90000","1.24816","21.53176"
"75.00000","1.24975","21.52612"
"75.10000","1.25145","21.52780"
"75.20000","1.25310","21.52563"
"75.30000","1.25466","21.52097"
"75.40000","1.25619","21.51577"
"75.50000","1.25782","21.51720"
"75.60000","1.25952","21.52300"
"75.70000","1.26118","21.52488"
"75.80000","1.26284","21.52599"
"75.90000","1.26452","21.52942"
"76.00000","1.26619","21.53062"
"76.10000","1.26788","21.53343"
"76.20000","1.26947","21.53117"
"76.30000","1.27125","21.53925"
"76.40000","1.27309","21.55038"
"76.50000","1.27486","21.55401"
"76.60000","1.27648","21.54828"
"76.70000","1.27814","21.54575"
"76.80000","1.27976","21.54249"
"76.90000","1.28139","21.53898"
"77.00000","1.28304","21.53868"
"77.10000","1.28470","21.53832"
"77.20000","1.28635","21.53711"
"77.30000","1.28799","21.53687"
"77.40000","1.28953","21.53128"
"77.50000","1.29113","21.52987"
"77.60000","1.29271","21.52670"
"77.70000","1.29451","21.53709"
"77.80000","1.29625","21.54087"
"77.90000","1.29791","21.54164"
"78.00000","1.29958","21.54349"
"78.10000","1.30131","21.54761"
"78.20000","1.30308","21.55387"
"78.30000","1.30468","21.54871"
"78.40000","1.30628","21.54444"
"78.50000","1.30794","21.54356"
"78.60000","1.30967","21.54582"
"78.70000","1.31133","21.54284"
"78.80000","1.31301","21.54270"
"78.90000","1.31469","21.54110"
"79.00000","1.31634","21.53914"
"79.10000","1.31802","21.53861"
"79.20000","1.31968","21.53747"
"79.30000","1.32126","21.53148"
"79.40000","1.32279","21.52441"
"79.50000","1.32444","21.52476"
"79.60000","1.32628","21.53635"
"79.70000","1.32804","21.54206"
"79.80000","1.32972","21.54162"
"79.90000","1.33135","21.53894"
"80.00000","1.33299","21.53811"
"80.10000","1.33463","21.53573"
"80.20000","1.33623","21.53177"
"80.30000","1.33780","21.52647"
"80.40000","1.33951","21.52959"
"80.50000","1.34124","21.53211"
"80.60000","1.34289","21.52937"
"80.70000","1.34471","21.54600"
"80.80000","1.34639","21.54183"
"80.90000","1.34790","21.53020"
"81.00000","1.34966","21.53284"
"81.10000","1.35149","21.53950"
"81.20000","1.35312","21.53315"
"81.30000","1.35474","21.52782"
"81.40000","1.35636","21.52557"
"81.50000","1.35802","21.52567"
"81.60000","1.35963","21.52302"
"81.70000","1.36122","21.51914"
"81.80000","1.36285","21.51699"
"81.90000","1.36445","21.51332"
"82.00000","1.36615","21.51662"
"82.10000","1.36784","21.51769"
"82.20000","1.36950","21.51632"
"82.30000","1.37121","21.51852"
"82.40000","1.37290","21.51892"
"82.50000","1.37454","21.51499"
"82.60000","1.37622","21.51366"
"82.70000","1.37788","21.51150"
"82.80000","1.37971","21.51867"
"82.90000","1.38153","21.52385"
"83.00000","1.38323","21.52137"
"83.10000","1.38482","21.51323"
"83.20000","1.38647","21.51054"
"83.30000","1.38807","21.50618"
"83.40000","1.38959","21.49754"
"83.50000","1.39116","21.49267"
"83.60000","1.39281","21.49259"
"83.70000","1.39450","21.49355"
"83.80000","1.39616","21.49299"
"83.90000","1.39780","21.49128"
"84.00000","1.39951","21.49394"
"84.10000","1.40123","21.49765"
"84.20000","1.40284","21.49361"
"84.30000","1.40457","21.50446"
"84.40000","1.40644","21.51203"
"84.50000","1.40815","21.50901"
"84.60000","1.40980","21.50303"
"84.70000","1.41144","21.49752"
"84.80000","1.41312","21.49523"
"84.90000","1.41479","21.49267"
"85.00000","1.41643","21.48742"
"85.10000","1.41804","21.48181"
"85.20000","1.41967","21.47689"
"85.30000","1.42131","21.47243"
"85.40000","1.42285","21.46421"
"85.50000","1.42446","21.46137"
"85.60000","1.42615","21.46333"
"85.70000","1.42783","21.46437"
"85.80000","1.42949","21.46329"
"85.90000","1.43118","21.46501"
"86.00000","1.43286","21.46467"
"86.10000","1.43456","21.46644"
"86.20000","1.43632","21.47028"
"86.30000","1.43809","21.47315"
"86.40000","1.43980","21.47232"
"86.50000","1.44142","21.46511"
"86.60000","1.44308","21.46232"
"86.70000","1.44472","21.46220"
"86.80000","1.44645","21.46564"
"86.90000","1.44800","21.45488"
"87.00000","1.44966","21.45092"
"87.10000","1.45133","21.44752"
"87.20000","1.45299","21.44393"
"87.30000","1.45461","21.43838"
"87.40000","1.45616","21.43056"
"87.50000","1.45774","21.42487"
"87.60000","1.45955","21.43400"
"87.70000","1.46128","21.43593"
"87.80000","1.46295","21.43393"
"87.90000","1.46463","21.43279"
"88.00000","1.46637","21.43450"
"88.10000","1.46802","21.43088"
"88.20000","1.46964","21.42551"
"88.30000","1.47128","21.42261"
"88.40000","1.47290","21.41855"
"88.50000","1.47456","21.41623"
"88.60000","1.47629","21.41785"
"88.70000","1.47810","21.43081"
"88.80000","1.47970","21.42036"
"88.90000","1.48131","21.41336"
"89.00000","1.48295","21.40888"
"89.10000","1.48461","21.40573"
"89.20000","1.48630","21.40509"
"89.30000","1.48795","21.40203"
"89.40000","1.48961","21.39995"
"89.50000","1.49130","21.40026"
"89.60000","1.49302","21.40199"
"89.70000","1.49473","21.40324"
"89.80000","1.49637","21.40008"
"89.90000","1.49793","21.39262"
"90.00000","1.49954","21.38845"
"90.10000","1.50124","21.39102"
"90.20000","1.50287","21.38847"
"90.30000","1.50453","21.38741"
"90.40000","1.50619","21.38663"
"90.50000","1.50796","21.39804"
"90.60000","1.50979","21.40223"
"90.70000","1.51129","21.38751"
"90.80000","1.51287","21.37992"
"90.90000","1.51473","21.38884"
"91.00000","1.51653","21.39174"
"91.10000","1.51815","21.38505"
"91.20000","1.51983","21.38294"
"91.30000","1.52145","21.37820"
"91.40000","1.52298","21.36944"
"91.50000","1.52459","21.36588"
"91.60000","1.52620","21.36268"
"91.70000","1.52779","21.35963"
"91.80000","1.52947","21.36091"
"91.90000","1.53117","21.36195"
"92.00000","1.53284","21.36210"
"92.10000","1.53452","21.36134"
"92.20000","1.53619","21.36089"
"92.30000","1.53786","21.35967"
"92.40000","1.53958","21.36049"
"92.50000","1.54121","21.35662"
"92.60000","1.54297","21.35919"
"92.70000","1.54478","21.36353"
"92.80000","1.54660","21.36754"
"92.90000","1.54823","21.36047"
"93.00000","1.54985","21.35464"
"93.10000","1.55147","21.34859"
"93.20000","1.55307","21.34245"
"93.30000","1.55464","21.33617"
"93.40000","1.55618","21.32957"
"93.50000","1.55783","21.32896"
"93.60000","1.55958","21.33980"
"93.70000","1.56113","21.33042"
"93.80000","1.56280","21.33014"
"93.90000","1.56452","21.33231"
"94.00000","1.56620","21.33044"
"94.10000","1.56786","21.32831"
"94.20000","1.56960","21.33047"
"94.30000","1.57136","21.33258"
"94.40000","1.57307","21.33085"
"94.50000","1.57476","21.32922"
"94.60000","1.57644","21.32590"
"94.70000","1.57810","21.32288"
"94.80000","1.57974","21.31913"
"94.90000","1.58138","21.31508"
"95.00000","1.58303","21.31054"
"95.10000","1.58468","21.30713"
"95.20000","1.58627","21.30005"
"95.30000","1.58784","21.29248"
"95.40000","1.58946","21.29042"
"95.50000","1.59123","21.30263"
"95.60000","1.59284","21.29627"
"95.70000","1.59438","21.28742"
"95.80000","1.59605","21.28791"
"95.90000","1.59794","21.29895"
"96.00000","1.59977","21.30296"
"96.10000","1.60143","21.29820"
"96.20000","1.60304","21.29224"
"96.30000","1.60473","21.29050"
"96.40000","1.60638","21.28784"
"96.50000","1.60805","21.28593"
"96.60000","1.60968","21.28157"
"96.70000","1.61131","21.27819"
"96.80000","1.61303","21.27847"
"96.90000","1.61473","21.27535"
"97.00000","1.61635","21.26879"
"97.10000","1.61802","21.26656"
"97.20000","1.61964","21.26170"
"97.30000","1.62117","21.25304"
"97.40000","1.62290","21.25665"
"97.50000","1.62464","21.26786"
"97.60000","1.62635","21.26460"
"97.70000","1.62800","21.26019"
"97.80000","1.62958","21.25211"
"97.90000","1.63126","21.25119"
"98.00000","1.63292","21.24889"
"98.10000","1.63454","21.24524"
"98.20000","1.63617","21.24106"
"98.30000","1.63785","21.24050"
"98.40000","1.63953","21.23772"
"98.50000","1.64121","21.23454"
"98.60000","1.64291","21.23398"
"98.70000","1.64462","21.23349"
"98.80000","1.64631","21.23106"
"98.90000","1.64798","21.22836"
"99.00000","1.64967","21.22674"
"99.10000","1.65134","21.22404"
"99.20000","1.65305","21.22346"
"99.30000","1.65476","21.22420"
"99.40000","1.65640","21.22009"
"99.50000","1.65804","21.21868"
"99.60000","1.65971","21.21609"
"99.70000","1.66133","21.21153"
"99.80000","1.66293","21.20631"
"99.90000","1.66450","21.20054"
"100.00000","1.66615","21.19970"
"100.10000","1.66782","21.19949"
"100.20000","1.66954","21.20125"
"100.30000","1.67118","21.19714"
"100.40000","1.67290","21.20245"
"100.50000","1.67457","21.19753"
"100.60000","1.67624","21.19452"
"100.70000","1.67806","21.19939"
"100.80000","1.67979","21.19795"
"100.90000","1.68149","21.19513"
"101.00000","1.68315","21.19050"
"101.10000","1.68481","21.18547"
"101.20000","1.68642","21.17920"
"101.30000","1.68799","21.17095"
"101.40000","1.68957","21.16481"
"101.50000","1.69117","21.16117"
"101.60000","1.69280","21.15847"
"101.70000","1.69446","21.15814"
"101.80000","1.69614","21.15786"
"101.90000","1.69782","21.15740"
"102.00000","1.69954","21.16328"
"102.10000","1.70117","21.15681"
"102.20000","1.70283","21.15363"
"102.30000","1.70453","21.15238"
"102.40000","1.70625","21.15304"
"102.50000","1.70807","21.15852"
"102.60000","1.70982","21.15732"
"102.70000","1.71151","21.15372"
"102.80000","1.71318","21.14865"
"102.90000","1.71488","21.14507"
"103.00000","1.71648","21.13657"
"103.10000","1.71806","21.12750"
"103.20000","1.71967","21.12204"
"103.30000","1.72128","21.11817"
"103.40000","1.72284","21.11099"
"103.50000","1.72451","21.11066"
"103.60000","1.72618","21.10998"
"103.70000","1.72785","21.10871"
"103.80000","1.72948","21.10444"
"103.90000","1.73117","21.10552"
"104.00000","1.73295","21.11069"
"104.10000","1.73471","21.11207"
"104.20000","1.73641","21.11091"
"104.30000","1.73807","21.10730"
"104.40000","1.73974","21.10450"
"104.50000","1.74143","21.10218"
"104.60000","1.74307","21.09697"
"104.70000","1.74468","21.09071"
"104.80000","1.74637","21.08917"
"104.90000","1.74804","21.08572"
"105.00000","1.74972","21.08324"
"105.10000","1.75138","21.07888"
"105.20000","1.75300","21.07340"
"105.30000","1.75455","21.06497"
"105.40000","1.75613","21.05912"
"105.50000","1.75785","21.06174"
"105.60000","1.75945","21.05609"
"105.70000","1.76117","21.05789"
"105.80000","1.76309","21.07653"
"105.90000","1.76484","21.07594"
"106.00000","1.76636","21.06285"
"106.10000","1.76802","21.06074"
"106.20000","1.76972","21.05931"
"106.30000","1.77137","21.05451"
"106.40000","1.77299","21.04874"
"106.50000","1.77463","21.04431"
"106.60000","1.77630","21.04260"
"106.70000","1.77797","21.03930"
"106.80000","1.77968","21.03789"
"106.90000","1.78142","21.03753"
"107.00000","1.78308","21.03251"
"107.10000","1.78466","21.02409"
"107.20000","1.78623","21.01665"
"107.30000","1.78796","21.01913"
"107.40000","1.78969","21.02000"
"107.50000","1.79137","21.01760"
"107.60000","1.79301","21.01405"
"107.70000","1.79466","21.01200"
"107.80000","1.79631","21.00964"
"107.90000","1.79795","21.00580"
"108.00000","1.79954","20.99941"
"108.10000","1.80115","20.99513"
"108.20000","1.80287","20.99665"
"108.30000","1.80455","20.99477"
"108.40000","1.80620","20.99191"
"108.50000","1.80790","20.99112"
"108.60000","1.80959","20.98942"
"108.70000","1.81129","20.98795"
"108.80000","1.81299","20.98556"
"108.90000","1.81464","20.98044"
"109.00000","1.81646","20.98507"
"109.10000","1.81820","20.98392"
"109.20000","1.81985","20.97801"
"109.30000","1.82146","20.97209"
"109.40000","1.82304","20.96603"
"109.50000","1.82466","20.96305"
"109.60000","1.82629","20.96097"
"109.70000","1.82787","20.95515"
"109.80000","1.82951","20.96174"
"109.90000","1.83119","20.95852"
"110.00000","1.83284","20.95496"
"110.10000","1.83451","20.95325"
"110.20000","1.83622","20.95438"
"110.30000","1.83788","20.95068"
"110.40000","1.83957","20.95033"
"110.50000","1.84140","20.95638"
"110.60000","1.84312","20.95301"
"110.70000","1.84477","20.94717"
"110.80000","1.84646","20.94555"
"110.90000","1.84818","20.94480"
"111.00000","1.84980","20.93779"
"111.10000","1.85141","20.93217"
"111.20000","1.85303","20.92739"
"111.30000","1.85467","20.92429"
"111.40000","1.85620","20.91475"
"111.50000","1.85776","20.90921"
"111.60000","1.85946","20.91243"
"111.70000","1.86115","20.91189"
"111.80000","1.86282","20.91054"
"111.90000","1.86448","20.90925"
"112.00000","1.86617","20.90895"
"112.10000","1.86785","20.90756"
"112.20000","1.86945","20.90238"
"112.30000","1.87125","20.90858"
"112.40000","1.87311","20.91464"
"112.50000","1.87479","20.90971"
"112.60000","1.87643","20.90488"
"112.70000","1.87814","20.90429"
"112.80000","1.87980","20.90042"
"112.90000","1.88138","20.89191"
"113.00000","1.88299","20.88625"
"113.10000","1.88469","20.88552"
"113.20000","1.88632","20.88029"
"113.30000","1.88789","20.87407"
"113.40000","1.88948","20.87058"
"113.50000","1.89115","20.87079"
"113.60000","1.89272","20.86520"
"113.70000","1.89453","20.87266"
"113.80000","1.89627","20.87250"
"113.90000","1.89791","20.86845"
"114.00000","1.89960","20.86786"
"114.10000","1.90135","20.87037"
"114.20000","1.90307","20.87042"
"114.30000","1.90467","20.86360"
"114.40000","1.90635","20.86274"
"114.50000","1.90800","20.85867"
"114.60000","1.90963","20.85489"
"114.70000","1.91129","20.85275"
"114.80000","1.91298","20.84975"
"114.90000","1.91467","20.84748"
"115.00000","1.91638","20.84531"
"115.10000","1.91806","20.84175"
"115.20000","1.91967","20.83609"
"115.30000","1.92125","20.83010"
"115.40000","1.92281","20.82467"
"115.50000","1.92445","20.82436"
"115.60000","1.92625","20.83079"
"115.70000","1.92803","20.83324"
"115.80000","1.93002","20.89963"
"115.90000","1.93154","20.86549"
"116.00000","1.93291","20.84499"
"116.10000","1.93452","20.84291"
"116.20000","1.93620","20.84193"
"116.30000","1.93787","20.83852"
"116.40000","1.93953","20.83389"
"116.50000","1.94120","20.82923"
"116.60000","1.94287","20.82562"
"116.70000","1.94459","20.82383"
"116.80000","1.94626","20.82021"
"116.90000","1.94787","20.81257"
"117.00000","1.94966","20.81677"
"117.10000","1.95151","20.82112"
"117.20000","1.95310","20.81050"
"117.30000","1.95474","20.80532"
"117.40000","1.95638","20.80134"
"117.50000","1.95801","20.79640"
"117.60000","1.95963","20.79222"
"117.70000","1.96121","20.78530"
"117.80000","1.96283","20.78218"
"117.90000","1.96451","20.78221"
"118.00000","1.96616","20.77934"
"118.10000","1.96781","20.77600"
"118.20000","1.96951","20.77607"
"118.30000","1.97120","20.77343"
"118.40000","1.97288","20.76976"
"118.50000","1.97459","20.76986"
"118.60000","1.97626","20.76690"
"118.70000","1.97791","20.76339"
"118.80000","1.97973","20.76901"
"118.90000","1.98149","20.76837"
"119.00000","1.98318","20.76390"
"119.10000","1.98486","20.76034"
"119.20000","1.98645","20.75220"
"119.30000","1.98804","20.74508"
"119.40000","1.98963","20.73846"
"119.50000","1.99117","20.73219"
"119.60000","1.99281","20.73156"
"119.70000","1.99452","20.73363"
"119.80000","1.99616","20.72942"
"119.90000","1.99782","20.72564"
"120.00000","1.99949","20.71939"
"120.10000","2.00125","20.67311"
"120.20000","2.00286","20.60387"
"120.30000","2.00456","20.61706"
"120.40000","2.00639","20.63508"
"120.50000","2.00813","20.64015"
"120.60000","2.00978","20.63320"
"120.70000","2.01143","20.62751"
"120.80000","2.01311","20.62612"
"120.90000","2.01475","20.62066"
"121.00000","2.01637","20.61597"
"121.10000","2.01803","20.61306"
"121.20000","2.01964","20.60776"
"121.30000","2.02126","20.60373"
"121.40000","2.02286","20.59962"
"121.50000","2.02445","20.59584"
"121.60000","2.02611","20.59551"
"121.70000","2.02781","20.59629"
"121.80000","2.02948","20.59392"
"121.90000","2.03120","20.59544"
"122.00000","2.03298","20.60588"
"122.10000","2.03463","20.59921"
"122.20000","2.03636","20.60240"
"122.30000","2.03812","20.60508"
"122.40000","2.03982","20.60295"
"122.50000","2.04143","20.59607"
"122.60000","2.04307","20.59324"
"122.70000","2.04469","20.58809"
"122.80000","2.04634","20.58642"
"122.90000","2.04804","20.58546"
"123.00000","2.04971","20.58267"
"123.10000","2.05132","20.57697"
"123.20000","2.05300","20.57683"
"123.30000","2.05474","20.57911"
"123.40000","2.05631","20.57065"
"123.50000","2.05775","20.55831"
"123.60000","2.05951","20.56784"
"123.70000","2.06129","20.57188"
"123.80000","2.06305","20.58270"
"123.90000","2.06474","20.57614"
"124.00000","2.06633","20.57042"
"124.10000","2.06797","20.56935"
"124.20000","2.06959","20.56645"
"124.30000","2.07123","20.56415"
"124.40000","2.07289","20.56158"
"124.50000","2.07456","20.56075"
"124.60000","2.07624","20.55827"
"124.70000","2.07791","20.55712"
"124.80000","2.07957","20.55336"
"124.90000","2.08126","20.55164"
"125.00000","2.08294","20.54653"
"125.10000","2.08457","20.53771"
"125.20000","2.08631","20.53579"
"125.30000","2.08799","20.52977"
"125.40000","2.08962","20.52504"
"125.50000","2.09130","20.52548"
"125.60000","2.09304","20.52797"
"125.70000","2.09482","20.53828"
"125.80000","2.09639","20.52800"
"125.90000","2.09795","20.52210"
"126.00000","2.09955","20.51981"
"126.10000","2.10119","20.51834"
"126.20000","2.10286","20.51867"
"126.30000","2.10454","20.51961"
"126.40000","2.10621","20.51879"
"126.50000","2.10789","20.51906"
"126.60000","2.10971","20.53231"
"126.70000","2.11128","20.51991"
"126.80000","2.11292","20.51829"
"126.90000","2.11478","20.52811"
"127.00000","2.11649","20.52512"
"127.10000","2.11810","20.51974"
"127.20000","2.11983","20.52151"
"127.30000","2.12151","20.51970"
"127.40000","2.12303","20.51131"
"127.50000","2.12461","20.50799"
"127.60000","2.12617","20.50339"
"127.70000","2.12779","20.50337"
"127.80000","2.12950","20.50677"
"127.90000","2.13119","20.50791"
"128.00000","2.13282","20.50455"
"128.10000","2.13447","20.50330"
"128.20000","2.13615","20.50064"
"128.30000","2.13784","20.49192"
"128.40000","2.13965","20.47830"
"128.50000","2.14127","20.44612"
"128.60000","2.14298","20.44716"
"128.70000","2.14479","20.45545"
"128.80000","2.14656","20.45482"
"128.90000","2.14821","20.44901"
"129.00000","2.14983","20.44448"
"129.10000","2.15146","20.44314"
"129.20000","2.15314","20.44293"
"129.30000","2.15466","20.43308"
"129.40000","2.15614","20.42611"
"129.50000","2.15783","20.43133"
"129.60000","2.15966","20.44637"
"129.70000","2.16122","20.43067"
"129.80000","2.16282","20.42976"
"129.90000","2.16448","20.43335"
"130.00000","2.16616","20.43396"
"130.10000","2.16787","20.43632"
"130.20000","2.16963","20.43979"
"130.30000","2.17137","20.44123"
"130.40000","2.17306","20.43974"
"130.50000","2.17477","20.44124"
"130.60000","2.17648","20.44317"
"130.70000","2.17812","20.43908"
"130.80000","2.17969","20.43340"
"130.90000","2.18134","20.43421"
"131.00000","2.18305","20.43550"
"131.10000","2.18469","20.43225"
"131.20000","2.18631","20.42760"
"131.30000","2.18792","20.42367"
"131.40000","2.18949","20.41754"
"131.50000","2.19119","20.42321"
"131.60000","2.19290","20.41967"
"131.70000","2.19434","20.40277"
"131.80000","2.19603","20.40605"
"131.90000","2.19794","20.41636"
"132.00000","2.19977","20.41921"
"132.10000","2.20143","20.41382"
"132.20000","2.20305","20.41102"
"132.30000","2.20477","20.41470"
"132.40000","2.20640","20.41071"
"132.50000","2.20801","20.40706"
"132.60000","2.20965","20.40821"
"132.70000","2.21137","20.41263"
"132.80000","2.21299","20.40852"
"132.90000","2.21463","20.40622"
"133.00000","2.21631","20.40601"
"133.10000","2.21801","20.40595"
"133.20000","2.21973","20.40750"
"133.30000","2.22129","20.39978"
"133.40000","2.22290","20.39876"
"133.50000","2.22454","20.39917"
"133.60000","2.22621","20.40022"
"133.70000","2.22792","20.40331"
"133.80000","2.22966","20.40839"
"133.90000","2.23135","20.40639"
"134.00000","2.23295","20.40081"
"134.10000","2.23454","20.39698"
"134.20000","2.23618","20.39538"
"134.30000","2.23783","20.39255"
"134.40000","2.23952","20.38857"
"134.50000","2.24119","20.37041"
"134.60000","2.24287","20.34311"
"134.70000","2.24458","20.33189"
"134.80000","2.24624","20.32919"
"134.90000","2.24797","20.33127"
"135.00000","2.24970","20.33071"
"135.10000","2.25139","20.32969"
"135.20000","2.25307","20.32679"
"135.30000","2.25472","20.32567"
"135.40000","2.25639","20.32593"
"135.50000","2.25804","20.32393"
"135.60000","2.25970","20.33100"
"135.70000","2.26136","20.32586"
"135.80000","2.26294","20.32139"
"135.90000","2.26450","20.31883"
"136.00000","2.26618","20.32284"
"136.10000","2.26785","20.32249"
"136.20000","2.26951","20.32074"
"136.30000","2.27123","20.32340"
"136.40000","2.27290","20.32221"
"136.50000","2.27452","20.31889"
"136.60000","2.27617","20.32011"
"136.70000","2.27805","20.33144"
"136.80000","2.27986","20.33288"
"136.90000","2.28149","20.32706"
"137.00000","2.28312","20.32392"
"137.10000","2.28482","20.32486"
"137.20000","2.28641","20.31768"
"137.30000","2.28801","20.31275"
"137.40000","2.28962","20.30625"
"137.50000","2.29116","20.29579"
"137.60000","2.29277","20.29237"
"137.70000","2.29457","20.30124"
"137.80000","2.29616","20.29196"
"137.90000","2.29780","20.29084"
"138.00000","2.29949","20.29097"
"138.10000","2.30113","20.28714"
"138.20000","2.30286","20.29086"
"138.30000","2.30456","20.28945"
"138.40000","2.30623","20.28937"
"138.50000","2.30809","20.29902"
"138.60000","2.30986","20.29944"
"138.70000","2.31154","20.29757"
"138.80000","2.31318","20.29500"
"138.90000","2.31490","20.29566"
"139.00000","2.31647","20.28668"
"139.10000","2.31804","20.28228"
"139.20000","2.31972","20.28330"
"139.30000","2.32133","20.27972"
"139.40000","2.32287","20.27466"
"139.50000","2.32449","20.27539"
"139.60000","2.32623","20.28854"
"139.70000","2.32791","20.28389"
"139.80000","2.32943","20.27471"
"139.90000","2.33112","20.27859"
"140.00000","2.33295","20.28633"
"140.10000","2.33469","20.28427"
"140.20000","2.33641","20.28207"
"140.30000","2.33809","20.27058"
"140.40000","2.33972","20.24307"
"140.50000","2.34142","20.22195"
"140.60000","2.34308","20.21259"
"140.70000","2.34468","20.20831"
"140.80000","2.34633","20.20797"
"140.90000","2.34802","20.20618"
"141.00000","2.34970","20.20432"
"141.10000","2.35136","20.20191"
"141.20000","2.35301","20.20123"
"141.30000","2.35462","20.20014"
"141.40000","2.35621","20.19766"
"141.50000","2.35783","20.19817"
"141.60000","2.35942","20.19434"
"141.70000","2.36118","20.20240"
"141.80000","2.36303","20.20831"
"141.90000","2.36472","20.20534"
"142.00000","2.36640","20.20662"
"142.10000","2.36803","20.20632"
"142.20000","2.36971","20.20916"
"142.30000","2.37135","20.20749"
"142.40000","2.37296","20.20575"
"142.50000","2.37460","20.20481"
"142.60000","2.37626","20.20500"
"142.70000","2.37795","20.20527"
"142.80000","2.37969","20.20686"
"142.90000","2.38137","20.20308"
"143.00000","2.38304","20.19754"
"143.10000","2.38471","20.19124"
"143.20000","2.38635","20.18430"
"143.30000","2.38801","20.18027"
"143.40000","2.38967","20.17735"
"143.50000","2.39134","20.17587"
"143.60000","2.39300","20.17385"
"143.70000","2.39471","20.17624"
"143.80000","2.39630","20.17121"
"143.90000","2.39788","20.16903"
"144.00000","2.39955","20.17292"
"144.10000","2.40123","20.17321"
"144.20000","2.40286","20.17168"
"144.30000","2.40452","20.17224"
"144.40000","2.40623","20.17419"
"144.50000","2.40792","20.17446"
"144.60000","2.40960","20.17435"
"144.70000","2.41127","20.17374"
"144.80000","2.41298","20.17617"
"144.90000","2.41464","20.17406"
"145.00000","2.41650","20.18275"
"145.10000","2.41825","20.18085"
"145.20000","2.41987","20.17534"
"145.30000","2.42145","20.17016"
"145.40000","2.42301","20.16697"
"145.50000","2.42466","20.16919"
"145.60000","2.42632","20.16801"
"145.70000","2.42784","20.15952"
"145.80000","2.42948","20.16062"
"145.90000","2.43120","20.15803"
"146.00000","2.43286","20.12960"
"146.10000","2.43451","20.09822"
"146.20000","2.43617","20.09041"
"146.30000","2.43784","20.09015"
"146.40000","2.43956","20.09483"
"146.50000","2.44140","20.10005"
"146.60000","2.44311","20.09606"
"146.70000","2.44479","20.09557"
"146.80000","2.44649","20.09812"
"146.90000","2.44820","20.09790"
"147.00000","2.44986","20.09427"
"147.10000","2.45141","20.08832"
"147.20000","2.45302","20.08954"
"147.30000","2.45463","20.08936"
"147.40000","2.45619","20.08500"
"147.50000","2.45783","20.08880"
"147.60000","2.45950","20.08997"
"147.70000","2.46117","20.09060"
"147.80000","2.46288","20.09407"
"147.90000","2.46454","20.09398"
"148.00000","2.46617","20.09370"
"148.10000","2.46784","20.09836"
"148.20000","2.46948","20.09675"
"148.30000","2.47128","20.10448"
"148.40000","2.47314","20.10844"
"148.50000","2.47482","20.09653"
"148.60000","2.47647","20.08731"
"148.70000","2.47817","20.08400"
"148.78300","2.47956","19.82720"
"148.79800","2.47981","19.55699"
"148.80000","2.47984","19.30576"
"148.80200","2.47987","18.89335"
"148.80300","2.47989","18.63538"
"148.80400","2.47990","18.34879"
"148.80500","2.47992","18.03749"
"148.80600","2.47994","17.70512"
"148.80700","2.47996","17.35508"
"148.80800","2.47997","16.99024"
"148.80900","2.47999","16.61308"
"148.81000","2.48001","16.22602"
"148.81100","2.48002","15.83145"
"148.81200","2.48004","15.43145"
"148.81300","2.48006","15.02789"
"148.81400","2.48008","14.62259"
"148.81500","2.48010","14.21730"
"148.81600","2.48011","13.81355"
"148.81700","2.48013","13.41270"
"148.81800","2.48015","13.01599"
"148.81900","2.48017","12.62463"
"148.82000","2.48019","12.23963"
"148.82100","2.48021","11.86186"
