General : Start date,"2020-08-26"
General : End date,"2020-08-26"
General : Unique identifier,"{87568429-41E7-4DCD-93F5-911CC286056B}"
Specimen notes : Length, D1, D2,""
Specimen notes : Genotype and WR,"P1 W1 2"
Break (Standard) : Load at Break (Standard),"32.58854",N
Maximum Load : Maximum Load,"40.74757",N

Time,Extension,Load
(s),(mm),(N)
"0.00000","0.00000","0.80607"
"0.10000","0.00009","0.80824"
"0.20000","0.00039","0.81765"
"0.30000","0.00278","0.91318"
"0.40000","0.00557","1.01055"
"0.50000","0.00779","1.08138"
"0.60000","0.00965","1.13735"
"0.70000","0.01139","1.18910"
"0.80000","0.01316","1.24193"
"0.90000","0.01475","1.28817"
"1.00000","0.01640","1.33726"
"1.10000","0.01807","1.38713"
"1.20000","0.01975","1.43670"
"1.30000","0.02135","1.48203"
"1.40000","0.02297","1.52864"
"1.50000","0.02453","1.57359"
"1.60000","0.02616","1.62212"
"1.70000","0.02786","1.67210"
"1.80000","0.02951","1.72005"
"1.90000","0.03119","1.76887"
"2.00000","0.03287","1.81793"
"2.10000","0.03446","1.86323"
"2.20000","0.03619","1.91386"
"2.30000","0.03800","1.96697"
"2.40000","0.03984","2.02102"
"2.50000","0.04159","2.07080"
"2.60000","0.04319","2.11601"
"2.70000","0.04484","2.16331"
"2.80000","0.04647","2.21043"
"2.90000","0.04808","2.25563"
"3.00000","0.04972","2.30270"
"3.10000","0.05138","2.35107"
"3.20000","0.05305","2.40003"
"3.30000","0.05472","2.44904"
"3.40000","0.05643","2.49958"
"3.50000","0.05806","2.54651"
"3.60000","0.05966","2.59284"
"3.70000","0.06139","2.64633"
"3.80000","0.06308","2.69770"
"3.90000","0.06473","2.74561"
"4.00000","0.06633","2.79288"
"4.10000","0.06802","2.84409"
"4.20000","0.06964","2.89081"
"4.30000","0.07121","2.93585"
"4.40000","0.07281","2.98238"
"4.50000","0.07450","3.03369"
"4.60000","0.07625","3.08797"
"4.70000","0.07785","3.13453"
"4.80000","0.07953","3.18479"
"4.90000","0.08123","3.23658"
"5.00000","0.08285","3.28387"
"5.10000","0.08452","3.33337"
"5.20000","0.08618","3.38282"
"5.30000","0.08784","3.43226"
"5.40000","0.08948","3.48015"
"5.50000","0.09107","3.52626"
"5.60000","0.09278","3.57979"
"5.70000","0.09448","3.63257"
"5.80000","0.09621","3.68397"
"5.90000","0.09786","3.73347"
"6.00000","0.09947","3.77991"
"6.10000","0.10107","3.82430"
"6.20000","0.10267","3.86990"
"6.30000","0.10427","3.91583"
"6.40000","0.10592","3.96335"
"6.50000","0.10761","4.01287"
"6.60000","0.10932","4.06250"
"6.70000","0.11106","4.11335"
"6.80000","0.11278","4.16245"
"6.90000","0.11441","4.20631"
"7.00000","0.11616","4.25861"
"7.10000","0.11791","4.30829"
"7.20000","0.11958","4.35388"
"7.30000","0.12130","4.40181"
"7.40000","0.12288","4.44461"
"7.50000","0.12451","4.49048"
"7.60000","0.12619","4.53871"
"7.70000","0.12787","4.58720"
"7.80000","0.12949","4.63174"
"7.90000","0.13108","4.67497"
"8.00000","0.13271","4.71980"
"8.10000","0.13435","4.76554"
"8.20000","0.13604","4.81229"
"8.30000","0.13774","4.85810"
"8.40000","0.13940","4.90137"
"8.50000","0.14108","4.94617"
"8.60000","0.14273","4.98872"
"8.70000","0.14432","5.02716"
"8.80000","0.14612","5.07696"
"8.90000","0.14791","5.12328"
"9.00000","0.14961","5.16480"
"9.10000","0.15130","5.20643"
"9.20000","0.15299","5.24731"
"9.30000","0.15459","5.28419"
"9.40000","0.15616","5.32204"
"9.50000","0.15782","5.36459"
"9.60000","0.15947","5.40627"
"9.70000","0.16112","5.44756"
"9.80000","0.16277","5.48915"
"9.90000","0.16450","5.53479"
"10.00000","0.16618","5.57681"
"10.10000","0.16782","5.61644"
"10.20000","0.16950","5.65865"
"10.30000","0.17134","5.70875"
"10.40000","0.17305","5.74902"
"10.50000","0.17474","5.78959"
"10.60000","0.17640","5.82773"
"10.70000","0.17811","5.86882"
"10.80000","0.17971","5.90343"
"10.90000","0.18137","5.94158"
"11.00000","0.18301","5.97923"
"11.10000","0.18470","6.02107"
"11.20000","0.18643","6.06396"
"11.30000","0.18801","6.09751"
"11.40000","0.18963","6.13453"
"11.50000","0.19128","6.17448"
"11.60000","0.19288","6.21164"
"11.70000","0.19457","6.25398"
"11.80000","0.19632","6.29873"
"11.90000","0.19801","6.33922"
"12.00000","0.19952","6.36827"
"12.10000","0.20120","6.40948"
"12.20000","0.20319","6.46759"
"12.30000","0.20484","6.50088"
"12.40000","0.20645","6.53389"
"12.50000","0.20808","6.57029"
"12.60000","0.20970","6.60627"
"12.70000","0.21136","6.64316"
"12.80000","0.21298","6.67825"
"12.90000","0.21449","6.70748"
"13.00000","0.21609","6.74269"
"13.10000","0.21776","6.78104"
"13.20000","0.21943","6.81907"
"13.30000","0.22104","6.85379"
"13.40000","0.22255","6.88298"
"13.50000","0.22417","6.92162"
"13.60000","0.22583","6.95983"
"13.70000","0.22758","7.00266"
"13.80000","0.22936","7.04577"
"13.90000","0.23118","7.09022"
"14.00000","0.23291","7.12698"
"14.10000","0.23455","7.16187"
"14.20000","0.23631","7.20283"
"14.30000","0.23800","7.23908"
"14.40000","0.23968","7.27563"
"14.50000","0.24144","7.31597"
"14.60000","0.24310","7.35049"
"14.70000","0.24476","7.38623"
"14.80000","0.24642","7.42175"
"14.90000","0.24825","7.46818"
"15.00000","0.25009","7.50992"
"15.10000","0.25163","7.53644"
"15.20000","0.25315","7.56427"
"15.30000","0.25481","7.60193"
"15.40000","0.25652","7.64273"
"15.50000","0.25828","7.68636"
"15.60000","0.25997","7.72407"
"15.70000","0.26162","7.75995"
"15.80000","0.26326","7.79616"
"15.90000","0.26486","7.82877"
"16.00000","0.26647","7.86341"
"16.10000","0.26811","7.89976"
"16.20000","0.26974","7.93647"
"16.30000","0.27133","7.97035"
"16.40000","0.27300","8.00934"
"16.50000","0.27469","8.04681"
"16.60000","0.27639","8.08627"
"16.70000","0.27796","8.11613"
"16.80000","0.27985","8.16879"
"16.90000","0.28169","8.21302"
"17.00000","0.28331","8.24289"
"17.10000","0.28485","8.26896"
"17.20000","0.28652","8.30462"
"17.30000","0.28817","8.33946"
"17.40000","0.28971","8.36683"
"17.50000","0.29133","8.40164"
"17.60000","0.29301","8.43982"
"17.70000","0.29469","8.47625"
"17.80000","0.29635","8.51012"
"17.90000","0.29792","8.53918"
"18.00000","0.29955","8.57261"
"18.10000","0.30121","8.60878"
"18.20000","0.30288","8.64424"
"18.30000","0.30455","8.67953"
"18.40000","0.30619","8.71297"
"18.50000","0.30781","8.74480"
"18.60000","0.30945","8.77858"
"18.70000","0.31134","8.82750"
"18.80000","0.31312","8.86572"
"18.90000","0.31478","8.89732"
"19.00000","0.31641","8.92744"
"19.10000","0.31806","8.96016"
"19.20000","0.31965","8.98954"
"19.30000","0.32126","9.01955"
"19.40000","0.32284","9.04869"
"19.50000","0.32444","9.08062"
"19.60000","0.32612","9.11753"
"19.70000","0.32779","9.15313"
"19.80000","0.32954","9.19287"
"19.90000","0.33121","9.22596"
"20.00000","0.33276","9.25217"
"20.10000","0.33460","9.29771"
"20.20000","0.33637","9.33572"
"20.30000","0.33815","9.37399"
"20.40000","0.33980","9.40343"
"20.50000","0.34143","9.43266"
"20.60000","0.34313","9.46787"
"20.70000","0.34485","9.50286"
"20.80000","0.34648","9.53167"
"20.90000","0.34808","9.56046"
"21.00000","0.34971","9.59097"
"21.10000","0.35134","9.62275"
"21.20000","0.35290","9.64850"
"21.30000","0.35446","9.67663"
"21.40000","0.35608","9.70812"
"21.50000","0.35776","9.74434"
"21.60000","0.35946","9.77981"
"21.70000","0.36115","9.81359"
"21.80000","0.36274","9.84005"
"21.90000","0.36439","9.87273"
"22.00000","0.36621","9.91549"
"22.10000","0.36791","9.94737"
"22.20000","0.36958","9.97694"
"22.30000","0.37119","10.00457"
"22.40000","0.37289","10.03875"
"22.50000","0.37453","10.06847"
"22.60000","0.37621","10.10056"
"22.70000","0.37793","10.13458"
"22.80000","0.37956","10.16203"
"22.90000","0.38118","10.19057"
"23.00000","0.38287","10.22565"
"23.10000","0.38457","10.26121"
"23.20000","0.38621","10.29180"
"23.30000","0.38783","10.31995"
"23.40000","0.38961","10.36035"
"23.50000","0.39138","10.39752"
"23.60000","0.39303","10.42609"
"23.70000","0.39467","10.45612"
"23.80000","0.39628","10.48381"
"23.90000","0.39798","10.51766"
"24.00000","0.39968","10.55150"
"24.10000","0.40139","10.58542"
"24.20000","0.40303","10.61477"
"24.30000","0.40465","10.64336"
"24.40000","0.40627","10.67299"
"24.50000","0.40788","10.70130"
"24.60000","0.40953","10.73282"
"24.70000","0.41121","10.76708"
"24.80000","0.41293","10.80185"
"24.90000","0.41453","10.82800"
"25.00000","0.41616","10.85688"
"25.10000","0.41784","10.88963"
"25.20000","0.41946","10.91826"
"25.30000","0.42112","10.94991"
"25.40000","0.42282","10.98337"
"25.50000","0.42447","11.01233"
"25.60000","0.42609","11.03998"
"25.70000","0.42778","11.07364"
"25.80000","0.42941","11.10278"
"25.90000","0.43104","11.13103"
"26.00000","0.43266","11.15949"
"26.10000","0.43425","11.18544"
"26.20000","0.43597","11.22026"
"26.30000","0.43772","11.25660"
"26.40000","0.43944","11.28988"
"26.50000","0.44112","11.32010"
"26.60000","0.44279","11.34945"
"26.70000","0.44462","11.38797"
"26.80000","0.44639","11.42186"
"26.90000","0.44811","11.45282"
"27.00000","0.44986","11.48743"
"27.10000","0.45160","11.51973"
"27.20000","0.45330","11.54969"
"27.30000","0.45493","11.57528"
"27.40000","0.45647","11.59607"
"27.50000","0.45812","11.62717"
"27.60000","0.45978","11.65762"
"27.70000","0.46138","11.68429"
"27.80000","0.46302","11.71449"
"27.90000","0.46467","11.74507"
"28.00000","0.46633","11.77687"
"28.10000","0.46798","11.80758"
"28.20000","0.46961","11.83721"
"28.30000","0.47117","11.86261"
"28.40000","0.47280","11.89262"
"28.50000","0.47453","11.93040"
"28.60000","0.47633","11.97112"
"28.70000","0.47818","12.01252"
"28.80000","0.47987","12.04045"
"28.90000","0.48144","12.06239"
"29.00000","0.48306","12.08931"
"29.10000","0.48472","12.11958"
"29.20000","0.48633","12.14644"
"29.30000","0.48793","12.17372"
"29.40000","0.48953","12.20216"
"29.50000","0.49122","12.23729"
"29.60000","0.49296","12.27518"
"29.70000","0.49471","12.31289"
"29.80000","0.49635","12.34152"
"29.90000","0.49808","12.37775"
"30.00000","0.49987","12.41716"
"30.10000","0.50148","12.44270"
"30.20000","0.50310","12.47137"
"30.30000","0.50479","12.50498"
"30.40000","0.50646","12.53556"
"30.50000","0.50806","12.56061"
"30.60000","0.50974","12.59415"
"30.70000","0.51140","12.62547"
"30.80000","0.51308","12.65794"
"30.90000","0.51476","12.68948"
"31.00000","0.51645","12.72354"
"31.10000","0.51809","12.75301"
"31.20000","0.51975","12.78530"
"31.30000","0.52137","12.81374"
"31.40000","0.52287","12.83403"
"31.50000","0.52446","12.86343"
"31.60000","0.52616","12.90029"
"31.70000","0.52800","12.94533"
"31.80000","0.52970","12.97773"
"31.90000","0.53134","13.00648"
"32.00000","0.53305","13.04130"
"32.10000","0.53472","13.07265"
"32.20000","0.53635","13.10096"
"32.30000","0.53805","13.13518"
"32.40000","0.53972","13.16594"
"32.50000","0.54139","13.19808"
"32.60000","0.54308","13.22967"
"32.70000","0.54473","13.25883"
"32.80000","0.54638","13.28813"
"32.90000","0.54804","13.31862"
"33.00000","0.54974","13.35268"
"33.10000","0.55125","13.37125"
"33.20000","0.55298","13.40890"
"33.30000","0.55476","13.44787"
"33.40000","0.55638","13.47460"
"33.50000","0.55803","13.50500"
"33.60000","0.55973","13.53994"
"33.70000","0.56139","13.57124"
"33.80000","0.56302","13.60095"
"33.90000","0.56466","13.63221"
"34.00000","0.56635","13.66694"
"34.10000","0.56800","13.69729"
"34.20000","0.56959","13.72413"
"34.30000","0.57124","13.75658"
"34.40000","0.57301","13.79711"
"34.50000","0.57484","13.83988"
"34.60000","0.57653","13.87097"
"34.70000","0.57819","13.90095"
"34.80000","0.57968","13.91861"
"34.90000","0.58153","13.96704"
"35.00000","0.58329","14.00308"
"35.10000","0.58489","14.02712"
"35.20000","0.58646","14.05120"
"35.30000","0.58806","14.07886"
"35.40000","0.58967","14.10819"
"35.50000","0.59135","14.14174"
"35.60000","0.59302","14.17481"
"35.70000","0.59465","14.20421"
"35.80000","0.59617","14.22620"
"35.90000","0.59777","14.25624"
"36.00000","0.59955","14.29969"
"36.10000","0.60132","14.33901"
"36.20000","0.60309","14.37690"
"36.30000","0.60475","14.40556"
"36.40000","0.60632","14.42936"
"36.50000","0.60815","14.47509"
"36.60000","0.60985","14.50576"
"36.70000","0.61142","14.52574"
"36.80000","0.61309","14.55717"
"36.90000","0.61486","14.59583"
"37.00000","0.61660","14.63037"
"37.10000","0.61824","14.65645"
"37.20000","0.61983","14.68124"
"37.30000","0.62142","14.70705"
"37.40000","0.62301","14.73333"
"37.50000","0.62467","14.76674"
"37.60000","0.62633","14.79946"
"37.70000","0.62799","14.83242"
"37.80000","0.62968","14.86733"
"37.90000","0.63136","14.89913"
"38.00000","0.63294","14.92460"
"38.10000","0.63450","14.94967"
"38.20000","0.63616","14.98384"
"38.30000","0.63792","15.02293"
"38.40000","0.63980","15.07040"
"38.50000","0.64156","15.10296"
"38.60000","0.64305","15.11619"
"38.70000","0.64471","15.14725"
"38.80000","0.64638","15.17655"
"38.90000","0.64803","15.20381"
"39.00000","0.64971","15.23539"
"39.10000","0.65139","15.26493"
"39.20000","0.65299","15.28878"
"39.30000","0.65459","15.31509"
"39.40000","0.65620","15.34361"
"39.50000","0.65786","15.37689"
"39.60000","0.65949","15.40550"
"39.70000","0.66118","15.44075"
"39.80000","0.66290","15.47596"
"39.90000","0.66458","15.50791"
"40.00000","0.66619","15.53580"
"40.10000","0.66792","15.57225"
"40.20000","0.66962","15.60532"
"40.30000","0.67125","15.63191"
"40.40000","0.67290","15.66135"
"40.50000","0.67453","15.68885"
"40.60000","0.67613","15.71374"
"40.70000","0.67778","15.74250"
"40.80000","0.67945","15.77350"
"40.90000","0.68118","15.80754"
"41.00000","0.68287","15.83727"
"41.10000","0.68451","15.86241"
"41.20000","0.68616","15.89025"
"41.30000","0.68780","15.91874"
"41.40000","0.68949","15.95221"
"41.50000","0.69113","15.97962"
"41.60000","0.69286","16.01484"
"41.70000","0.69450","16.04125"
"41.80000","0.69617","16.07232"
"41.90000","0.69781","16.09904"
"42.00000","0.69944","16.12623"
"42.10000","0.70111","16.15698"
"42.20000","0.70284","16.19175"
"42.30000","0.70456","16.22444"
"42.40000","0.70627","16.25660"
"42.50000","0.70798","16.28799"
"42.60000","0.70967","16.31754"
"42.70000","0.71124","16.33615"
"42.80000","0.71281","16.35655"
"42.90000","0.71445","16.38252"
"43.00000","0.71618","16.41500"
"43.10000","0.71787","16.44280"
"43.20000","0.71950","16.46711"
"43.30000","0.72120","16.49753"
"43.40000","0.72287","16.52533"
"43.50000","0.72450","16.55022"
"43.60000","0.72609","16.57343"
"43.70000","0.72775","16.60233"
"43.80000","0.72940","16.62960"
"43.90000","0.73101","16.65205"
"44.00000","0.73263","16.67676"
"44.10000","0.73425","16.70340"
"44.20000","0.73600","16.73953"
"44.30000","0.73776","16.77325"
"44.40000","0.73948","16.80179"
"44.50000","0.74122","16.83202"
"44.60000","0.74287","16.85620"
"44.70000","0.74448","16.87767"
"44.80000","0.74647","16.92903"
"44.90000","0.74838","16.96806"
"45.00000","0.75007","16.98954"
"45.10000","0.75167","17.00728"
"45.20000","0.75335","17.04129"
"45.30000","0.75475","17.04380"
"45.40000","0.75635","17.06658"
"45.50000","0.75795","17.08976"
"45.60000","0.75951","17.11026"
"45.70000","0.76112","17.13586"
"45.80000","0.76272","17.15899"
"45.90000","0.76438","17.18763"
"46.00000","0.76604","17.21612"
"46.10000","0.76771","17.24457"
"46.20000","0.76930","17.26643"
"46.30000","0.77110","17.30703"
"46.40000","0.77281","17.33578"
"46.50000","0.77450","17.36304"
"46.60000","0.77620","17.39172"
"46.70000","0.77789","17.41859"
"46.80000","0.77956","17.44314"
"46.90000","0.78130","17.47437"
"47.00000","0.78298","17.49924"
"47.10000","0.78468","17.52694"
"47.20000","0.78648","17.57523"
"47.30000","0.78809","17.59219"
"47.40000","0.78962","17.60763"
"47.50000","0.79134","17.64196"
"47.60000","0.79308","17.67492"
"47.70000","0.79474","17.69989"
"47.80000","0.79636","17.72449"
"47.90000","0.79808","17.75925"
"48.00000","0.79973","17.78546"
"48.10000","0.80152","17.82672"
"48.20000","0.80331","17.86411"
"48.30000","0.80489","17.88253"
"48.40000","0.80654","17.90965"
"48.50000","0.80820","17.93827"
"48.60000","0.80986","17.96558"
"48.70000","0.81147","17.98694"
"48.80000","0.81304","18.00608"
"48.90000","0.81461","18.02518"
"49.00000","0.81614","18.04320"
"49.10000","0.81776","18.06983"
"49.20000","0.81952","18.11776"
"49.30000","0.82108","18.13464"
"49.40000","0.82257","18.14752"
"49.50000","0.82425","18.18052"
"49.60000","0.82601","18.21861"
"49.70000","0.82779","18.25632"
"49.80000","0.82955","18.29184"
"49.90000","0.83127","18.32204"
"50.00000","0.83305","18.35881"
"50.10000","0.83477","18.38943"
"50.20000","0.83648","18.41973"
"50.30000","0.83831","18.47346"
"50.40000","0.83984","18.48128"
"50.50000","0.84138","18.49816"
"50.60000","0.84308","18.53029"
"50.70000","0.84478","18.56219"
"50.80000","0.84638","18.58335"
"50.90000","0.84809","18.61451"
"51.00000","0.84974","18.63894"
"51.10000","0.85137","18.66366"
"51.20000","0.85301","18.69074"
"51.30000","0.85469","18.72927"
"51.40000","0.85641","18.76267"
"51.50000","0.85806","18.78934"
"51.60000","0.85976","18.82221"
"51.70000","0.86142","18.84943"
"51.80000","0.86310","18.88080"
"51.90000","0.86481","18.91394"
"52.00000","0.86654","18.94743"
"52.10000","0.86819","18.98028"
"52.20000","0.86982","19.00610"
"52.30000","0.87137","19.02427"
"52.40000","0.87303","19.05515"
"52.50000","0.87477","19.09048"
"52.60000","0.87648","19.12295"
"52.70000","0.87797","19.13513"
"52.80000","0.87979","19.17918"
"52.90000","0.88158","19.21530"
"53.00000","0.88310","19.22766"
"53.10000","0.88470","19.25100"
"53.20000","0.88638","19.28259"
"53.30000","0.88809","19.32377"
"53.40000","0.88966","19.34119"
"53.50000","0.89114","19.35432"
"53.60000","0.89276","19.38367"
"53.70000","0.89440","19.41454"
"53.80000","0.89603","19.44289"
"53.90000","0.89776","19.48066"
"54.00000","0.89955","19.52161"
"54.10000","0.90121","19.54874"
"54.20000","0.90292","19.58082"
"54.30000","0.90463","19.61405"
"54.40000","0.90637","19.65238"
"54.50000","0.90811","19.68825"
"54.60000","0.90969","19.70655"
"54.70000","0.91150","19.74841"
"54.80000","0.91323","19.77986"
"54.90000","0.91488","19.80421"
"55.00000","0.91652","19.82972"
"55.10000","0.91819","19.85852"
"55.20000","0.91979","19.88005"
"55.30000","0.92143","19.90676"
"55.40000","0.92297","19.92591"
"55.50000","0.92452","19.94706"
"55.60000","0.92613","19.97622"
"55.70000","0.92780","20.00872"
"55.80000","0.92956","20.04829"
"55.90000","0.93124","20.07872"
"56.00000","0.93281","20.09801"
"56.10000","0.93464","20.14349"
"56.20000","0.93640","20.17932"
"56.30000","0.93799","20.19842"
"56.40000","0.93953","20.21502"
"56.50000","0.94116","20.24072"
"56.60000","0.94289","20.27553"
"56.70000","0.94456","20.30180"
"56.80000","0.94617","20.32424"
"56.90000","0.94776","20.34657"
"57.00000","0.94938","20.37206"
"57.10000","0.95102","20.39861"
"57.20000","0.95259","20.41836"
"57.30000","0.95426","20.44908"
"57.40000","0.95598","20.48252"
"57.50000","0.95778","20.52575"
"57.60000","0.95941","20.54675"
"57.70000","0.96107","20.57355"
"57.80000","0.96277","20.60172"
"57.90000","0.96457","20.64019"
"58.00000","0.96651","20.69043"
"58.10000","0.96817","20.70949"
"58.20000","0.96981","20.73054"
"58.30000","0.97144","20.75266"
"58.40000","0.97310","20.77833"
"58.50000","0.97476","20.80570"
"58.60000","0.97641","20.83039"
"58.70000","0.97806","20.85547"
"58.80000","0.97968","20.87895"
"58.90000","0.98126","20.89858"
"59.00000","0.98283","20.91706"
"59.10000","0.98450","20.94816"
"59.20000","0.98616","20.97377"
"59.30000","0.98770","20.99007"
"59.40000","0.98939","21.02205"
"59.50000","0.99113","21.05728"
"59.60000","0.99282","21.08615"
"59.70000","0.99457","21.12480"
"59.80000","0.99630","21.15689"
"59.90000","0.99797","21.18293"
"60.00000","0.99956","21.20171"
"60.10000","1.00122","21.23044"
"60.20000","1.00290","21.25880"
"60.30000","1.00455","21.28456"
"60.40000","1.00619","21.31016"
"60.50000","1.00786","21.33687"
"60.60000","1.00955","21.36613"
"60.70000","1.01128","21.39827"
"60.80000","1.01305","21.43399"
"60.90000","1.01471","21.45695"
"61.00000","1.01638","21.48237"
"61.10000","1.01804","21.50747"
"61.20000","1.01968","21.53110"
"61.30000","1.02143","21.56653"
"61.40000","1.02310","21.59285"
"61.50000","1.02476","21.61769"
"61.60000","1.02636","21.63841"
"61.70000","1.02801","21.66500"
"61.80000","1.02965","21.69075"
"61.90000","1.03127","21.71304"
"62.00000","1.03287","21.73543"
"62.10000","1.03452","21.76290"
"62.20000","1.03614","21.78576"
"62.30000","1.03773","21.80723"
"62.40000","1.03939","21.83438"
"62.50000","1.04110","21.86563"
"62.60000","1.04278","21.89257"
"62.70000","1.04468","21.93930"
"62.80000","1.04640","21.96484"
"62.90000","1.04805","21.98593"
"63.00000","1.04977","22.01589"
"63.10000","1.05131","22.02621"
"63.20000","1.05283","22.03930"
"63.30000","1.05442","22.05913"
"63.40000","1.05599","22.07869"
"63.50000","1.05762","22.10408"
"63.60000","1.05924","22.12766"
"63.70000","1.06095","22.16213"
"63.80000","1.06273","22.19953"
"63.90000","1.06448","22.23087"
"64.00000","1.06619","22.25914"
"64.10000","1.06791","22.28883"
"64.20000","1.06959","22.31647"
"64.30000","1.07137","22.35196"
"64.40000","1.07318","22.38939"
"64.50000","1.07492","22.41919"
"64.60000","1.07677","22.46004"
"64.70000","1.07886","22.52131"
"64.80000","1.08027","22.51042"
"64.90000","1.08168","22.51317"
"65.00000","1.08346","22.55527"
"65.10000","1.08522","22.58989"
"65.20000","1.08680","22.60583"
"65.30000","1.08831","22.61817"
"65.40000","1.08991","22.64380"
"65.50000","1.09156","22.67488"
"65.60000","1.09320","22.70465"
"65.70000","1.09481","22.73027"
"65.80000","1.09632","22.74688"
"65.90000","1.09807","22.79052"
"66.00000","1.09989","22.83636"
"66.10000","1.10149","22.85604"
"66.20000","1.10312","22.88280"
"66.30000","1.10476","22.91000"
"66.40000","1.10642","22.93881"
"66.50000","1.10806","22.96462"
"66.60000","1.10976","22.99822"
"66.70000","1.11150","23.03320"
"66.80000","1.11320","23.06421"
"66.90000","1.11483","23.08860"
"67.00000","1.11644","23.10983"
"67.10000","1.11800","23.12880"
"67.20000","1.11964","23.15467"
"67.30000","1.12124","23.17743"
"67.40000","1.12275","23.19309"
"67.50000","1.12436","23.22099"
"67.60000","1.12593","23.24239"
"67.70000","1.12764","23.27840"
"67.80000","1.12928","23.30384"
"67.90000","1.13099","23.33755"
"68.00000","1.13275","23.37381"
"68.10000","1.13442","23.40000"
"68.20000","1.13608","23.42457"
"68.30000","1.13777","23.45269"
"68.40000","1.13941","23.47473"
"68.50000","1.14110","23.50276"
"68.60000","1.14287","23.53740"
"68.70000","1.14463","23.56921"
"68.80000","1.14644","23.60394"
"68.90000","1.14810","23.62444"
"69.00000","1.14977","23.64789"
"69.10000","1.15130","23.65849"
"69.20000","1.15314","23.70458"
"69.30000","1.15484","23.73014"
"69.40000","1.15644","23.74921"
"69.50000","1.15811","23.77869"
"69.60000","1.15984","23.81297"
"69.70000","1.16147","23.83458"
"69.80000","1.16309","23.85766"
"69.90000","1.16477","23.88828"
"70.00000","1.16644","23.91574"
"70.10000","1.16806","23.94014"
"70.20000","1.16972","23.96879"
"70.30000","1.17139","23.99807"
"70.40000","1.17307","24.02712"
"70.50000","1.17478","24.06050"
"70.60000","1.17653","24.09717"
"70.70000","1.17822","24.12551"
"70.80000","1.17969","24.13022"
"70.90000","1.18156","24.18393"
"71.00000","1.18349","24.23616"
"71.10000","1.18511","24.25240"
"71.20000","1.18659","24.25940"
"71.30000","1.18821","24.28675"
"71.40000","1.18984","24.31370"
"71.50000","1.19139","24.33213"
"71.60000","1.19298","24.35741"
"71.70000","1.19462","24.38575"
"71.80000","1.19615","24.40236"
"71.90000","1.19773","24.42783"
"72.00000","1.19942","24.46362"
"72.10000","1.20108","24.49331"
"72.20000","1.20268","24.51665"
"72.30000","1.20439","24.55124"
"72.40000","1.20603","24.57746"
"72.50000","1.20792","24.63104"
"72.60000","1.20968","24.66265"
"72.70000","1.21132","24.68214"
"72.80000","1.21305","24.71373"
"72.90000","1.21478","24.74373"
"73.00000","1.21636","24.76009"
"73.10000","1.21801","24.78539"
"73.20000","1.21968","24.81161"
"73.30000","1.22130","24.83237"
"73.40000","1.22284","24.84691"
"73.50000","1.22440","24.86805"
"73.60000","1.22599","24.89237"
"73.70000","1.22769","24.93021"
"73.80000","1.22941","24.96496"
"73.90000","1.23113","24.99915"
"74.00000","1.23285","25.03295"
"74.10000","1.23454","25.06081"
"74.20000","1.23625","25.09381"
"74.30000","1.23805","25.13312"
"74.40000","1.23971","25.15319"
"74.50000","1.24132","25.16930"
"74.60000","1.24293","25.18744"
"74.70000","1.24456","25.20986"
"74.80000","1.24623","25.23487"
"74.90000","1.24788","25.25498"
"75.00000","1.24946","25.26934"
"75.10000","1.25111","25.29304"
"75.20000","1.25274","25.31402"
"75.30000","1.25440","25.34049"
"75.40000","1.25607","25.36678"
"75.50000","1.25773","25.39307"
"75.60000","1.25932","25.41066"
"75.70000","1.26099","25.44028"
"75.80000","1.26271","25.47154"
"75.90000","1.26446","25.50493"
"76.00000","1.26612","25.52607"
"76.10000","1.26786","25.55877"
"76.20000","1.26959","25.58775"
"76.30000","1.27129","25.61248"
"76.40000","1.27301","25.64029"
"76.50000","1.27477","25.67025"
"76.60000","1.27644","25.69074"
"76.70000","1.27803","25.70553"
"76.80000","1.27970","25.72950"
"76.90000","1.28143","25.75928"
"77.00000","1.28315","25.78741"
"77.10000","1.28484","25.81269"
"77.20000","1.28653","25.83972"
"77.30000","1.28814","25.85895"
"77.40000","1.28979","25.88352"
"77.50000","1.29142","25.90472"
"77.60000","1.29319","25.94401"
"77.70000","1.29487","25.97105"
"77.80000","1.29660","26.00552"
"77.90000","1.29814","26.01407"
"78.00000","1.29969","26.02975"
"78.10000","1.30136","26.05930"
"78.20000","1.30298","26.08114"
"78.30000","1.30452","26.09653"
"78.40000","1.30616","26.12259"
"78.50000","1.30782","26.14800"
"78.60000","1.30950","26.17424"
"78.70000","1.31118","26.19997"
"78.80000","1.31282","26.22078"
"78.90000","1.31435","26.23054"
"79.00000","1.31601","26.25679"
"79.10000","1.31780","26.29296"
"79.20000","1.31955","26.32395"
"79.30000","1.32125","26.34951"
"79.40000","1.32284","26.36434"
"79.50000","1.32448","26.38907"
"79.60000","1.32618","26.42054"
"79.70000","1.32793","26.45549"
"79.80000","1.32957","26.47648"
"79.90000","1.33120","26.49849"
"80.00000","1.33289","26.52812"
"80.10000","1.33461","26.55884"
"80.20000","1.33635","26.59252"
"80.30000","1.33807","26.62174"
"80.40000","1.33969","26.63865"
"80.50000","1.34139","26.66584"
"80.60000","1.34338","26.75735"
"80.70000","1.34473","26.72676"
"80.80000","1.34623","26.73171"
"80.90000","1.34791","26.75867"
"81.00000","1.34966","26.78830"
"81.10000","1.35138","26.81248"
"81.20000","1.35300","26.82566"
"81.30000","1.35468","26.85091"
"81.40000","1.35627","26.86630"
"81.50000","1.35787","26.88330"
"81.60000","1.35952","26.90902"
"81.70000","1.36113","26.92616"
"81.80000","1.36273","26.94600"
"81.90000","1.36442","26.97600"
"82.00000","1.36618","27.01095"
"82.10000","1.36786","27.03697"
"82.20000","1.36945","27.05322"
"82.30000","1.37128","27.09555"
"82.40000","1.37298","27.11948"
"82.50000","1.37469","27.14581"
"82.60000","1.37641","27.16968"
"82.70000","1.37810","27.19128"
"82.80000","1.37970","27.20378"
"82.90000","1.38137","27.22679"
"83.00000","1.38303","27.24933"
"83.10000","1.38468","27.26952"
"83.20000","1.38629","27.28792"
"83.30000","1.38788","27.32180"
"83.40000","1.38963","27.36449"
"83.50000","1.39107","27.36099"
"83.60000","1.39272","27.38880"
"83.70000","1.39453","27.43095"
"83.80000","1.39623","27.45758"
"83.90000","1.39794","27.48650"
"84.00000","1.39952","27.49894"
"84.10000","1.40132","27.54034"
"84.20000","1.40321","27.58484"
"84.30000","1.40487","27.60029"
"84.40000","1.40656","27.62429"
"84.50000","1.40825","27.65004"
"84.60000","1.41003","27.68752"
"84.70000","1.41170","27.70669"
"84.80000","1.41351","27.76970"
"84.90000","1.41510","27.77233"
"85.00000","1.41657","27.77188"
"85.10000","1.41819","27.79563"
"85.20000","1.41986","27.82366"
"85.30000","1.42150","27.84615"
"85.40000","1.42297","27.85105"
"85.50000","1.42465","27.88734"
"85.60000","1.42641","27.92698"
"85.70000","1.42805","27.95027"
"85.80000","1.42974","27.97797"
"85.90000","1.43138","27.99979"
"86.00000","1.43318","28.05210"
"86.10000","1.43459","28.04243"
"86.20000","1.43610","28.05099"
"86.30000","1.43771","28.07250"
"86.40000","1.43930","28.09037"
"86.50000","1.44096","28.11729"
"86.60000","1.44268","28.14763"
"86.70000","1.44435","28.17179"
"86.80000","1.44602","28.19379"
"86.90000","1.44773","28.22109"
"87.00000","1.44943","28.24545"
"87.10000","1.45119","28.27489"
"87.20000","1.45285","28.29451"
"87.30000","1.45452","28.32440"
"87.40000","1.45636","28.37042"
"87.50000","1.45820","28.41021"
"87.60000","1.46004","28.44781"
"87.70000","1.46165","28.45822"
"87.80000","1.46334","28.48312"
"87.90000","1.46504","28.50935"
"88.00000","1.46670","28.54098"
"88.10000","1.46833","28.55791"
"88.20000","1.46982","28.56135"
"88.30000","1.47143","28.58414"
"88.40000","1.47319","28.62221"
"88.50000","1.47488","28.64857"
"88.60000","1.47653","28.66903"
"88.70000","1.47811","28.68458"
"88.80000","1.47999","28.73648"
"88.90000","1.48178","28.77091"
"89.00000","1.48325","28.76453"
"89.10000","1.48473","28.76773"
"89.20000","1.48647","28.80673"
"89.30000","1.48821","28.84857"
"89.40000","1.48977","28.85832"
"89.50000","1.49134","28.87460"
"89.60000","1.49299","28.90331"
"89.70000","1.49462","28.92789"
"89.80000","1.49619","28.94575"
"89.90000","1.49782","28.97149"
"90.00000","1.49952","29.00414"
"90.10000","1.50121","29.04097"
"90.20000","1.50292","29.07046"
"90.30000","1.50455","29.09157"
"90.40000","1.50626","29.12311"
"90.50000","1.50801","29.15651"
"90.60000","1.50978","29.19053"
"90.70000","1.51146","29.21255"
"90.80000","1.51307","29.22715"
"90.90000","1.51483","29.26289"
"91.00000","1.51641","29.27201"
"91.10000","1.51797","29.28353"
"91.20000","1.51947","29.28916"
"91.30000","1.52103","29.30642"
"91.40000","1.52260","29.32368"
"91.50000","1.52424","29.35648"
"91.60000","1.52586","29.37567"
"91.70000","1.52761","29.41317"
"91.80000","1.52937","29.44739"
"91.90000","1.53111","29.47694"
"92.00000","1.53272","29.49129"
"92.10000","1.53451","29.52868"
"92.20000","1.53621","29.55176"
"92.30000","1.53790","29.57387"
"92.40000","1.53958","29.59500"
"92.50000","1.54119","29.60805"
"92.60000","1.54287","29.63224"
"92.70000","1.54459","29.65929"
"92.80000","1.54627","29.68017"
"92.90000","1.54800","29.70661"
"93.00000","1.54964","29.72176"
"93.10000","1.55117","29.72646"
"93.20000","1.55279","29.74515"
"93.30000","1.55443","29.76587"
"93.40000","1.55608","29.79301"
"93.50000","1.55781","29.82127"
"93.60000","1.55949","29.84385"
"93.70000","1.56109","29.85497"
"93.80000","1.56268","29.87019"
"93.90000","1.56440","29.90077"
"94.00000","1.56627","29.94686"
"94.10000","1.56791","29.95769"
"94.20000","1.56963","29.98337"
"94.30000","1.57136","30.00838"
"94.40000","1.57306","30.03151"
"94.50000","1.57469","30.04391"
"94.60000","1.57636","30.06425"
"94.70000","1.57805","30.08606"
"94.80000","1.57967","30.09785"
"94.90000","1.58117","30.09931"
"95.00000","1.58276","30.11644"
"95.10000","1.58444","30.14341"
"95.20000","1.58602","30.15681"
"95.30000","1.58759","30.17145"
"95.40000","1.58936","30.20932"
"95.50000","1.59117","30.24685"
"95.60000","1.59290","30.27333"
"95.70000","1.59460","30.29817"
"95.80000","1.59631","30.32883"
"95.90000","1.59802","30.35219"
"96.00000","1.59962","30.36260"
"96.10000","1.60121","30.37502"
"96.20000","1.60285","30.39518"
"96.30000","1.60452","30.41790"
"96.40000","1.60618","30.43851"
"96.50000","1.60784","30.45880"
"96.60000","1.60955","30.48482"
"96.70000","1.61126","30.50926"
"96.80000","1.61300","30.53799"
"96.90000","1.61474","30.56583"
"97.00000","1.61645","30.58887"
"97.10000","1.61808","30.60180"
"97.20000","1.61971","30.61863"
"97.30000","1.62147","30.65333"
"97.40000","1.62319","30.67901"
"97.50000","1.62488","30.70090"
"97.60000","1.62645","30.70825"
"97.70000","1.62812","30.73259"
"97.80000","1.62973","30.74783"
"97.90000","1.63137","30.77100"
"98.00000","1.63305","30.79772"
"98.10000","1.63468","30.81917"
"98.20000","1.63633","30.84178"
"98.30000","1.63806","30.87379"
"98.40000","1.63967","30.88932"
"98.50000","1.64123","30.89922"
"98.60000","1.64280","30.91467"
"98.70000","1.64470","30.96686"
"98.80000","1.64643","30.99053"
"98.90000","1.64806","31.00449"
"99.00000","1.64974","31.02821"
"99.10000","1.65139","31.04767"
"99.20000","1.65302","31.06363"
"99.30000","1.65456","31.06950"
"99.40000","1.65610","31.07896"
"99.50000","1.65770","31.09852"
"99.60000","1.65932","31.12093"
"99.70000","1.66095","31.14028"
"99.80000","1.66260","31.16256"
"99.90000","1.66433","31.19226"
"100.00000","1.66606","31.21928"
"100.10000","1.66777","31.24342"
"100.20000","1.66946","31.26556"
"100.30000","1.67117","31.28856"
"100.40000","1.67286","31.31043"
"100.50000","1.67461","31.33887"
"100.60000","1.67640","31.37034"
"100.70000","1.67817","31.39701"
"100.80000","1.67984","31.41135"
"100.90000","1.68153","31.42946"
"101.00000","1.68321","31.44797"
"101.10000","1.68484","31.45951"
"101.20000","1.68638","31.46395"
"101.30000","1.68792","31.47344"
"101.40000","1.68951","31.49329"
"101.50000","1.69124","31.52678"
"101.60000","1.69296","31.55704"
"101.70000","1.69468","31.58694"
"101.80000","1.69627","31.59742"
"101.90000","1.69805","31.63899"
"102.00000","1.70002","31.69816"
"102.10000","1.70179","31.72418"
"102.20000","1.70343","31.73837"
"102.30000","1.70501","31.74935"
"102.40000","1.70672","31.78054"
"102.50000","1.70838","31.80180"
"102.60000","1.71005","31.82640"
"102.70000","1.71168","31.84623"
"102.80000","1.71330","31.86357"
"102.90000","1.71493","31.88471"
"103.00000","1.71661","31.91009"
"103.10000","1.71817","31.91994"
"103.20000","1.71980","31.94252"
"103.30000","1.72140","31.96127"
"103.40000","1.72295","31.97378"
"103.50000","1.72461","32.00429"
"103.60000","1.72622","32.02767"
"103.70000","1.72797","32.06743"
"103.80000","1.72974","32.10638"
"103.90000","1.73144","32.13157"
"104.00000","1.73311","32.15522"
"104.10000","1.73471","32.16953"
"104.20000","1.73627","32.17927"
"104.30000","1.73784","32.19449"
"104.40000","1.73950","32.22277"
"104.50000","1.74116","32.24701"
"104.60000","1.74282","32.26988"
"104.70000","1.74455","32.29968"
"104.80000","1.74620","32.31750"
"104.90000","1.74780","32.32666"
"105.00000","1.74942","32.34373"
"105.10000","1.75103","32.35698"
"105.20000","1.75287","32.40247"
"105.30000","1.75453","32.41668"
"105.40000","1.75608","32.42273"
"105.50000","1.75771","32.44389"
"105.60000","1.75937","32.46534"
"105.70000","1.76102","32.48318"
"105.80000","1.76274","32.51177"
"105.90000","1.76443","32.53666"
"106.00000","1.76603","32.54886"
"106.10000","1.76769","32.57034"
"106.20000","1.76935","32.59174"
"106.30000","1.77107","32.61942"
"106.40000","1.77283","32.65005"
"106.50000","1.77452","32.66997"
"106.60000","1.77623","32.69186"
"106.70000","1.77794","32.70977"
"106.80000","1.77945","32.70361"
"106.90000","1.78128","32.74612"
"107.00000","1.78321","32.79153"
"107.10000","1.78483","32.79465"
"107.20000","1.78643","32.80104"
"107.30000","1.78802","32.81295"
"107.40000","1.78969","32.83630"
"107.50000","1.79140","32.86295"
"107.60000","1.79296","32.87001"
"107.70000","1.79450","32.87701"
"107.80000","1.79610","32.89471"
"107.90000","1.79775","32.91801"
"108.00000","1.79941","32.94165"
"108.10000","1.80110","32.96711"
"108.20000","1.80282","32.99409"
"108.30000","1.80452","33.01649"
"108.40000","1.80604","33.01880"
"108.50000","1.80796","33.07172"
"108.60000","1.80979","33.10197"
"108.70000","1.81145","33.11083"
"108.80000","1.81307","33.11800"
"108.90000","1.81472","33.13055"
"109.00000","1.81635","33.14362"
"109.10000","1.81798","33.15661"
"109.20000","1.81960","33.16856"
"109.30000","1.82116","33.17591"
"109.40000","1.82276","33.19217"
"109.50000","1.82440","33.21289"
"109.60000","1.82605","33.23395"
"109.70000","1.82775","33.26033"
"109.80000","1.82941","33.28040"
"109.90000","1.83105","33.29636"
"110.00000","1.83275","33.31967"
"110.10000","1.83443","33.34003"
"110.20000","1.83609","33.35835"
"110.30000","1.83790","33.39557"
"110.40000","1.83974","33.42868"
"110.50000","1.84139","33.43549"
"110.60000","1.84298","33.43836"
"110.70000","1.84465","33.45534"
"110.80000","1.84631","33.47060"
"110.90000","1.84794","33.48271"
"111.00000","1.84952","33.49102"
"111.10000","1.85117","33.50973"
"111.20000","1.85278","33.52229"
"111.30000","1.85445","33.54461"
"111.40000","1.85615","33.57070"
"111.50000","1.85779","33.58608"
"111.60000","1.85939","33.59735"
"111.70000","1.86105","33.61873"
"111.80000","1.86278","33.64494"
"111.90000","1.86454","33.67185"
"112.00000","1.86615","33.67853"
"112.10000","1.86777","33.69273"
"112.20000","1.86952","33.71944"
"112.30000","1.87121","33.73851"
"112.40000","1.87283","33.74840"
"112.50000","1.87455","33.77112"
"112.60000","1.87625","33.78899"
"112.70000","1.87786","33.79728"
"112.80000","1.87957","33.82099"
"112.90000","1.88123","33.83549"
"113.00000","1.88288","33.84707"
"113.10000","1.88448","33.85366"
"113.20000","1.88611","33.86667"
"113.30000","1.88769","33.87704"
"113.40000","1.88933","33.89512"
"113.50000","1.89098","33.91496"
"113.60000","1.89279","33.95142"
"113.70000","1.89463","33.99010"
"113.80000","1.89646","34.02290"
"113.90000","1.89816","34.04061"
"114.00000","1.89979","34.04804"
"114.10000","1.90141","34.05982"
"114.20000","1.90311","34.08295"
"114.30000","1.90472","34.09236"
"114.40000","1.90633","34.10493"
"114.50000","1.90804","34.12867"
"114.60000","1.90975","34.14895"
"114.70000","1.91149","34.17216"
"114.80000","1.91312","34.18385"
"114.90000","1.91476","34.19917"
"115.00000","1.91662","34.24239"
"115.10000","1.91843","34.27272"
"115.20000","1.92010","34.28720"
"115.30000","1.92166","34.28969"
"115.40000","1.92319","34.29540"
"115.50000","1.92481","34.31558"
"115.60000","1.92644","34.33562"
"115.70000","1.92811","34.36147"
"115.80000","1.92970","34.37630"
"115.90000","1.93133","34.39672"
"116.00000","1.93300","34.42246"
"116.10000","1.93467","34.44704"
"116.20000","1.93640","34.47889"
"116.30000","1.93805","34.49855"
"116.40000","1.93970","34.51814"
"116.50000","1.94137","34.53768"
"116.60000","1.94304","34.55828"
"116.70000","1.94466","34.57336"
"116.80000","1.94706","34.81114"
"116.90000","1.94850","34.73930"
"117.00000","1.94979","34.69189"
"117.10000","1.95147","34.71585"
"117.20000","1.95317","34.73953"
"117.30000","1.95480","34.75100"
"117.40000","1.95635","34.75454"
"117.50000","1.95787","34.75969"
"117.60000","1.95945","34.77239"
"117.70000","1.96108","34.79122"
"117.80000","1.96267","34.80407"
"117.90000","1.96436","34.82919"
"118.00000","1.96612","34.86578"
"118.10000","1.96785","34.89465"
"118.20000","1.96950","34.91219"
"118.30000","1.97134","34.95581"
"118.40000","1.97314","34.98662"
"118.50000","1.97485","35.00410"
"118.60000","1.97656","35.02558"
"118.70000","1.97834","35.05502"
"118.80000","1.97998","35.06384"
"118.90000","1.98162","35.07781"
"119.00000","1.98324","35.08915"
"119.10000","1.98480","35.09136"
"119.20000","1.98638","35.09946"
"119.30000","1.98792","35.10537"
"119.40000","1.98959","35.15158"
"119.50000","1.99124","35.16425"
"119.60000","1.99275","35.16317"
"119.70000","1.99438","35.18213"
"119.80000","1.99600","35.19917"
"119.90000","1.99762","35.21578"
"120.00000","1.99921","35.22731"
"120.10000","2.00086","35.24842"
"120.20000","2.00270","35.29132"
"120.30000","2.00442","35.31196"
"120.40000","2.00617","35.33756"
"120.50000","2.00790","35.35769"
"120.60000","2.00960","35.37278"
"120.70000","2.01136","35.39933"
"120.80000","2.01306","35.41075"
"120.90000","2.01470","35.41981"
"121.00000","2.01638","35.43628"
"121.10000","2.01804","35.45543"
"121.20000","2.01982","35.49427"
"121.30000","2.02131","35.48478"
"121.40000","2.02282","35.48550"
"121.50000","2.02460","35.52719"
"121.60000","2.02640","35.56362"
"121.70000","2.02804","35.57544"
"121.80000","2.02970","35.59376"
"121.90000","2.03143","35.62205"
"122.00000","2.03309","35.63796"
"122.10000","2.03470","35.64894"
"122.20000","2.03634","35.66517"
"122.30000","2.03789","35.66870"
"122.40000","2.03947","35.68005"
"122.50000","2.04111","35.70074"
"122.60000","2.04280","35.72611"
"122.70000","2.04453","35.75456"
"122.80000","2.04623","35.77399"
"122.90000","2.04801","35.80209"
"123.00000","2.04972","35.81926"
"123.10000","2.05142","35.84937"
"123.20000","2.05300","35.85084"
"123.30000","2.05456","35.85674"
"123.40000","2.05619","35.87392"
"123.50000","2.05800","35.91735"
"123.60000","2.05980","35.95334"
"123.70000","2.06147","35.97082"
"123.80000","2.06325","36.01124"
"123.90000","2.06490","36.02249"
"124.00000","2.06651","36.02944"
"124.10000","2.06811","36.04233"
"124.20000","2.06970","36.05244"
"124.30000","2.07134","36.07258"
"124.40000","2.07306","36.10267"
"124.50000","2.07472","36.11874"
"124.60000","2.07638","36.13599"
"124.70000","2.07796","36.15276"
"124.80000","2.07978","36.19269"
"124.90000","2.08165","36.23417"
"125.00000","2.08326","36.23425"
"125.10000","2.08478","36.23152"
"125.20000","2.08640","36.24614"
"125.30000","2.08801","36.25819"
"125.40000","2.08954","36.26294"
"125.50000","2.09114","36.28117"
"125.60000","2.09275","36.29738"
"125.70000","2.09437","36.31295"
"125.80000","2.09607","36.34724"
"125.90000","2.09777","36.36718"
"126.00000","2.09939","36.37867"
"126.10000","2.10103","36.39484"
"126.20000","2.10273","36.41853"
"126.30000","2.10446","36.44092"
"126.40000","2.10613","36.45591"
"126.50000","2.10783","36.47795"
"126.60000","2.10946","36.48922"
"126.70000","2.11126","36.52467"
"126.80000","2.11301","36.54552"
"126.90000","2.11478","36.56997"
"127.00000","2.11639","36.57007"
"127.10000","2.11800","36.57574"
"127.20000","2.11954","36.57456"
"127.30000","2.12114","36.59274"
"127.40000","2.12281","36.61282"
"127.50000","2.12443","36.62321"
"127.60000","2.12604","36.63526"
"127.70000","2.12777","36.66524"
"127.80000","2.12951","36.69168"
"127.90000","2.13122","36.71249"
"128.00000","2.13283","36.72095"
"128.10000","2.13480","36.77792"
"128.20000","2.13665","36.81039"
"128.30000","2.13836","36.82370"
"128.40000","2.13993","36.82223"
"128.50000","2.14156","36.83131"
"128.60000","2.14329","36.85539"
"128.70000","2.14494","36.86580"
"128.80000","2.14652","36.86956"
"128.90000","2.14810","36.87888"
"129.00000","2.14972","36.89612"
"129.10000","2.15136","36.91212"
"129.20000","2.15295","36.92190"
"129.30000","2.15454","36.93074"
"129.40000","2.15606","36.93229"
"129.50000","2.15768","36.95093"
"129.60000","2.15942","36.98571"
"129.70000","2.16115","37.01199"
"129.80000","2.16277","37.02305"
"129.90000","2.16440","37.03724"
"130.00000","2.16625","37.08234"
"130.10000","2.16796","37.09982"
"130.20000","2.16964","37.11404"
"130.30000","2.17124","37.11751"
"130.40000","2.17283","37.12229"
"130.50000","2.17451","37.14059"
"130.60000","2.17620","37.15992"
"130.70000","2.17784","37.17004"
"130.80000","2.17952","37.18797"
"130.90000","2.18121","37.20575"
"131.00000","2.18289","37.22220"
"131.10000","2.18454","37.23510"
"131.20000","2.18618","37.24633"
"131.30000","2.18778","37.25301"
"131.40000","2.18954","37.28498"
"131.50000","2.19126","37.30552"
"131.60000","2.19291","37.31715"
"131.70000","2.19458","37.33216"
"131.80000","2.19625","37.34547"
"131.90000","2.19794","37.36345"
"132.00000","2.19964","37.38049"
"132.10000","2.20135","37.39908"
"132.20000","2.20305","37.41503"
"132.30000","2.20472","37.42913"
"132.40000","2.20636","37.43740"
"132.50000","2.20800","37.44992"
"132.60000","2.20973","37.47226"
"132.70000","2.21140","37.48385"
"132.80000","2.21306","37.49466"
"132.90000","2.21471","37.50536"
"133.00000","2.21640","37.52328"
"133.10000","2.21807","37.53687"
"133.20000","2.21970","37.54614"
"133.30000","2.22140","37.56627"
"133.40000","2.22311","37.58738"
"133.50000","2.22476","37.59798"
"133.60000","2.22642","37.61281"
"133.70000","2.22815","37.63687"
"133.80000","2.22977","37.64524"
"133.90000","2.23145","37.66636"
"134.00000","2.23315","37.68758"
"134.10000","2.23477","37.69800"
"134.20000","2.23640","37.71138"
"134.30000","2.23806","37.72815"
"134.40000","2.23969","37.74051"
"134.50000","2.24133","37.75551"
"134.60000","2.24301","37.77494"
"134.70000","2.24495","37.83088"
"134.80000","2.24665","37.84333"
"134.90000","2.24827","37.84781"
"135.00000","2.24996","37.86740"
"135.10000","2.25161","37.87653"
"135.20000","2.25317","37.87896"
"135.30000","2.25475","37.88764"
"135.40000","2.25639","37.90722"
"135.50000","2.25811","37.93719"
"135.60000","2.25979","37.95777"
"135.70000","2.26136","37.96131"
"135.80000","2.26297","37.97628"
"135.90000","2.26468","38.00631"
"136.00000","2.26645","38.04062"
"136.10000","2.26813","38.05973"
"136.20000","2.26975","38.07111"
"136.30000","2.27138","38.08521"
"136.40000","2.27306","38.10770"
"136.50000","2.27472","38.12479"
"136.60000","2.27641","38.14695"
"136.70000","2.27825","38.18731"
"136.80000","2.27996","38.20158"
"136.90000","2.28149","38.19374"
"137.00000","2.28309","38.19898"
"137.10000","2.28472","38.21049"
"137.20000","2.28628","38.21428"
"137.30000","2.28780","38.21451"
"137.40000","2.28939","38.22948"
"137.50000","2.29110","38.26007"
"137.60000","2.29276","38.27994"
"137.70000","2.29438","38.29004"
"137.80000","2.29598","38.30031"
"137.90000","2.29775","38.33963"
"138.00000","2.29959","38.38004"
"138.10000","2.30134","38.40226"
"138.20000","2.30321","38.44426"
"138.30000","2.30490","38.45406"
"138.40000","2.30652","38.45711"
"138.50000","2.30815","38.46778"
"138.60000","2.30982","38.48235"
"138.70000","2.31167","38.52378"
"138.80000","2.31341","38.54108"
"138.90000","2.31496","38.53352"
"139.00000","2.31655","38.53931"
"139.10000","2.31816","38.54743"
"139.20000","2.31974","38.55380"
"139.30000","2.32132","38.56310"
"139.40000","2.32285","38.56487"
"139.50000","2.32449","38.58899"
"139.60000","2.32618","38.61332"
"139.70000","2.32788","38.63791"
"139.80000","2.32951","38.64916"
"139.90000","2.33122","38.67736"
"140.00000","2.33286","38.68876"
"140.10000","2.33450","38.70321"
"140.20000","2.33620","38.72602"
"140.30000","2.33789","38.74586"
"140.40000","2.33957","38.76353"
"140.50000","2.34126","38.77833"
"140.60000","2.34288","38.78392"
"140.70000","2.34460","38.80423"
"140.80000","2.34631","38.82267"
"140.90000","2.34797","38.83123"
"141.00000","2.34968","38.84573"
"141.10000","2.35129","38.84583"
"141.20000","2.35304","38.87135"
"141.30000","2.35470","38.87983"
"141.40000","2.35631","38.88436"
"141.50000","2.35791","38.89040"
"141.60000","2.35956","38.90620"
"141.70000","2.36119","38.92014"
"141.80000","2.36288","38.94084"
"141.90000","2.36455","38.95568"
"142.00000","2.36616","38.96339"
"142.10000","2.36780","38.97755"
"142.20000","2.36943","38.99057"
"142.30000","2.37113","39.01239"
"142.40000","2.37277","39.02297"
"142.50000","2.37442","39.03486"
"142.60000","2.37608","39.04520"
"142.70000","2.37775","39.05740"
"142.80000","2.37928","39.04876"
"142.90000","2.38102","39.07564"
"143.00000","2.38283","39.10522"
"143.10000","2.38452","39.11139"
"143.20000","2.38618","39.11782"
"143.30000","2.38783","39.12603"
"143.40000","2.38948","39.13644"
"143.50000","2.39116","39.15177"
"143.60000","2.39279","39.15662"
"143.70000","2.39442","39.16586"
"143.80000","2.39608","39.18008"
"143.90000","2.39774","39.19376"
"144.00000","2.39945","39.21452"
"144.10000","2.40119","39.23825"
"144.20000","2.40292","39.25617"
"144.30000","2.40468","39.27776"
"144.40000","2.40633","39.28370"
"144.50000","2.40825","39.32847"
"144.60000","2.40999","39.33973"
"144.70000","2.41157","39.33272"
"144.80000","2.41325","39.34540"
"144.90000","2.41492","39.35404"
"145.00000","2.41653","39.35775"
"145.10000","2.41822","39.37560"
"145.20000","2.41989","39.39210"
"145.30000","2.42146","39.39320"
"145.40000","2.42298","39.39391"
"145.50000","2.42453","39.39882"
"145.60000","2.42612","39.41125"
"145.70000","2.42770","39.41763"
"145.80000","2.42925","39.42145"
"145.90000","2.43089","39.43802"
"146.00000","2.43256","39.45789"
"146.10000","2.43424","39.47696"
"146.20000","2.43590","39.48920"
"146.30000","2.43768","39.52021"
"146.40000","2.43960","39.56481"
"146.50000","2.44138","39.58056"
"146.60000","2.44305","39.58128"
"146.70000","2.44469","39.58308"
"146.80000","2.44632","39.58567"
"146.90000","2.44787","39.57735"
"147.00000","2.44941","39.57380"
"147.10000","2.45113","39.59542"
"147.20000","2.45280","39.60315"
"147.30000","2.45446","39.61092"
"147.40000","2.45612","39.62074"
"147.50000","2.45773","39.62374"
"147.60000","2.45932","39.62838"
"147.70000","2.46102","39.65020"
"147.80000","2.46279","39.67556"
"147.90000","2.46454","39.69620"
"148.00000","2.46617","39.69692"
"148.10000","2.46783","39.70727"
"148.20000","2.46948","39.71583"
"148.30000","2.47114","39.72567"
"148.40000","2.47282","39.73487"
"148.50000","2.47447","39.73832"
"148.60000","2.47613","39.74333"
"148.70000","2.47781","39.75074"
"148.80000","2.47949","39.75240"
"148.90000","2.48121","39.76403"
"149.00000","2.48295","39.77503"
"149.10000","2.48466","39.78351"
"149.20000","2.48646","39.80769"
"149.30000","2.48815","39.81201"
"149.40000","2.48977","39.80964"
"149.50000","2.49142","39.81691"
"149.60000","2.49330","39.85753"
"149.70000","2.49515","39.88789"
"149.80000","2.49667","39.86584"
"149.90000","2.49821","39.86123"
"150.00000","2.49994","39.88900"
"150.10000","2.50161","39.90033"
"150.20000","2.50324","39.90859"
"150.30000","2.50497","39.93237"
"150.40000","2.50662","39.94043"
"150.50000","2.50830","39.95180"
"150.60000","2.50991","39.95479"
"150.70000","2.51154","39.96199"
"150.80000","2.51317","39.97333"
"150.90000","2.51484","39.98848"
"151.00000","2.51672","40.03335"
"151.10000","2.51847","40.05088"
"151.20000","2.52006","40.04802"
"151.30000","2.52168","40.05542"
"151.40000","2.52332","40.07002"
"151.50000","2.52494","40.08324"
"151.60000","2.52657","40.10009"
"151.70000","2.52825","40.11957"
"151.80000","2.52986","40.13036"
"151.90000","2.53147","40.14256"
"152.00000","2.53308","40.15474"
"152.10000","2.53473","40.18398"
"152.15600","2.53622","40.43488"
"152.25600","2.53776","40.35283"
"152.35600","2.53894","40.27179"
"152.45600","2.54053","40.27839"
"152.55600","2.54232","40.31071"
"152.65600","2.54395","40.31107"
"152.75600","2.54566","40.33072"
"152.85600","2.54746","40.35814"
"152.95600","2.54908","40.35119"
"153.05600","2.55077","40.32243"
"153.15600","2.55240","40.30738"
"153.25600","2.55393","40.29156"
"153.35600","2.55557","40.30360"
"153.45600","2.55712","40.29605"
"153.55600","2.55873","40.30181"
"153.65600","2.56035","40.31152"
"153.75600","2.56199","40.33508"
"153.85600","2.56369","40.34941"
"153.95600","2.56526","40.34484"
"154.05600","2.56686","40.34598"
"154.15600","2.56851","40.35611"
"154.25600","2.57027","40.37849"
"154.35600","2.57204","40.40345"
"154.45600","2.57371","40.41039"
"154.55600","2.57542","40.42423"
"154.65600","2.57713","40.43580"
"154.75600","2.57884","40.43296"
"154.85600","2.58046","40.42086"
"154.95600","2.58215","40.42278"
"155.05600","2.58383","40.42804"
"155.15600","2.58544","40.42425"
"155.25600","2.58707","40.42632"
"155.35600","2.58864","40.41950"
"155.45600","2.59026","40.42791"
"155.55600","2.59190","40.43933"
"155.65600","2.59353","40.45270"
"155.75600","2.59517","40.45938"
"155.85600","2.59684","40.47054"
"155.95600","2.59856","40.48264"
"156.05600","2.60020","40.48366"
"156.15600","2.60210","40.52890"
"156.25600","2.60394","40.54857"
"156.35600","2.60567","40.55198"
"156.45600","2.60733","40.54556"
"156.55600","2.60897","40.53598"
"156.65600","2.61063","40.53606"
"156.75600","2.61229","40.54207"
"156.85600","2.61398","40.54401"
"156.95600","2.61550","40.51788"
"157.05600","2.61713","40.51995"
"157.15600","2.61879","40.52455"
"157.25600","2.62045","40.53069"
"157.35600","2.62206","40.52739"
"157.45600","2.62358","40.51304"
"157.55600","2.62541","40.55074"
"157.65600","2.62719","40.57215"
"157.75600","2.62889","40.58344"
"157.85600","2.63069","40.60971"
"157.95600","2.63240","40.61492"
"158.05600","2.63410","40.63190"
"158.15600","2.63574","40.62621"
"158.25600","2.63736","40.62522"
"158.35600","2.63901","40.63126"
"158.45600","2.64075","40.64977"
"158.55600","2.64247","40.65406"
"158.65600","2.64409","40.64517"
"158.75600","2.64571","40.64428"
"158.85600","2.64740","40.65554"
"158.95600","2.64894","40.63989"
"159.05600","2.65057","40.64070"
"159.15600","2.65215","40.63193"
"159.25600","2.65372","40.62475"
"159.35600","2.65534","40.63239"
"159.45600","2.65706","40.65427"
"159.55600","2.65882","40.67155"
"159.65600","2.66048","40.66900"
"159.75600","2.66204","40.65821"
"159.85600","2.66368","40.65990"
"159.95600","2.66534","40.66456"
"160.05600","2.66696","40.67075"
"160.15600","2.66867","40.68277"
"160.25600","2.67033","40.68396"
"160.35600","2.67201","40.69328"
"160.45600","2.67373","40.70097"
"160.55600","2.67539","40.70056"
"160.65600","2.67690","40.67739"
"160.75600","2.67856","40.68734"
"160.85600","2.68048","40.72395"
"160.95600","2.68220","40.71922"
"161.05600","2.68380","40.70329"
"161.15600","2.68545","40.70795"
"161.25600","2.68720","40.71870"
"161.35600","2.68881","40.70539"
"161.45600","2.69042","40.69857"
"161.55600","2.69208","40.69946"
"161.65600","2.69367","40.69041"
"161.75600","2.69522","40.67944"
"161.85600","2.69692","40.69142"
"161.95600","2.69864","40.70466"
"162.05600","2.70030","40.70645"
"162.15600","2.70196","40.70910"
"162.25600","2.70365","40.71286"
"162.35600","2.70531","40.71151"
"162.45600","2.70701","40.71641"
"162.55600","2.70862","40.70675"
"162.65600","2.71038","40.72272"
"162.75600","2.71219","40.73677"
"162.85600","2.71396","40.74623"
"162.95600","2.71571","40.74757"
"163.05600","2.71735","40.73495"
"163.15600","2.71895","40.72017"
"163.25600","2.72058","40.71312"
"163.35600","2.72222","40.70692"
"163.45600","2.72382","40.69775"
"163.55600","2.72551","40.70361"
"163.65600","2.72723","40.71279"
"163.75600","2.72897","40.72131"
"163.85600","2.73073","40.72876"
"163.95600","2.73227","40.70671"
"164.05600","2.73413","40.73360"
"164.15600","2.73592","40.73243"
"164.25600","2.73756","40.71290"
"164.35600","2.73931","40.71255"
"164.45600","2.74107","40.71595"
"164.55600","2.74286","40.72486"
"164.65600","2.74444","40.70254"
"164.75600","2.74597","40.68374"
"164.85600","2.74765","40.68703"
"164.95600","2.74934","40.68443"
"165.05600","2.75088","40.66537"
"165.15600","2.75237","40.64032"
"165.25600","2.75398","40.63911"
"165.35600","2.75566","40.64685"
"165.45600","2.75730","40.64180"
"165.55600","2.75889","40.62130"
"165.65600","2.76048","40.60362"
"165.75600","2.76218","40.60237"
"165.85600","2.76387","40.60463"
"165.95600","2.76571","40.62373"
"166.05600","2.76741","40.61546"
"166.15600","2.76903","40.60297"
"166.25600","2.77076","40.60221"
"166.35600","2.77250","40.59915"
"166.45600","2.77416","40.58435"
"166.55600","2.77577","40.56173"
"166.65600","2.77746","40.54735"
"166.75600","2.77911","40.53794"
"166.85600","2.78076","40.52727"
"166.95600","2.78246","40.51822"
"167.05600","2.78410","40.49817"
"167.15600","2.78568","40.47723"
"167.25600","2.78722","40.44663"
"167.35600","2.78883","40.42502"
"167.45600","2.79058","40.42557"
"167.55600","2.79234","40.41811"
"167.65600","2.79395","40.39825"
"167.75600","2.79560","40.38533"
"167.85600","2.79728","40.35678"
"167.95600","2.79896","40.34650"
"168.05600","2.80064","40.33573"
"168.15600","2.80230","40.32346"
"168.25600","2.80399","40.31843"
"168.35600","2.80566","40.30763"
"168.45600","2.80731","40.29141"
"168.55600","2.80901","40.28089"
"168.65600","2.81062","40.25710"
"168.75600","2.81227","40.23277"
"168.85600","2.81392","40.20015"
"168.95600","2.81556","40.17942"
"169.05600","2.81722","40.16881"
"169.15600","2.81884","40.15412"
"169.25600","2.82046","40.14313"
"169.35600","2.82211","40.13009"
"169.45600","2.82383","40.13096"
"169.55600","2.82552","40.12691"
"169.65600","2.82715","40.10957"
"169.75600","2.82881","40.09773"
"169.85600","2.83039","40.07041"
"169.95600","2.83202","40.06009"
"170.05600","2.83372","40.05615"
"170.15600","2.83542","40.04668"
"170.25600","2.83713","40.04115"
"170.35600","2.83886","40.03218"
"170.45600","2.84058","40.01438"
"170.55600","2.84228","39.99789"
"170.65600","2.84407","39.99482"
"170.75600","2.84579","39.96948"
"170.85600","2.84739","39.93853"
"170.95600","2.84907","39.92643"
"171.05600","2.85073","39.91319"
"171.15600","2.85234","39.88965"
"171.25600","2.85393","39.86381"
"171.35600","2.85554","39.83905"
"171.45600","2.85715","39.82034"
"171.55600","2.85881","39.81063"
"171.65600","2.86046","39.79947"
"171.75600","2.86212","39.79213"
"171.85600","2.86383","39.79389"
"171.95600","2.86547","39.78473"
"172.05600","2.86714","39.78028"
"172.15600","2.86885","39.77658"
"172.25600","2.87052","39.77192"
"172.35600","2.87217","39.76511"
"172.45600","2.87387","39.75813"
"172.55600","2.87568","39.76906"
"172.65600","2.87744","39.76245"
"172.75600","2.87917","39.75185"
"172.85600","2.88080","39.73390"
"172.95600","2.88246","39.71813"
"173.05600","2.88413","39.70075"
"173.15600","2.88570","39.67176"
"173.25600","2.88726","39.64422"
"173.35600","2.88879","39.61801"
"173.45600","2.89048","39.61846"
"173.55600","2.89217","39.61239"
"173.65600","2.89383","39.60226"
"173.75600","2.89544","39.57529"
"173.85600","2.89703","39.55274"
"173.95600","2.89889","39.56858"
"174.05600","2.90066","39.56002"
"174.15600","2.90232","39.54011"
"174.25600","2.90399","39.52519"
"174.35600","2.90561","39.50277"
"174.45600","2.90722","39.48184"
"174.55600","2.90881","39.46137"
"174.65600","2.91048","39.45159"
"174.75600","2.91214","39.43795"
"174.85600","2.91379","39.42326"
"174.95600","2.91548","39.41177"
"175.05600","2.91715","39.39725"
"175.15600","2.91880","39.37629"
"175.25600","2.92039","39.34169"
"175.35600","2.92192","39.29737"
"175.45600","2.92358","39.26612"
"175.55600","2.92524","39.22754"
"175.65600","2.92698","39.19589"
"175.75600","2.92878","39.16572"
"175.85600","2.93050","39.11907"
"175.95600","2.93220","39.05524"
"176.05600","2.93392","38.99839"
"176.15600","2.93560","38.92829"
"176.25600","2.93723","38.86233"
"176.35600","2.93884","38.78489"
"176.45600","2.94047","38.72203"
"176.55600","2.94212","38.64837"
"176.65600","2.94379","38.58901"
"176.75600","2.94552","38.55079"
"176.85600","2.94720","38.50412"
"176.95600","2.94891","38.47162"
"177.05600","2.95062","38.42648"
"177.15600","2.95234","38.38754"
"177.25600","2.95414","38.36424"
"177.35600","2.95579","38.32006"
"177.45600","2.95739","38.27682"
"177.55600","2.95907","38.24800"
"177.65600","2.96070","38.22476"
"177.75600","2.96229","38.19465"
"177.85600","2.96402","38.18638"
"177.95600","2.96571","38.15670"
"178.05600","2.96732","38.11521"
"178.15600","2.96895","38.07600"
"178.25600","2.97063","38.04334"
"178.35600","2.97230","38.00280"
"178.45600","2.97396","37.96548"
"178.55600","2.97563","37.91998"
"178.65600","2.97731","37.88655"
"178.75600","2.97886","37.82772"
"178.85600","2.98039","37.76093"
"178.95600","2.98230","37.74897"
"179.05600","2.98413","37.70408"
"179.15600","2.98574","37.62772"
"179.25600","2.98739","37.57597"
"179.35600","2.98902","37.52162"
"179.45600","2.99059","37.45356"
"179.55600","2.99218","37.39194"
"179.65600","2.99378","37.32911"
"179.75600","2.99540","37.28319"
"179.85600","2.99700","37.19788"
"179.95600","2.99861","37.10327"
"180.05600","3.00026","37.03613"
"180.15600","3.00187","36.98270"
"180.25600","3.00358","36.94660"
"180.35600","3.00523","36.89660"
"180.45600","3.00701","36.85091"
"180.55600","3.00885","36.79732"
"180.65600","3.01046","36.73279"
"180.75600","3.01218","36.68780"
"180.85600","3.01383","36.63069"
"180.95600","3.01550","36.57689"
"181.05600","3.01719","36.53200"
"181.15600","3.01882","36.47203"
"181.25600","3.02044","36.43041"
"181.35600","3.02207","36.39158"
"181.45600","3.02366","36.34289"
"181.55600","3.02532","36.30859"
"181.65600","3.02707","36.28970"
"181.75600","3.02879","36.26261"
"181.85600","3.03048","36.22596"
"181.95600","3.03211","36.18445"
"182.05600","3.03374","36.15046"
"182.15600","3.03541","36.12407"
"182.25600","3.03716","36.08797"
"182.35600","3.03903","36.06720"
"182.45600","3.04078","36.02317"
"182.55600","3.04246","35.96851"
"182.65600","3.04423","35.93300"
"182.75600","3.04592","35.88766"
"182.85600","3.04754","35.84716"
"182.95600","3.04912","35.80201"
"183.05600","3.05082","35.76997"
"183.15600","3.05246","35.71878"
"183.25600","3.05404","35.68351"
"183.35600","3.05565","35.64837"
"183.45600","3.05730","35.62181"
"183.55600","3.05890","35.58981"
"183.65600","3.06042","35.55385"
"183.75600","3.06213","35.54451"
"183.85600","3.06381","35.52489"
"183.95600","3.06545","35.49925"
"184.05600","3.06712","35.48099"
"184.15600","3.06883","35.47393"
"184.25600","3.07057","35.46001"
"184.35600","3.07227","35.44300"
"184.45600","3.07397","35.41562"
"184.55600","3.07563","35.38214"
"184.65600","3.07725","35.34878"
"184.75600","3.07885","35.31277"
"184.85600","3.08050","35.28701"
"184.95600","3.08220","35.26452"
"185.05600","3.08388","35.24624"
"185.15600","3.08555","35.22183"
"185.25600","3.08716","35.17999"
"185.35600","3.08884","35.15970"
"185.45600","3.09045","35.13156"
"185.55600","3.09217","35.12341"
"185.65600","3.09392","35.11734"
"185.75600","3.09576","35.12429"
"185.85600","3.09736","35.09522"
"185.95600","3.09905","35.08043"
"186.05600","3.10069","35.05961"
"186.15600","3.10229","35.03120"
"186.25600","3.10392","35.01019"
"186.35600","3.10563","35.00187"
"186.45600","3.10735","34.98919"
"186.55600","3.10906","34.97175"
"186.65600","3.11080","34.96105"
"186.75600","3.11249","34.94326"
"186.85600","3.11407","34.91399"
"186.95600","3.11585","34.92004"
"187.05600","3.11769","34.92644"
"187.15600","3.11935","34.91033"
"187.25600","3.12119","34.91900"
"187.35600","3.12280","34.88002"
"187.45600","3.12426","34.84446"
"187.55600","3.12584","34.83112"
"187.65600","3.12771","34.85589"
"187.75600","3.12929","34.82301"
"187.85600","3.13075","34.77983"
"187.95600","3.13235","34.76057"
"188.05600","3.13406","34.74540"
"188.15600","3.13566","34.71291"
"188.25600","3.13730","34.68486"
"188.35600","3.13887","34.64737"
"188.45600","3.14048","34.62311"
"188.55600","3.14217","34.61086"
"188.65600","3.14380","34.57956"
"188.75600","3.14550","34.56812"
"188.85600","3.14731","34.56326"
"188.95600","3.14950","34.71164"
"189.05600","3.15071","34.56829"
"189.15600","3.15212","34.50922"
"189.25600","3.15376","34.48532"
"189.35600","3.15548","34.47369"
"189.45600","3.15709","34.43766"
"189.55600","3.15862","34.40181"
"189.65600","3.16024","34.38826"
"189.75600","3.16192","34.37752"
"189.85600","3.16358","34.36800"
"189.95600","3.16522","34.35163"
"190.05600","3.16691","34.33854"
"190.15600","3.16847","34.30348"
"190.25600","3.17020","34.29659"
"190.35600","3.17197","34.29260"
"190.45600","3.17375","34.28106"
"190.55600","3.17550","34.26645"
"190.65600","3.17720","34.24126"
"190.75600","3.17896","34.22831"
"190.85600","3.18066","34.20439"
"190.95600","3.18222","34.15519"
"191.05600","3.18385","34.08920"
"191.15600","3.18551","34.04482"
"191.25600","3.18725","33.99908"
"191.35600","3.18901","33.97629"
"191.45600","3.19059","33.90835"
"191.55600","3.19218","33.84925"
"191.65600","3.19378","33.78621"
"191.75600","3.19552","33.74467"
"191.85600","3.19720","33.70531"
"191.95600","3.19888","33.66605"
"192.05600","3.20050","33.62057"
"192.15600","3.20234","33.60769"
"192.25600","3.20410","33.58669"
"192.35600","3.20564","33.52047"
"192.45600","3.20724","33.47171"
"192.55600","3.20882","33.42704"
"192.65600","3.21047","33.39809"
"192.75600","3.21210","33.36643"
"192.85600","3.21371","33.33728"
"192.95600","3.21535","33.31001"
"193.05600","3.21701","33.28842"
"193.15600","3.21866","33.27053"
"193.25600","3.22032","33.25270"
"193.35600","3.22189","33.22634"
"193.45600","3.22343","33.20314"
"193.55600","3.22528","33.23236"
"193.65600","3.22706","33.22790"
"193.75600","3.22869","33.20674"
"193.85600","3.23038","33.19787"
"193.95600","3.23210","33.19060"
"194.05600","3.23379","33.17704"
"194.15600","3.23547","33.16337"
"194.25600","3.23710","33.14606"
"194.35600","3.23873","33.13398"
"194.45600","3.24034","33.11806"
"194.55600","3.24198","33.10986"
"194.65600","3.24367","33.10425"
"194.75600","3.24533","33.09297"
"194.85600","3.24706","33.09786"
"194.95600","3.24881","33.08951"
"195.05600","3.25052","33.06995"
"195.15600","3.25222","33.05169"
"195.25600","3.25384","33.02823"
"195.35600","3.25550","33.01501"
"195.45600","3.25726","33.01292"
"195.55600","3.25910","33.01676"
"195.65600","3.26071","32.98670"
"195.75600","3.26236","32.97363"
"195.85600","3.26399","32.95149"
"195.95600","3.26563","32.94015"
"196.05600","3.26725","32.92387"
"196.15600","3.26885","32.90824"
"196.25600","3.27047","32.89397"
"196.35600","3.27216","32.89238"
"196.45600","3.27385","32.89043"
"196.55600","3.27549","32.88055"
"196.65600","3.27703","32.86087"
"196.75600","3.27875","32.86861"
"196.85600","3.28059","32.87894"
"196.95600","3.28224","32.85744"
"197.05600","3.28379","32.83070"
"197.15600","3.28537","32.80870"
"197.25600","3.28701","32.79557"
"197.35600","3.28859","32.77176"
"197.45600","3.29020","32.75710"
"197.55600","3.29177","32.74524"
"197.65600","3.29332","32.72467"
"197.75600","3.29500","32.72442"
"197.85600","3.29679","32.72984"
"197.95600","3.29849","32.71545"
"198.05600","3.30015","32.69352"
"198.15600","3.30181","32.67604"
"198.25600","3.30353","32.66726"
"198.35600","3.30528","32.63285"
"198.45600","3.30703","32.60072"
"198.55600","3.30871","32.57539"
"198.65600","3.31062","32.59021"
"198.75600","3.31247","32.58854"
"198.77100","3.31273","32.58736"
