Year,Row,Geno,Condition,Stage,Plant.ID,WR,Root,Section,K,BL,UL,ai2,bi2,ai,bi,ao,bo,MajorD,MinorD,MajorThicc,MinorThicc,MajorThicc2,MinorThicc2,MOI_solid,E_MPa_solid,E,MOI_hollow,E_MPa_hollow,E_GPa_hollow,MOI_hollow2,E_MPa_hollow2,E_GPa_hollow2,Condcolor,Sample,Grow
2019,,B73,Dry/Greenhouse,V13,P01,BWR,R1,S1,26.93588,6.9728,8.08106,0.668,0.726,1.222,1.63,1.445,1.869,3.738,2.89,0.239,0.223,1.143,0.777,4.428969852,622.4922822,0.622492282,2.092871605,1317.328566,1.317328566,4.259006264,647.3339976,0.647333998,indianred,Dry,Greenhouse
2019,,B73,Dry/Greenhouse,V13,P01,BWR,R2,S1,25.29825,13.56534,15.77026,0.686,0.842,1.171,1.504,1.347,1.762,3.524,2.694,0.258,0.176,0.92,0.661,3.38219445,765.5920837,0.765592084,1.485451831,1743.160729,1.743160729,3.168706032,817.1730892,0.817173089,indianred,Dry,Greenhouse
2019,,B73,Dry/Greenhouse,V13,P01,BWR,R3,S1,34.0573,10.36431,17.37908,0.758,0.807,0.99,1.335,1.199,1.547,3.094,2.398,0.212,0.209,0.74,0.441,2.094294462,1664.477762,1.664477762,1.076929607,3236.893607,3.236893607,1.818255089,1917.171348,1.917171348,indianred,Dry,Greenhouse
2019,,B73,Dry/Greenhouse,V13,P01,BWR,R4,S1,39.68207,16.17681,22.6587,0.746,0.915,1.281,1.852,1.61,2.17,4.34,3.22,0.318,0.329,1.255,0.864,7.112581295,571.0479836,0.571047984,4.05499831,1001.634254,1.001634254,6.814230323,596.0504729,0.596050473,indianred,Dry,Greenhouse
2019,,B73,Dry/Greenhouse,V13,P01,BWR,R5,S1,26.63355,15.70078,16.68858,0.099,0.726,1.034,1.432,1.273,1.69,3.38,2.546,0.258,0.239,0.964,1.174,2.738178758,995.5722606,0.995572261,1.49482556,1823.660826,1.823660826,2.737625494,995.7734619,0.995773462,indianred,Dry,Greenhouse
2019,,B73,Dry/Greenhouse,V13,P01,MWR,R1,S1,29.37453,9.79696,13.01001,0.059,0.711,1.017,1.394,1.237,1.519,3.038,2.474,0.125,0.22,0.808,1.178,2.258170627,1331.434172,1.331434172,1.106533881,2717.138256,2.717138256,2.25805594,1331.501796,1.331501796,indianred,Dry,Greenhouse
2019,,B73,Dry/Greenhouse,V13,P01,MWR,R2,S1,31.98164,9.14693,13.7842,0.615,0.981,0.983,1.337,1.134,1.46,2.92,2.268,0.123,0.151,0.479,0.519,1.672175672,1957.601803,1.957601803,0.674747014,4851.379911,4.851379911,1.492956596,2192.598312,2.192598312,indianred,Dry,Greenhouse
2019,,B73,Dry/Greenhouse,V13,P01,MWR,R3,S1,30.0239,15.95388,19.15868,0.812,0.831,1.148,1.579,1.365,1.814,3.628,2.73,0.235,0.217,0.983,0.553,3.62347374,848.1008792,0.848100879,1.747193626,1758.861307,1.758861307,3.274044702,938.6161598,0.93861616,indianred,Dry,Greenhouse
2019,,B73,Dry/Greenhouse,V13,P01,MWR,R4,S1,27.71266,10.94431,14.33107,0.68,0.907,1.018,1.312,1.183,1.472,2.944,2.366,0.16,0.165,0.565,0.503,1.914044036,1481.944076,1.481944076,0.826950157,3430.081241,3.430081241,1.690056472,1678.349965,1.678349965,indianred,Dry,Greenhouse
2019,,B73,Dry/Greenhouse,V13,P01,MWR,R5,S1,31.91387,12.85667,14.36216,0.575,0.861,1.153,1.424,1.312,1.663,3.326,2.624,0.239,0.159,0.802,0.737,2.949739309,1107.391951,1.107391951,1.23543549,2644.021153,2.644021153,2.821182061,1157.854225,1.157854225,indianred,Dry,Greenhouse
2019,,B73,Dry/Greenhouse,V13,P01,TWR,R1,S1,13.06169,7.21187,7.25151,0.054,0.311,0.339,1.018,0.506,1.181,2.362,1.012,0.163,0.167,0.87,0.452,0.120168691,11125.3471,11.1253471,0.089020218,15018.14331,15.01814331,0.120130229,11128.90909,11.12890909,indianred,Dry,Greenhouse
2019,,B73,Dry/Greenhouse,V13,P01,TWR,R2,S1,9.51455,7.96492,7.97044,0.178,0.651,0.371,0.842,0.512,0.931,1.862,1.024,0.089,0.141,0.28,0.334,0.098140766,9923.030682,9.923030682,0.064371339,15128.68704,15.12868704,0.095257194,10223.41512,10.22341512,indianred,Dry,Greenhouse
2019,,B73,Dry/Greenhouse,V13,P01,TWR,R3,S1,6.36676,3.24704,3.34144,0.149,0.746,0.358,0.607,0.523,0.867,1.734,1.046,0.26,0.165,0.121,0.374,0.097412356,6689.751112,6.689751112,0.075538384,8626.930884,8.626930884,0.095474205,6825.554756,6.825554756,indianred,Dry,Greenhouse
2019,,B73,Dry/Greenhouse,V13,P01,TWR,R4,S1,15.60869,1.24654,1.25267,0.54,0.96,0.411,0.855,0.664,1.014,2.028,1.328,0.159,0.253,0.054,0.124,0.233148204,6852.35584,6.85235584,0.186527217,8565.047402,8.565047402,0.114423145,13962.33652,13.96233652,indianred,Dry,Greenhouse
2019,,B73,Dry/Greenhouse,V13,P01,TWR,R5,S1,15.60869,0.70576,1.25267,0.062,1.105,0.321,1.253,0.478,1.38,2.76,0.956,0.127,0.157,0.275,0.416,0.118373001,13496.44299,13.49644299,0.085822622,18615.30704,18.61530704,0.118166164,13520.06699,13.52006699,indianred,Dry,Greenhouse
2019,,B73,Dry/Greenhouse,V13,P02,BWR,R1,S1,37.88143,12.81782,19.51423,0.533,0.827,1.114,1.34,1.321,1.557,3.114,2.642,0.217,0.207,0.73,0.788,2.818947235,1375.450435,1.375450435,1.36398992,2842.632591,2.842632591,2.720596634,1425.17349,1.42517349,indianred,Dry,Greenhouse
2019,,B73,Dry/Greenhouse,V13,P02,BWR,R2,S1,69.43029,29.00129,30.97797,0.589,1.016,1.096,1.414,1.82,1.592,3.184,3.64,0.178,0.724,0.576,1.231,7.537843366,942.7735665,0.942773567,6.075763983,1169.643767,1.169643767,7.374790111,963.6178613,0.963617861,indianred,Dry,Greenhouse
2019,,B73,Dry/Greenhouse,V13,P02,BWR,R3,S1,54.83234,17.77874,31.52803,0.648,0.829,0.955,1.472,1.274,1.771,3.542,2.548,0.299,0.319,0.942,0.626,2.876184401,1951.3069,1.9513069,1.869234633,3002.468694,3.002468694,2.699022868,2079.389002,2.079389002,indianred,Dry,Greenhouse
2019,,B73,Dry/Greenhouse,V13,P02,BWR,R5,S1,32.60595,12.16451,18.72814,0.513,0.96,0.915,1.234,1.17,1.439,2.878,2.34,0.205,0.255,0.479,0.657,1.810123725,1843.716424,1.843716424,1.067671824,3125.824589,3.125824589,1.708331827,1953.575288,1.953575288,indianred,Dry,Greenhouse
2019,,B73,Dry/Greenhouse,V13,P02,MWR,R1,S1,12.31232,1.49265,10.95845,0.079,0.785,1.017,1.572,1.395,1.891,3.782,2.79,0.319,0.378,1.106,1.316,4.031846906,312.5657503,0.31256575,2.733157547,461.0847459,0.461084746,4.031542929,312.5893177,0.312589318,indianred,Dry,Greenhouse
2019,,B73,Dry/Greenhouse,V13,P03,MWR,R1,S1,41.63637,11.77439,18.1653,0.334,0.646,1.007,1.659,1.23,1.926,3.852,2.46,0.267,0.223,1.28,0.896,2.814890455,1513.968668,1.513968668,1.484360431,2871.038505,2.871038505,2.795986103,1524.204984,1.524204984,indianred,Dry,Greenhouse
2019,,B73,Dry/Greenhouse,V13,P03,MWR,R2,S1,34.46125,6.27107,18.60769,0.652,1.149,1.061,1.69,1.286,1.91,3.82,2.572,0.22,0.225,0.761,0.634,3.190407477,1105.580573,1.105580573,1.605066308,2197.574336,2.197574336,2.940285013,1199.629461,1.199629461,indianred,Dry,Greenhouse
2019,,B73,Dry/Greenhouse,V13,P03,MWR,R5,S1,30.47268,22.04696,22.27149,0.576,1.029,0.979,1.978,1.303,2.326,4.652,2.606,0.348,0.324,1.297,0.727,4.041409322,771.7619075,0.771761908,2.583722445,1207.175242,1.207175242,3.88696473,802.4270824,0.802427082,indianred,Dry,Greenhouse
2019,,B73,Dry/Greenhouse,V13,P03,TWR,R1,S1,17.59421,12.10501,12.15414,0.639,0.984,0.815,1.31,1.062,1.607,3.214,2.124,0.297,0.247,0.623,0.423,1.511747672,1191.231008,1.191231008,0.95477485,1886.141745,1.886141745,1.310102627,1374.579873,1.374579873,indianred,Dry,Greenhouse
2019,,B73,Dry/Greenhouse,V13,P03,TWR,R2,S1,13.03556,9.05759,9.79671,0.472,0.652,0.594,1.015,0.862,1.392,2.784,1.724,0.377,0.268,0.74,0.39,0.700246447,1905.39186,1.90539186,0.53316999,2502.473707,2.502473707,0.646399204,2064.117456,2.064117456,indianred,Dry,Greenhouse
2019,,B73,Dry/Greenhouse,V13,P03,TWR,R3,S1,16.16494,13.6078,14.15056,0.816,1.097,0.959,1.279,1.18,1.567,3.134,2.36,0.288,0.221,0.47,0.364,2.022110572,818.2287289,0.818228729,1.136146221,1456.281711,1.456281711,1.553980021,1064.717011,1.064717011,indianred,Dry,Greenhouse
2019,,B73,Dry/Greenhouse,V13,P04,MWR,R1,S1,14.30111,7.62954,7.67166,0.216,0.604,0.227,1.027,0.364,1.153,2.306,0.728,0.126,0.137,0.549,0.148,0.043674037,33515.9809,33.5159809,0.034239124,42751.62487,42.75162487,0.038893375,37635.6694,37.6356694,indianred,Dry,Greenhouse
2019,,B73,Dry/Greenhouse,V13,P04,MWR,R4,S1,11.03155,7.34763,7.35439,0.105,0.726,0.518,0.883,0.716,1.058,2.116,1.432,0.175,0.198,0.332,0.611,0.305010378,3701.923574,3.701923574,0.208618628,5412.388717,5.412388717,0.304350301,3709.952327,3.709952327,indianred,Dry,Greenhouse
2019,,B73,Dry/Greenhouse,V13,P04,MWR,R5,S1,6.77119,3.3467,3.35252,0.188,0.566,0.279,0.626,0.555,0.785,1.57,1.11,0.159,0.276,0.219,0.367,0.105399485,6575.54932,6.57554932,0.094721807,7316.789396,7.316789396,0.102445693,6765.140529,6.765140529,indianred,Dry,Greenhouse
2019,,B73,Dry/Greenhouse,V13,P04,TWR,R1,S1,8.81187,3.34622,4.66722,0.12,0.555,0.279,0.867,0.473,1.005,2.01,0.946,0.138,0.194,0.45,0.353,0.083529401,10797.77424,10.79777424,0.068740987,13120.72534,13.12072534,0.082776172,10896.02943,10.89602943,indianred,Dry,Greenhouse
2019,,B73,Dry/Greenhouse,V13,P05,BWR,R1,S1,18.24607,9.43492,10.23632,0.368,0.729,0.693,1.167,0.873,1.356,2.712,1.746,0.189,0.18,0.627,0.505,0.708585567,2635.618586,2.635618586,0.403543004,4627.911453,4.627911453,0.680051685,2746.204931,2.746204931,indianred,Dry,Greenhouse
2019,,B73,Dry/Greenhouse,V13,P05,BWR,R3,S1,17.07333,5.25371,6.76002,0.435,0.589,0.787,1.102,0.978,1.279,2.558,1.956,0.177,0.191,0.69,0.543,0.939673523,1859.716615,1.859716615,0.51778698,3374.991127,3.374991127,0.901595627,1938.259694,1.938259694,indianred,Dry,Greenhouse
2019,,B73,Dry/Greenhouse,V13,P05,MWR,R1,S1,23.21968,9.86007,14.55525,0.46,1.01,0.88,1.301,1.116,1.472,2.944,2.232,0.171,0.236,0.462,0.656,1.60690527,1479.011265,1.479011265,0.910575129,2610.032847,2.610032847,1.52969328,1553.665057,1.553665057,indianred,Dry,Greenhouse
2019,,B73,Dry/Greenhouse,V13,P05,MWR,R3,S1,32.15792,13.80904,15.36241,0.535,1.082,0.98,1.456,1.19,1.668,3.336,2.38,0.212,0.21,0.586,0.655,2.207632667,1490.962311,1.490962311,1.131342225,2909.373512,2.909373512,2.07750235,1584.353011,1.584353011,indianred,Dry,Greenhouse
2019,,B73,Dry/Greenhouse,V13,P05,TWR,R2,S1,10.66654,5.28457,5.73516,0.165,0.702,0.372,0.991,0.454,1.176,2.352,0.908,0.185,0.082,0.474,0.289,0.086430049,12631.77355,12.63177355,0.046362539,23548.42569,23.54842569,0.083953319,13004.42712,13.00442712,indianred,Dry,Greenhouse
2019,,B73,Dry/Greenhouse,V13,P05,TWR,R4,S1,7.00095,4.05557,4.11456,0.077,0.613,0.511,0.911,0.64,1.095,2.19,1.28,0.184,0.129,0.482,0.563,0.225446721,3178.473393,3.178473393,0.129975833,5513.151055,5.513151055,0.225226923,3181.575243,3.181575243,indianred,Dry,Greenhouse
2019,,B73,Dry/Greenhouse,V13,P05,TWR,R5,S1,10.15367,4.90455,6.03538,0.145,0.574,0.186,0.906,0.395,1.038,2.076,0.79,0.132,0.209,0.464,0.25,0.050243342,20684.7392,20.6847392,0.045664487,22758.83292,22.75883292,0.048868966,21266.47083,21.26647083,indianred,Dry,Greenhouse
2019,,B73,Dry/Greenhouse,V14,P06,BWR,R3,S1,12.49943,7.67567,7.80353,0.32,0.755,0.684,1.339,0.969,1.53,3.06,1.938,0.191,0.285,0.775,0.649,1.09333347,1170.15419,1.17015419,0.756791864,1690.515983,1.690515983,1.073902845,1191.326336,1.191326336,indianred,Dry,Greenhouse
2019,,B73,Dry/Greenhouse,V14,P06,BWR,R5,S1,29.61101,21.48403,21.49848,0.36,1.289,1.231,1.835,1.482,2.116,4.232,2.964,0.281,0.251,0.827,1.122,5.40941319,560.2844793,0.560284479,2.720974674,1113.869336,1.113869336,5.362179671,565.2198245,0.565219824,indianred,Dry,Greenhouse
2019,,B73,Dry/Greenhouse,V14,P06,BWR,R6,S1,19.38325,2.43682,15.24441,0.7,1.03,1.146,1.578,1.291,1.909,3.818,2.582,0.331,0.145,0.879,0.591,3.226075571,614.9751788,0.614975179,1.360766797,1457.969437,1.457969437,2.948602254,672.8463964,0.672846396,indianred,Dry,Greenhouse
2019,,B73,Dry/Greenhouse,V14,P06,TWR,R1,S1,23.40239,17.56772,17.57174,0.06,1.056,0.511,1.674,0.782,1.919,3.838,1.564,0.245,0.271,0.863,0.722,0.72075077,3323.38476,3.32338476,0.545319085,4392.533091,4.392533091,0.720571624,3324.21101,3.32421101,indianred,Dry,Greenhouse
2019,,B73,Dry/Greenhouse,V14,P07,BWR,R1,S1,19.47213,5.77861,54.46378,0.333,0.633,0.644,1.275,0.853,1.473,2.946,1.706,0.198,0.209,0.84,0.52,0.718025258,2775.743077,2.775743077,0.45056598,4423.444576,4.423444576,0.699667219,2848.573701,2.848573701,indianred,Dry,Greenhouse
2019,,B73,Dry/Greenhouse,V14,P07,BWR,R3,S1,29.4307,10.46184,14.40584,0.323,0.638,0.72,1.181,0.897,1.385,2.77,1.794,0.204,0.177,0.747,0.574,0.78508555,3836.976459,3.836976459,0.438877415,6863.772593,6.863772593,0.768199887,3921.316347,3.921316347,indianred,Dry,Greenhouse
2019,,B73,Dry/Greenhouse,V14,P07,MWR,R1,S1,22.47067,9.56717,14.92535,0.884,1.243,1.15,1.517,1.417,1.836,3.672,2.834,0.319,0.267,0.593,0.533,4.102722177,560.5952836,0.560595284,2.290677158,1004.05537,1.00405537,3.428321799,670.8724668,0.670872467,indianred,Dry,Greenhouse
2019,,B73,Dry/Greenhouse,V14,P07,MWR,R2,S1,17.71079,8.79556,10.23706,0.41,1.173,0.648,1.451,0.985,1.692,3.384,1.97,0.241,0.337,0.519,0.575,1.269985995,1427.396175,1.427396175,0.959899886,1888.50231,1.88850231,1.206491004,1502.516924,1.502516924,indianred,Dry,Greenhouse
2019,,B73,Dry/Greenhouse,V14,P07,MWR,R3,S1,30.97661,9.54783,11.63588,0.51,1.222,0.812,1.416,1.033,1.627,3.254,2.066,0.211,0.221,0.405,0.523,1.408569885,2250.924954,2.250924954,0.813152895,3899.125394,3.899125394,1.281257218,2474.589067,2.474589067,indianred,Dry,Greenhouse
2019,,B73,Dry/Greenhouse,V14,P07,MWR,R5,S1,22.24442,7.75938,10.89576,0.497,0.811,0.712,1.047,1.009,1.266,2.532,2.018,0.219,0.297,0.455,0.512,1.021402898,2229.099875,2.229099875,0.724594255,3142.184826,3.142184826,0.943207733,2413.899921,2.413899921,indianred,Dry,Greenhouse
2019,,B73,Dry/Greenhouse,V14,P07,TWR,R1,S1,14.68782,11.77335,12.20209,0.085,1.14,0.445,1.621,0.604,1.897,3.794,1.208,0.276,0.159,0.757,0.519,0.328297842,4579.255126,4.579255126,0.216108157,6956.514726,6.956514726,0.327747983,4586.937692,4.586937692,indianred,Dry,Greenhouse
2019,,B73,Dry/Greenhouse,V14,P07,TWR,R2,S1,17.76201,8.82325,9.07952,0.225,1.087,0.548,1.419,0.681,1.622,3.244,1.362,0.203,0.133,0.535,0.456,0.402329676,4518.721443,4.518721443,0.218923501,8304.342489,8.304342489,0.392605182,4630.646293,4.630646293,indianred,Dry,Greenhouse
2019,,B73,Dry/Greenhouse,V14,P07,TWR,R3,S1,10.73043,10.85946,11.24538,0.102,1.247,0.178,1.442,0.375,1.636,3.272,0.75,0.194,0.197,0.389,0.273,0.067758999,16208.97934,16.20897934,0.061371731,17895.93024,17.89593024,0.066719661,16461.47777,16.46147777,indianred,Dry,Greenhouse
2019,,B73,Dry/Greenhouse,V14,P07,TWR,R4,S1,11.96926,7.935,9.08963,0.375,1.216,0.49,1.476,0.64,1.616,3.232,1.28,0.14,0.15,0.4,0.265,0.332714064,3682.151624,3.682151624,0.196329733,6240.031062,6.240031062,0.282350407,4338.947639,4.338947639,indianred,Dry,Greenhouse
2019,,B73,Dry/Greenhouse,V14,P08,BWR,R2,S1,25.49971,10.45739,14.17648,1.024,1.288,1.194,1.226,1.39,1.518,3.036,2.78,0.292,0.196,0.23,0.366,3.201887389,815.1447099,0.81514471,1.562833126,1670.044949,1.670044949,2.115697854,1233.63625,1.23363625,indianred,Dry,Greenhouse
2019,,B73,Dry/Greenhouse,V14,P08,BWR,R4,S1,16.97394,4.9926,6.72583,0.325,0.613,0.644,0.95,0.825,1.106,2.212,1.65,0.156,0.181,0.493,0.5,0.487760755,3561.896825,3.561896825,0.288477371,6022.49486,6.02249486,0.471233511,3686.820747,3.686820747,indianred,Dry,Greenhouse
2019,,B73,Dry/Greenhouse,V14,P08,BWR,R5,S1,26.28915,7.75219,14.12777,0.811,1.655,0.926,1.672,1.112,1.863,3.726,2.224,0.191,0.186,0.208,0.301,2.011949603,1337.411253,1.337411253,0.969250225,2776.170663,2.776170663,1.31860292,2040.647718,2.040647718,indianred,Dry,Greenhouse
2019,,B73,Dry/Greenhouse,V14,P08,MWR,R1,S1,20.76358,0.95747,13.44798,0.611,1.158,0.784,1.707,1.012,1.924,3.848,2.024,0.217,0.228,0.766,0.401,1.566161294,1356.973216,1.356973216,0.920103172,2309.783286,2.309783286,1.35870717,1564.162591,1.564162591,indianred,Dry,Greenhouse
2019,,B73,Dry/Greenhouse,V14,P08,MWR,R2,S1,34.88897,13.53454,13.94309,0.561,1.327,0.682,1.592,0.932,1.831,3.662,1.864,0.239,0.25,0.504,0.371,1.164195625,3067.380924,3.067380924,0.76756516,4652.414722,4.652414722,0.980182251,3643.232111,3.643232111,indianred,Dry,Greenhouse
2019,,B73,Dry/Greenhouse,V14,P08,MWR,R4,S1,19.05864,11.43631,11.84102,0.678,1.267,0.843,1.575,1.173,1.83,3.66,2.346,0.255,0.33,0.563,0.495,2.319717012,840.9349955,0.840934996,1.578657368,1235.690058,1.235690058,2.009578586,970.7165613,0.970716561,indianred,Dry,Greenhouse
2019,,B73,Dry/Greenhouse,V14,P08,TWR,R4,S1,4.52081,3.05936,3.06058,0.189,0.262,0.284,0.553,0.46,0.742,1.484,0.92,0.189,0.176,0.48,0.271,0.056724057,8157.451493,8.157451493,0.046775272,9892.486382,9.892486382,0.055334819,8362.252738,8.362252738,indianred,Dry,Greenhouse
2019,,B73,Dry/Greenhouse,V15,P09,BWR,R1,S1,41.32757,16.75379,17.04961,0.745,1.276,1.04,1.393,1.337,1.686,3.372,2.674,0.293,0.297,0.41,0.592,3.164766505,1336.606976,1.336606976,1.9340982,2187.091115,2.187091115,2.750376402,1537.989122,1.537989122,indianred,Dry,Greenhouse
2019,,B73,Dry/Greenhouse,V15,P09,BWR,R2,S1,54.4344,14.38843,22.95143,0.877,1.082,1.135,1.035,1.577,1.339,2.678,3.154,0.304,0.442,0.257,0.7,4.124445207,1350.869601,1.350869601,2.935894223,1897.748088,1.897748088,3.551232351,1568.916675,1.568916675,indianred,Dry,Greenhouse
2019,,B73,Dry/Greenhouse,V15,P09,BWR,R4,S1,31.83194,16.4789,18.36001,0.722,1.227,0.993,1.412,1.413,1.712,3.424,2.826,0.3,0.42,0.485,0.691,3.793325646,858.911677,0.858911677,2.707469426,1203.386329,1.203386329,3.430626915,949.7190377,0.949719038,indianred,Dry,Greenhouse
2019,,B73,Dry/Greenhouse,V15,P09,MWR,R1,S1,26.22488,22.14264,22.97853,0.308,1.19,0.812,1.365,0.993,1.671,3.342,1.986,0.306,0.181,0.481,0.685,1.285032397,2088.838962,2.088838962,0.711060511,3774.961058,3.774961058,1.257724453,2134.192216,2.134192216,indianred,Dry,Greenhouse
2019,,B73,Dry/Greenhouse,V15,P09,MWR,R5,S1,22.30948,1.20741,1.35754,0.643,0.809,0.647,0.893,1.19,1.253,2.506,2.38,0.36,0.543,0.444,0.547,1.658371542,1376.934044,1.376934044,1.468415032,1555.056428,1.555056428,1.489455335,1533.089433,1.533089433,indianred,Dry,Greenhouse
2019,,B73,Dry/Greenhouse,V15,P10,BWR,R1,S1,15.218,14.95525,14.96143,0.197,0.84,0.581,1.002,0.734,1.274,2.548,1.468,0.272,0.153,0.434,0.537,0.395683089,3936.548599,3.936548599,0.241340422,6454.060603,6.454060603,0.390639173,3987.377143,3.987377143,indianred,Dry,Greenhouse
2019,,B73,Dry/Greenhouse,V15,P10,BWR,R2,S1,27.64278,15.88305,16.60688,1.013,1.059,1.216,1.164,1.633,1.521,3.042,3.266,0.357,0.417,0.462,0.62,5.202087462,543.8881472,0.543888147,3.558307861,795.1402244,0.795140224,4.337489559,652.3021376,0.652302138,indianred,Dry,Greenhouse
2019,,B73,Dry/Greenhouse,V15,P10,BWR,R4,S1,8.9269,6.95305,7.55258,0.323,0.56,0.479,0.649,0.67,0.978,1.956,1.34,0.329,0.191,0.418,0.347,0.231021896,3955.059781,3.955059781,0.175002152,5221.109556,5.221109556,0.216200624,4226.192285,4.226192285,indianred,Dry,Greenhouse
2019,,B73,Dry/Greenhouse,V15,P10,BWR,R6,S1,28.56306,12.4295,14.87257,0.401,1.18,0.632,1.311,1.042,1.718,3.436,2.084,0.407,0.41,0.538,0.641,1.526568152,1915.111487,1.915111487,1.266645693,2308.10259,2.30810259,1.46680892,1993.135004,1.993135004,indianred,Dry,Greenhouse
2019,,B73,Dry/Greenhouse,V15,P10,TWR,R2,S1,6.0383,4.35531,4.37456,0.06,0.855,0.102,0.587,0.407,1.201,2.402,0.814,0.614,0.305,0.346,0.347,0.063593996,9718.608701,9.718608701,0.063104749,9793.956497,9.793956497,0.063448949,9740.825905,9.740825905,indianred,Dry,Greenhouse
2019,,B73,Dry/Greenhouse,V15,P11,BWR,R1,S1,41.50543,15.53381,24.52053,0.592,1.271,1.004,1.788,1.342,2.359,4.718,2.684,0.571,0.338,1.088,0.75,4.477910094,948.7134869,0.948713487,3.056699179,1389.817398,1.389817398,4.270800341,994.7207457,0.994720746,indianred,Dry,Greenhouse
2019,,B73,Dry/Greenhouse,V15,P11,BWR,R2,S1,42.05796,24.44131,29.88986,0.444,1.433,1.381,2.001,1.968,2.726,5.452,3.936,0.725,0.587,1.293,1.524,16.31890504,263.7926649,0.263792665,12.17968984,353.4414672,0.353441467,16.22039398,265.3947526,0.265394753,indianred,Dry,Greenhouse
2019,,B73,Dry/Greenhouse,V15,P11,BWR,R3,S1,36.06018,18.64006,21.92649,0.226,1.583,0.998,1.929,1.368,2.402,4.804,2.736,0.473,0.37,0.819,1.142,4.82971136,764.2091626,0.764209163,3.323750333,1110.465379,1.110465379,4.815359899,766.4867739,0.766486774,indianred,Dry,Greenhouse
2019,,B73,Dry/Greenhouse,V15,P11,BWR,R4,S1,44.75933,16.32006,22.99552,0.786,1.221,1.389,1.759,1.853,2.257,4.514,3.706,0.498,0.464,1.036,1.067,11.27840533,406.2013901,0.40620139,7.576183321,604.6981347,0.604698135,10.81274077,423.6949742,0.423694974,indianred,Dry,Greenhouse
2019,,B73,Dry/Greenhouse,V15,P11,BWR,R5,S1,40.79404,10.79061,14.23716,0.468,0.841,0.768,1.227,1.195,1.531,3.062,2.39,0.304,0.427,0.69,0.727,2.051959515,2034.854947,2.034854947,1.615425486,2584.730776,2.584730776,1.984254095,2104.286936,2.104286936,indianred,Dry,Greenhouse
2019,,B73,Dry/Greenhouse,V15,P11,BWR,R6,S1,44.87147,14.43168,16.16557,0.176,1.279,0.877,1.816,1.361,2.199,4.398,2.722,0.383,0.484,0.92,1.185,4.354010643,1054.839387,1.054839387,3.391945443,1354.025882,1.354025882,4.348534202,1056.167827,1.056167827,indianred,Dry,Greenhouse
2019,,B73,Dry/Greenhouse,V15,P11,MWR,R1,S1,28.56217,11.27934,14.4473,0.506,1.113,0.788,1.609,1.189,2.035,4.07,2.378,0.426,0.401,0.922,0.683,2.686580504,1088.170298,1.088170298,2.068244439,1413.496903,1.413496903,2.573330925,1136.059525,1.136059525,indianred,Dry,Greenhouse
2019,,B73,Dry/Greenhouse,V15,P11,MWR,R2,S1,22.79429,12.71712,16.18299,0.687,1.397,1.242,2.002,1.63,2.345,4.69,3.26,0.343,0.388,0.948,0.943,7.976190935,292.5068591,0.292506859,4.963748602,470.025931,0.470025931,7.620431441,306.1625284,0.306162528,indianred,Dry,Greenhouse
2019,,B73,Dry/Greenhouse,V15,P11,MWR,R3,S1,25.28276,13.55878,15.03893,0.098,1.171,0.423,1.694,0.866,2.225,4.45,1.732,0.531,0.443,1.054,0.768,1.134941751,2280.113343,2.280113343,1.034242929,2502.116048,2.502116048,1.134076136,2281.853704,2.281853704,indianred,Dry,Greenhouse
2019,,B73,Dry/Greenhouse,V15,P11,MWR,R4,S1,33.88759,11.57692,13.12423,0.384,1.118,0.895,1.358,1.174,1.781,3.562,2.348,0.423,0.279,0.663,0.79,2.263383219,1532.456372,1.532456372,1.498740148,2314.301141,2.314301141,2.213663878,1566.875653,1.566875653,indianred,Dry,Greenhouse
2019,,B73,Dry/Greenhouse,V15,P11,MWR,R5,S1,28.08228,18.86541,19.92617,0.641,1.353,1.122,1.712,1.459,2.084,4.168,2.918,0.372,0.337,0.731,0.818,5.083390485,565.4372561,0.565437256,3.184183878,902.6923312,0.902692331,4.803516993,598.3820546,0.598382055,indianred,Dry,Greenhouse
2019,,B73,Dry/Greenhouse,V15,P11,MWR,R6,S1,37.13027,15.10269,23.16617,0.199,1.497,1.228,1.83,1.822,2.405,4.81,3.644,0.575,0.594,0.908,1.623,11.42483877,332.6469563,0.332646956,8.763279933,433.6775583,0.433677558,11.41557323,332.916952,0.332916952,indianred,Dry,Greenhouse
2019,,B73,Dry/Greenhouse,V15,P11,TWR,R2,S1,13.00509,7.14194,8.02781,0.198,0.43,0.171,0.778,0.515,1.123,2.246,1.03,0.345,0.344,0.693,0.317,0.120473444,11049.11679,11.04911679,0.117418116,11336.62501,11.33662501,0.117851919,11294.89581,11.29489581,indianred,Dry,Greenhouse
2019,,B73,Dry/Greenhouse,V15,P12,MWR,R3,S1,28.1241,23.11265,23.34749,0.638,1.365,0.728,1.435,1.06,1.711,3.422,2.12,0.276,0.332,0.346,0.422,1.600506664,1798.567219,1.798567219,1.165660222,2469.517929,2.469517929,1.322096831,2177.313152,2.177313152,indianred,Dry,Greenhouse
2019,,B73,Dry/Greenhouse,V15,P12,MWR,R5,S1,8.08306,10.12149,10.13191,0.321,0.825,0.407,0.983,0.63,1.216,2.432,1.26,0.233,0.223,0.391,0.309,0.238805929,3464.46537,3.46446537,0.186755222,4430.049449,4.430049449,0.217374115,3806.041352,3.806041352,indianred,Dry,Greenhouse
2019,,B73,Dry/Greenhouse,V15,P12,MWR,R6,S1,6.47075,8.75535,9.43009,0.279,0.844,0.439,1.127,0.667,1.444,2.888,1.334,0.317,0.228,0.6,0.388,0.336538362,1968.002163,1.968002163,0.261651202,2531.263828,2.531263828,0.322142259,2055.949523,2.055949523,indianred,Dry,Greenhouse
2019,,B73,Dry/Greenhouse,V15,P12,TWR,R2,S1,11.44304,6.01757,7.20027,0.108,0.9,0.217,1.252,0.409,1.54,3.08,0.818,0.288,0.192,0.64,0.301,0.082752386,14153.58367,14.15358367,0.07270453,16109.62648,16.10962648,0.081861948,14307.53661,14.30753661,indianred,Dry,Greenhouse
2019,,B73,Dry/Greenhouse,V15,P12,TWR,R4,S1,11.37152,5.56376,6.3754,0.18,0.983,0.355,1.322,0.489,1.62,3.24,0.978,0.298,0.134,0.637,0.309,0.148775519,7823.34663,7.82334663,0.102323307,11374.94952,11.37494952,0.144272944,8067.5033,8.0675033,indianred,Dry,Greenhouse
2019,,B73,Dry/Greenhouse,V15,P12,TWR,R5,S1,11.85018,7.75667,7.76266,0.063,1.089,0.176,1.219,0.308,1.25,2.5,0.616,0.031,0.132,0.161,0.245,0.028684814,42284.23035,42.28423035,0.023465282,51689.78132,51.68978132,0.02847095,42601.85624,42.60185624,indianred,Dry,Greenhouse
2019,,B73,Dry/Greenhouse,V15,P13,BWR,R1,S1,24.63602,7.89696,9.54385,0.435,0.549,0.668,0.894,0.833,1.143,2.286,1.666,0.249,0.165,0.594,0.398,0.518885,4859.649631,4.859649631,0.309590995,8144.93747,8.14493747,0.483393039,5216.457614,5.216457614,indianred,Dry,Greenhouse
2019,,B73,Dry/Greenhouse,V15,P13,BWR,R2,S1,36.12469,12.80261,13.17527,0.61,1.016,0.851,1.318,1.043,1.521,3.042,2.086,0.203,0.192,0.505,0.433,1.355414167,2727.95772,2.72795772,0.7174534,5153.662305,5.153662305,1.174291379,3148.718117,3.148718117,indianred,Dry,Greenhouse
2019,,B73,Dry/Greenhouse,V15,P13,MWR,R3,S1,26.17431,14.02441,15.70973,0.872,0.999,1.36,1.561,1.602,1.901,3.802,3.204,0.34,0.242,0.902,0.73,6.13846146,436.4366716,0.436436672,3.05449597,877.0840474,0.877084047,5.618220162,476.8502499,0.47685025,indianred,Dry,Greenhouse
2019,,B73,Dry/Greenhouse,V15,P13,MWR,R6,S1,36.70751,8.34074,22.74114,0.508,1.121,0.846,1.387,1.224,1.696,3.392,2.448,0.309,0.378,0.575,0.716,2.442642913,1538.156304,1.538156304,1.783047797,2107.159776,2.107159776,2.327221436,1614.443103,1.614443103,indianred,Dry,Greenhouse
2019,1311,B73,Senesced/Field,,P02,BWR,R1,,119.05163,13.13229,15.86088,0.045,0.048,1.899,2.088,2.258,2.383,4.766,4.516,0.295,0.359,2.335,2.213,21.54694666,565.5293334,0.565529333,10.3165455,1181.154136,1.181154136,21.54694322,565.5294235,0.565529424,palegreen4,Dry,Field
2019,1311,B73,Senesced/Field,,P02,MWR,R1,,44.88906,2.69179,4.02759,0.022,0.042,0.824,1.435,1.052,1.719,3.438,2.104,0.284,0.228,1.677,1.03,1.571856797,2923.028571,2.923028571,0.941301153,4881.0971,4.8810971,1.571856446,2923.029224,2.923029224,palegreen4,Dry,Field
2019,1311,B73,Senesced/Field,,P03,BWR,R1,,104.15063,14.09722,18.36753,1.176,1.728,1.952,2.27,2.369,2.632,5.264,4.738,0.362,0.417,0.904,1.193,27.48343099,387.8791896,0.38787919,14.22307515,749.5039455,0.749503945,25.27616036,421.7511991,0.421751199,palegreen4,Dry,Field
2019,1311,B73,Senesced/Field,,P04,MWR,R1,,48.57612,5.19904,6.62835,0.04,0.049,1.155,1.901,1.493,2.152,4.304,2.986,0.251,0.338,2.103,1.453,5.624858109,883.9277696,0.88392777,3.324380816,1495.60732,1.49560732,5.624855646,883.9281566,0.883928157,palegreen4,Dry,Field
2019,1311,B73,Senesced/Field,,P05,BWR,R1,,71.0019,13.90337,15.97305,0.051,0.076,2.044,2.537,2.415,2.933,5.866,4.83,0.396,0.371,2.857,2.364,32.44541621,223.9866569,0.223986657,15.42959071,471.0001996,0.4710002,32.44540829,223.9867115,0.223986712,palegreen4,Dry,Field
2019,1311,B73,Senesced/Field,,P05,BWR,R1,,58.86592,10.00445,12.38714,0.067,0.07,2.084,2.53,2.363,2.947,5.894,4.726,0.417,0.279,2.877,2.296,30.53944794,197.2914572,0.197291457,12.55473351,479.9123919,0.479912392,30.53943141,197.291564,0.197291564,palegreen4,Dry,Field
2019,1311,B73,Senesced/Field,,P07,BWR,R1,,200.76475,15.86752,17.67753,0.041,0.059,1.829,2.26,2.175,2.634,5.268,4.35,0.374,0.346,2.575,2.134,21.28547939,965.405021,0.965405021,10.42523904,1971.092327,1.971092327,21.2854762,965.4051659,0.965405166,palegreen4,Dry,Field
2019,1311,B73,Senesced/Field,,P08,MWR,R1,,90.11756,12.83599,17.42811,1.409,2.048,2.002,2.935,2.432,3.277,6.554,4.864,0.342,0.43,1.229,1.023,37.02175774,249.1482933,0.249148293,18.52523007,497.9105641,0.497910564,32.52237629,283.6172755,0.283617275,palegreen4,Dry,Field
2019,1311,B73,Senesced/Field,,P09,MWR,R1,,131.64047,14.15561,21.51961,0.042,0.062,1.695,2.323,1.982,2.583,5.166,3.964,0.26,0.287,2.521,1.94,15.79520395,853.0406222,0.853040622,6.91039285,1949.809642,1.949809642,15.79520034,853.040817,0.853040817,palegreen4,Dry,Field
2019,1311,B73,Senesced/Field,,P10,MWR,R1,,97.7377,7.23537,10.32885,0.989,1.485,1.332,2.173,1.652,2.478,4.956,3.304,0.305,0.32,0.993,0.663,8.774478464,1140.108882,1.140108882,4.741162157,2110.001832,2.110001832,7.646228807,1308.339194,1.308339194,palegreen4,Dry,Field
2019,1311,B73,Senesced/Field,,P10,BWR,R1,,183.48049,11.14468,20.75183,0.045,0.056,1.727,1.982,2.044,2.341,4.682,4.088,0.359,0.317,2.285,1.999,15.70124063,1196.08336,1.19608336,7.683157692,2444.306548,2.444306548,15.70123662,1196.083666,1.196083666,palegreen4,Dry,Field
2019,1391,B73,Senesced/Field,,P11,MWR,R1,,106.40468,7.70647,12.92906,0.054,0.074,1.313,1.957,1.653,2.186,4.372,3.306,0.229,0.34,2.112,1.599,7.754585695,1404.454445,1.404454445,4.27542182,2547.342182,2.547342182,7.754576544,1404.456103,1.404456103,palegreen4,Dry,Field
2019,1391,B73,Senesced/Field,,P11,MWR,R1,,121.25209,12.13737,16.75431,0.037,0.064,1.546,1.989,1.725,2.554,5.108,3.45,0.565,0.179,2.49,1.688,10.29622614,1205.359756,1.205359756,4.523869798,2743.371755,2.743371755,10.29622359,1205.360054,1.205360054,palegreen4,Dry,Field
2019,1391,B73,Senesced/Field,,P12,MWR,R1,,52.98596,2.86483,4.95428,0.022,0.045,1.051,1.736,1.312,1.917,3.834,2.624,0.181,0.261,1.872,1.29,3.400270748,1594.97116,1.59497116,1.817391628,2984.130496,2.984130496,3.400270372,1594.971337,1.594971337,palegreen4,Dry,Field
2019,1391,B73,Senesced/Field,,P12,BWR,R1,,63.54866,6.85154,12.47626,0.046,0.064,1.634,2.379,1.979,2.673,5.346,3.958,0.294,0.345,2.609,1.933,16.27144875,399.7474494,0.399747449,8.119893438,801.0536329,0.801053633,16.27144386,399.7475696,0.39974757,palegreen4,Dry,Field
2019,1391,B73,Senesced/Field,,P13,MWR,R1,,62.71982,4.48216,12.15839,0.062,0.064,1.863,1.965,2.118,2.261,4.522,4.236,0.296,0.255,2.197,2.056,16.87206776,380.488924,0.380488924,6.892976356,931.3298897,0.93132989,16.87205578,380.4891942,0.380489194,palegreen4,Dry,Field
2019,1391,B73,Senesced/Field,,P14,MWR,R1,,111.98519,8.8645,12.19179,0.037,0.066,1.333,2.134,1.587,2.349,4.698,3.174,0.215,0.254,2.283,1.55,7.374009256,1554.398754,1.554398754,3.404153339,3367.107666,3.367107666,7.37400663,1554.399308,1.554399308,palegreen4,Dry,Field
2019,1391,B73,Senesced/Field,,P15,BWR,R1,,117.89217,19.12243,20.79028,0.064,0.083,2.478,2.791,2.828,3.163,6.326,5.656,0.372,0.35,3.08,2.764,56.18589311,214.7648484,0.214764848,22.83145538,528.5144821,0.528514482,56.18587602,214.7649137,0.214764914,palegreen4,Dry,Field
2019,1391,B73,Senesced/Field,,P16,BWR,R1,,69.01143,5.07359,10.59183,0.042,0.062,1.483,2.295,1.794,2.533,5.066,3.588,0.238,0.311,2.471,1.752,11.48662353,614.9420143,0.614942014,5.607724183,1259.621047,1.259621047,11.48661992,614.9422074,0.614942207,palegreen4,Dry,Field
2019,1391,B73,Senesced/Field,,P17,MWR,R1,,145.33848,3.32617,9.23946,0.027,0.056,0.866,1.888,1.123,2.118,4.236,2.246,0.23,0.257,2.062,1.096,2.355890527,6314.38466,6.31438466,1.392847819,10680.27591,10.68027591,2.355889662,6314.38698,6.31438698,palegreen4,Dry,Field
2019,1311,B73,Senesced/Field,,P02,BWR,R2,,136.47077,15.68447,18.25818,0.047,0.055,2.036,2.648,2.254,2.851,5.702,4.508,0.203,0.218,2.796,2.207,25.64181921,544.7488661,0.544748866,8.089230236,1726.783826,1.726783826,25.64181472,544.7489613,0.544748961,palegreen4,Dry,Field
2019,1311,B73,Senesced/Field,,P02,MWR,R2,,110.6379,4.38035,9.24003,0.017,0.037,0.725,1.33,0.949,1.627,3.254,1.898,0.297,0.224,1.59,0.932,1.092134362,10368.91655,10.36891655,0.694067943,16315.76587,16.31576587,1.092134219,10368.9179,10.3689179,palegreen4,Dry,Field
2019,1311,B73,Senesced/Field,,P03,BWR,R2,,142.63594,10.07047,17.5408,1.506,1.6,1.84,2.501,2.131,3.002,6.004,4.262,0.501,0.291,1.402,0.625,22.81659945,639.8579598,0.63985796,10.58010431,1379.890249,1.379890249,18.52435172,788.118418,0.788118418,palegreen4,Dry,Field
2019,1311,B73,Senesced/Field,,P04,MWR,R2,,47.85804,3.03915,5.83711,0.024,0.043,1.214,1.714,1.461,1.991,3.982,2.922,0.277,0.247,1.948,1.437,4.876539981,1004.497004,1.004497004,2.467983921,1984.806206,1.984806206,4.876539514,1004.497101,1.004497101,palegreen4,Dry,Field
2019,1311,B73,Senesced/Field,,P05,MWR,R2,,109.45941,3.5587,6.78997,0.019,0.027,0.898,1.409,1.097,1.635,3.27,2.194,0.226,0.199,1.608,1.078,1.695225674,6608.92934,6.60892934,0.893861571,12533.9617,12.5339617,1.695225529,6608.929907,6.608929907,palegreen4,Dry,Field
2019,1311,B73,Senesced/Field,,P07,BWR,R2,,102.17156,20.11208,21.12525,0.061,0.064,2.57,2.83,2.845,3.129,6.258,5.69,0.299,0.275,3.065,2.784,56.59033394,184.7963098,0.18479631,18.86129985,554.4519713,0.554451971,56.59032253,184.796347,0.184796347,palegreen4,Dry,Field
2019,1311,B73,Senesced/Field,,P09,MWR,R2,,88.35858,8.75899,11.4446,0.048,0.061,1.623,2.418,1.945,2.695,5.39,3.89,0.277,0.322,2.634,1.897,15.57426169,580.6932618,0.580693262,7.455276726,1213.082915,1.213082915,15.5742564,580.6934594,0.580693459,palegreen4,Dry,Field
2019,1311,B73,Senesced/Field,,P10,MWR,R2,,95.2693,7.67513,12.39336,1.253,1.476,1.457,2.007,1.967,2.277,4.554,3.934,0.27,0.51,0.801,0.714,13.61024653,716.4609247,0.716460925,8.734783028,1116.36543,1.11636543,11.32974981,860.6730049,0.860673005,palegreen4,Dry,Field
2019,1311,B73,Senesced/Field,,P10,BWR,R2,,246.35948,14.72068,21.91976,0.031,0.033,1.201,1.82,1.446,2.046,4.092,2.892,0.226,0.245,2.013,1.415,4.858479668,5190.084347,5.190084347,2.382253598,10584.90133,10.58490133,4.858478896,5190.085172,5.190085172,palegreen4,Dry,Field
2019,1391,B73,Senesced/Field,,P11,MWR,R2,,136.57832,5.87622,12.36328,0.029,0.059,1.079,1.793,1.256,2.058,4.116,2.512,0.265,0.177,1.999,1.227,3.202610845,4364.988693,4.364988693,1.433583668,9751.338859,9.751338859,3.202609715,4364.990234,4.364990234,palegreen4,Dry,Field
2019,1391,B73,Senesced/Field,,P11,MWR,R2,,111.18099,8.58762,16.09961,0.034,0.067,1.122,2.151,1.55,2.417,4.834,3.1,0.266,0.428,2.35,1.516,7.069059324,1609.80932,1.60980932,4.682848219,2430.110277,2.430110277,7.069057255,1609.809791,1.609809791,palegreen4,Dry,Field
2019,1391,B73,Senesced/Field,,P12,MWR,R2,,43.1464,3.62714,5.92926,0.027,0.05,0.772,1.869,1.028,2.176,4.352,2.056,0.307,0.256,2.126,1.001,1.856641768,2378.603074,2.378603074,1.181257277,3738.570676,3.738570676,1.856640995,2378.604064,2.378604064,palegreen4,Dry,Field
2019,1391,B73,Senesced/Field,,P12,BWR,R2,,57.36053,5.33845,10.31018,0.042,0.073,1.505,2.389,1.776,2.743,5.486,3.552,0.354,0.271,2.67,1.734,12.06825764,486.4902143,0.486490214,5.672153435,1035.072361,1.035072361,12.0682534,486.4903856,0.486490386,palegreen4,Dry,Field
2019,1391,B73,Senesced/Field,,P13,MWR,R2,,62.7241,5.70269,6.73675,0.059,0.081,1.667,2.341,2.028,2.621,5.242,4.056,0.28,0.361,2.54,1.969,17.1696228,373.9204442,0.373920444,8.652398305,741.9992422,0.741999242,17.16960974,373.9207288,0.373920729,palegreen4,Dry,Field
2019,1391,B73,Senesced/Field,,P16,BWR,R2,,61.85067,9.02468,11.80266,0.047,0.071,1.915,2.488,2.224,2.773,5.546,4.448,0.285,0.309,2.702,2.177,23.95764358,264.2444263,0.264244426,10.23472167,618.5487005,0.6185487,23.9576378,264.2444902,0.26424449,palegreen4,Dry,Field
2019,1311,B73,Senesced/Field,,P01,MWR,R3,,127.56021,8.64328,9.82274,0.575,1.455,1.132,2.336,1.427,2.723,5.446,2.854,0.387,0.295,1.268,0.852,6.214546501,2100.928683,2.100928683,3.553196458,3674.527752,3.674527752,5.99729819,2177.033487,2.177033487,palegreen4,Dry,Field
2019,1311,B73,Senesced/Field,,P02,MWR,R3,,91.4878,5.644466,8.16495,0.024,0.044,0.956,1.293,1.187,1.587,3.174,2.374,0.294,0.231,1.543,1.163,2.084581912,4492.103417,4.492103417,1.19729907,7821.068071,7.821068071,2.084581434,4492.104447,4.492104447,palegreen4,Dry,Field
2019,1311,B73,Senesced/Field,,P03,BWR,R3,,71.05861,16.12946,18.57821,1.606,1.876,2.354,2.458,2.679,2.872,5.744,5.358,0.414,0.325,0.996,1.073,43.37030315,167.6987312,0.167698731,18.18825004,399.8815056,0.399881506,37.26707875,195.1627296,0.19516273,palegreen4,Dry,Field
2019,1311,B73,Senesced/Field,,P03,MWR,R3,,77.50428,4.71296,9.7953,0.045,0.059,1.527,2.243,1.739,2.624,5.248,3.478,0.381,0.212,2.565,1.694,10.83808264,731.9455163,0.731945516,4.565646242,1737.516569,1.737516569,10.83807842,731.9458015,0.731945802,palegreen4,Dry,Field
2019,1311,B73,Senesced/Field,,P04,MWR,R3,,78.35896,6.18005,8.91041,0.03,0.061,1.082,2.009,1.282,2.273,4.546,2.564,0.264,0.2,2.212,1.252,3.761433539,2132.26313,2.13226313,1.762715186,4550.006784,4.550006784,3.761432245,2132.263863,2.132263863,palegreen4,Dry,Field
2019,1311,B73,Senesced/Field,,P05,BWR,R3,,248.55303,12.59229,14.16623,0.03,0.052,1.149,1.576,1.436,1.912,3.824,2.872,0.336,0.287,1.86,1.406,4.446733365,5721.152174,5.721152174,2.569119945,9902.394129,9.902394129,4.446732262,5721.153593,5.721153593,palegreen4,Dry,Field
2019,1311,B73,Senesced/Field,,P05,MWR,R3,,136.05754,12.68074,15.74315,0.035,0.079,1.486,2.596,1.909,2.906,5.812,3.818,0.31,0.423,2.827,1.874,15.87827343,877.0510335,0.877051033,9.187890164,1515.696844,1.515696844,15.87827077,877.0511804,0.87705118,palegreen4,Dry,Field
2019,1311,B73,Senesced/Field,,P09,MWR,R3,,112.06667,3.57407,8.96055,0.037,0.025,1.147,1.881,1.436,2.196,4.392,2.872,0.315,0.289,2.171,1.399,5.107231417,2245.931246,2.245931246,2.877929288,3985.674931,3.985674931,5.107230422,2245.931683,2.245931683,palegreen4,Dry,Field
2019,1311,B73,Senesced/Field,,P10,MWR,R3,,92.0471,7.18308,14.59697,0.039,0.053,1.197,1.877,1.564,2.318,4.636,3.128,0.441,0.367,2.265,1.525,6.964878732,1352.701831,1.352701831,4.436532155,2123.596513,2.123596513,6.964876263,1352.702311,1.352702311,palegreen4,Dry,Field
2019,1311,B73,Senesced/Field,,P10,BWR,R3,,109.67504,13.49841,19.12465,0.051,0.055,2.331,2.469,2.595,2.747,5.494,5.19,0.278,0.264,2.692,2.544,37.70167344,297.7506381,0.297750638,13.14114018,854.2407406,0.854240741,37.70166771,297.7506834,0.297750683,palegreen4,Dry,Field
2019,1391,B73,Senesced/Field,,P12,MWR,R3,,56.89356,2.82244,6.43006,0.034,0.059,1.173,1.755,1.393,2.043,4.086,2.786,0.288,0.22,1.984,1.359,4.337221453,1342.63214,1.34263214,2.112574811,2756.490749,2.756490749,4.337219632,1342.632704,1.342632704,palegreen4,Dry,Field
2019,1391,B73,Senesced/Field,,P12,BWR,R3,,134.01469,10.21687,15.76979,0.036,0.076,1.536,2.501,1.842,2.834,5.668,3.684,0.333,0.306,2.758,1.806,13.91100814,986.0508868,0.986050887,6.792692854,2019.370257,2.019370257,13.91100536,986.0510842,0.986051084,palegreen4,Dry,Field
2019,1391,B73,Senesced/Field,,P13,MWR,R3,,154.36935,6.67467,10.40168,0.042,0.062,1.454,1.99,1.639,2.25,4.5,3.278,0.26,0.185,2.188,1.597,7.780531408,2030.754116,2.030754116,2.976164385,5308.962858,5.308962858,7.7805278,2030.755057,2.030755057,palegreen4,Dry,Field
2019,1391,B73,Senesced/Field,,P13,MWR,R3,,46.94812,5.04312,8.32512,0.052,0.066,1.529,2.314,1.874,2.565,5.13,3.748,0.251,0.345,2.499,1.822,13.2582441,362.4413357,0.362441336,6.761800199,710.6592265,0.710659227,13.25823681,362.441535,0.362441535,palegreen4,Dry,Field
2019,1391,B73,Senesced/Field,,P14,MWR,R3,,80.1979,6.07535,10.97266,0.047,0.062,1.484,1.979,1.775,2.215,4.43,3.55,0.236,0.291,2.153,1.728,9.728786753,843.7423321,0.843742332,4.649094774,1765.631724,1.765631724,9.728781697,843.7427705,0.843742771,palegreen4,Dry,Field
2019,1391,B73,Senesced/Field,,P15,MWR,R3,,56.16064,3.70837,7.84076,0.042,0.066,1.359,2.005,1.864,2.29,4.58,3.728,0.285,0.505,2.224,1.822,11.6483145,493.4856033,0.493485603,7.69589868,746.9271291,0.746927129,11.64831066,493.485766,0.493485766,palegreen4,Dry,Field
2019,1391,B73,Senesced/Field,,P18,MWR,R3,,93.33494,8.65455,15.32457,0.051,0.059,2.067,2.39,2.332,2.728,5.456,4.664,0.338,0.265,2.669,2.281,27.17189237,351.5846403,0.35158464,10.59476737,901.6922854,0.901692285,27.17188622,351.5847198,0.35158472,palegreen4,Dry,Field
2019,1311,B73,Senesced/Field,,P02,MWR,R4,,92.90811,6.00785,8.50848,0.02,0.047,0.764,1.459,1.115,1.625,3.25,2.23,0.166,0.351,1.578,1.095,1.769163003,5375.158851,5.375158851,1.258157886,7558.297952,7.558297952,1.769162708,5375.159748,5.375159748,palegreen4,Dry,Field
2019,1311,B73,Senesced/Field,,P03,BWR,R4,,248.60814,16.6347,25.14729,1.224,1.704,1.977,2.691,2.282,2.963,5.926,4.564,0.272,0.305,1.259,1.058,27.65466826,920.1368376,0.920136838,11.32326182,2247.239302,2.247239302,25.20050344,1009.744867,1.009744867,palegreen4,Dry,Field
2019,1311,B73,Senesced/Field,,P03,MWR,R4,,57.49724,5.36626,7.85233,0.05,0.064,1.566,2.293,1.883,2.392,4.784,3.766,0.099,0.317,2.328,1.833,12.54301717,469.1919023,0.469191902,5.626790642,1045.903866,1.045903866,12.54301089,469.1921373,0.469192137,palegreen4,Dry,Field
2019,1311,B73,Senesced/Field,,P04,MWR,R4,,78.82822,3.30191,4.72785,0.021,0.054,1.023,1.808,1.304,2.078,4.156,2.608,0.27,0.281,2.024,1.283,3.61883014,2229.559403,2.229559403,2.098579452,3844.694448,3.844694448,3.618829747,2229.559645,2.229559645,palegreen4,Dry,Field
2019,1311,B73,Senesced/Field,,P10,MWR,R4,,138.06965,4.49059,11.74697,0.034,0.061,1.262,2.396,1.558,2.745,5.49,3.116,0.349,0.296,2.684,1.524,8.153321922,1733.281735,1.733281735,4.371032486,3233.10431,3.23310431,8.153320039,1733.282135,1.733282135,palegreen4,Dry,Field
2019,1311,B73,Senesced/Field,,P10,BWR,R4,,254.54471,24.44353,32.56108,0.031,0.047,1.393,2.046,1.766,2.336,4.672,3.532,0.29,0.373,2.289,1.735,10.10496509,2578.307934,2.578307934,5.761374737,4522.134536,4.522134536,10.10496399,2578.308215,2.578308215,palegreen4,Dry,Field
2019,1391,B73,Senesced/Field,,P14,MWR,R4,,126.6295,7.49612,12.84109,0.029,0.064,1.105,2.055,1.371,2.357,4.714,2.742,0.302,0.266,2.293,1.342,4.770477241,2716.930884,2.716930884,2.592824924,4998.816861,4.998816861,4.770476015,2716.931582,2.716931582,palegreen4,Dry,Field
2019,1391,B73,Senesced/Field,,P15,MWR,R4,,82.46546,5.95816,10.46472,0.049,0.064,1.336,1.756,1.524,1.974,3.948,3.048,0.218,0.188,1.91,1.475,5.487719829,1538.10393,1.53810393,2.198947821,3838.510108,3.838510108,5.487713915,1538.105588,1.538105588,palegreen4,Dry,Field
2019,,A632,Senesced/Field,,P01,BWR,R01,,202.51006,20.59314,24.77087,,,2.179,2.796,2.735,3.3,6.6,5.47,0.504,0.556,,,53.02440614,390.9095818,0.390909582,30.30490772,683.9733228,0.683973323,,,,palegreen4,Dry,Field
2019,,A632,Senesced/Field,,P01,MWR,R01,,255.47811,11.80722,16.24245,,,1.002,1.773,1.358,2.077,4.154,2.716,0.304,0.356,,,4.085316309,6400.789333,6.400789333,2.684433578,9741.067637,9.741067637,,,,palegreen4,Dry,Field
2019,,A632,Senesced/Field,,P01,MWR,R01,,58.14185,2.71433,3.38023,,,0.329,1.178,0.611,1.489,2.978,1.222,0.311,0.282,,,0.266752323,22309.31128,22.30931128,0.233804793,25453.11642,25.45311642,,,,palegreen4,Dry,Field
2019,,A632,Senesced/Field,,P01,MWR,R01,,86.6232,8.6361,10.96072,,,1.579,2.024,1.822,2.344,4.688,3.644,0.32,0.243,,,11.13506116,796.2457795,0.796245779,4.876899468,1818.008657,1.818008657,,,,palegreen4,Dry,Field
2019,,A632,Senesced/Field,,P01,MWR,R02,,183.55497,10.95831,13.82463,,,0.986,1.616,1.315,1.814,3.628,2.63,0.198,0.329,,,3.239697215,5799.188858,5.799188858,2.023057518,9286.743368,9.286743368,,,,palegreen4,Dry,Field
2019,,A632,Senesced/Field,,P01,MWR,R02,,64.94889,3.07933,4.76817,,,0.912,1.3,1.191,1.554,3.108,2.382,0.254,0.279,,,2.061940744,3224.044887,3.224044887,1.287447295,5163.543036,5.163543036,,,,palegreen4,Dry,Field
2019,,A632,Senesced/Field,,P01,MWR,R02,,116.13464,5.53459,9.76953,,,1.122,1.62,1.379,1.823,3.646,2.758,0.203,0.257,,,3.754649043,3165.905565,3.165905565,1.957502604,6072.464106,6.072464106,,,,palegreen4,Dry,Field
2019,,A632,Senesced/Field,,P01,MWR,R02,,164.84526,15.55354,15.78624,,,0.704,1.867,0.921,2.245,4.49,1.842,0.378,0.217,,,1.377479414,12248.89391,12.24889391,0.865853921,19486.65798,19.48665798,,,,palegreen4,Dry,Field
2019,,A632,Senesced/Field,,P01,MWR,R02,,49.99962,4.54542,5.69624,,,1.315,2.197,1.601,2.528,5.056,3.202,0.331,0.286,,,8.147811007,628.1036016,0.628103602,4.224098338,1211.541264,1.211541264,,,,palegreen4,Dry,Field
2019,,A632,Senesced/Field,,P01,MWR,R03,,200.86305,11.41444,11.94439,,,0.617,1.868,0.901,2.166,4.332,1.802,0.298,0.284,,,1.244293139,16522.7706,16.5227706,0.899687607,22851.45414,22.85145414,,,,palegreen4,Dry,Field
2019,,A632,Senesced/Field,,P01,MWR,R04,,148.45812,7.56117,13.71589,,,0.761,2.021,1.082,2.322,4.644,2.164,0.301,0.321,,,2.310116484,6577.723358,6.577723358,1.61058033,9434.678219,9.434678219,,,,palegreen4,Dry,Field
2019,,A632,Senesced/Field,,P01,MWR,R04,,123.98227,5.63863,9.5805,,,0.719,1.963,1.038,2.309,4.618,2.076,0.346,0.319,,,2.0281771,6256.900311,6.256900311,1.45512138,8720.992011,8.720992011,,,,palegreen4,Dry,Field
2019,,A632,Senesced/Field,,P02,BWR,R01,,140.87561,14.50338,21.27872,,,1.912,2.513,2.285,2.979,5.958,4.57,0.466,0.373,,,27.91380227,516.5618616,0.516561862,14.11802946,1021.332737,1.021332737,,,,palegreen4,Dry,Field
2019,,A632,Senesced/Field,,P02,MWR,R01,,101.60298,6.93561,10.90166,,,1.085,1.927,1.328,2.247,4.494,2.656,0.32,0.243,,,4.133207215,2516.082017,2.516082017,2.200078329,4726.871863,4.726871863,,,,palegreen4,Dry,Field
2019,,A632,Senesced/Field,,P02,MWR,R01,,122.34627,12.88491,13.59637,,,1.702,2.442,1.908,2.734,5.468,3.816,0.292,0.206,,,14.91500841,839.6006333,0.839600633,5.458861559,2294.004047,2.294004047,,,,palegreen4,Dry,Field
2019,,A632,Senesced/Field,,P02,MWR,R01,,125.98533,8.04212,10.67891,,,1.116,1.928,1.415,2.23,4.46,2.83,0.302,0.299,,,4.962083453,2598.731679,2.598731679,2.857386876,4512.907781,4.512907781,,,,palegreen4,Dry,Field
2019,,A632,Senesced/Field,,P02,MWR,R01,,193.43042,23.87923,24.24997,,,1.377,2.362,1.701,2.686,5.372,3.402,0.324,0.324,,,10.38266474,1906.87169,1.90687169,5.539027654,3574.347464,3.574347464,,,,palegreen4,Dry,Field
2019,,A632,Senesced/Field,,P02,MWR,R02,,180.79488,9.78225,11.02125,,,0.615,1.678,0.879,1.947,3.894,1.758,0.269,0.264,,,1.038538158,17818.42018,17.81842018,0.731984019,25280.75588,25.28075588,,,,palegreen4,Dry,Field
2019,,A632,Senesced/Field,,P02,MWR,R02,,174.40017,21.03882,23.40311,,,1.425,2.079,2.306,2.768,5.536,4.612,0.689,0.881,,,26.65838747,669.6047946,0.669604795,21.93352727,813.8492205,0.81384922,,,,palegreen4,Dry,Field
2019,,A632,Senesced/Field,,P02,MWR,R02,,127.76635,10.36685,17.52944,,,1.129,2.276,1.41,2.617,5.234,2.82,0.341,0.281,,,5.761703984,2269.713668,2.269713668,3.189271619,4100.440427,4.100440427,,,,palegreen4,Dry,Field
2019,,A632,Senesced/Field,,P02,BWR,R03,,87.14099,10.08959,13.69911,,,1.307,1.871,1.688,2.279,4.558,3.376,0.408,0.381,,,8.60897672,1036.039904,1.036039904,5.328096074,1674.001987,1.674001987,,,,palegreen4,Dry,Field
2019,,A632,Senesced/Field,,P02,MWR,R03,,123.66173,11.31764,11.64223,,,0.669,1.543,0.895,1.868,3.736,1.79,0.325,0.226,,,1.051806521,12033.86085,12.03386085,0.688950645,18371.84334,18.37184334,,,,palegreen4,Dry,Field
2019,,A632,Senesced/Field,,P02,BWR,R04,,153.14986,14.62994,17.67915,,,1.442,2.523,1.755,2.83,5.66,3.51,0.307,0.313,,,12.01455471,1304.711384,1.304711384,6.072961519,2581.199674,2.581199674,,,,palegreen4,Dry,Field
2019,,A632,Senesced/Field,,P02,MWR,R04,,90.74385,8.87958,11.46122,,,0.686,1.751,1.057,1.979,3.958,2.114,0.228,0.371,,,1.835526409,5060.134847,5.060134847,1.391561777,6674.523045,6.674523045,,,,palegreen4,Dry,Field
2019,,A632,Senesced/Field,,P02,MWR,R04,,127.00554,8.15051,9.86694,,,1.328,2.039,1.664,2.396,4.792,3.328,0.357,0.336,,,8.670350634,1499.310323,1.499310323,4.919745599,2642.320816,2.642320816,,,,palegreen4,Dry,Field
2019,,A632,Senesced/Field,,P03,MWR,R01,,105.37208,10.34671,15.04359,,,1.298,2.458,1.68,2.885,5.77,3.36,0.427,0.382,,,10.74393925,1003.847024,1.003847024,6.522156926,1653.635685,1.653635685,,,,palegreen4,Dry,Field
2019,,A632,Senesced/Field,,P03,MWR,R01,,149.17913,7.35726,12.65998,,,0.725,2.025,1.067,2.216,4.432,2.134,0.191,0.342,,,2.114233236,7222.053497,7.222053497,1.508154665,10124.36316,10.12436316,,,,palegreen4,Dry,Field
2019,,A632,Senesced/Field,,P03,MWR,R01,,181.20499,9.19981,17.54173,,,1.571,1.954,1.949,2.374,4.748,3.898,0.42,0.378,,,13.80403696,1343.598674,1.343598674,7.853680323,2361.578901,2.361578901,,,,palegreen4,Dry,Field
2019,,A632,Senesced/Field,,P03,BWR,R02,,100.72932,10.94512,13.10172,,,2.084,2.57,2.412,2.892,5.784,4.824,0.322,0.328,,,31.87278993,323.475467,0.323475467,13.60373218,757.8850765,0.757885076,,,,palegreen4,Dry,Field
2019,,A632,Senesced/Field,,P03,MWR,R02,,135.20273,12.53613,14.58327,,,1.521,2.145,1.733,2.434,4.868,3.466,0.289,0.212,,,9.949611961,1390.86457,1.39086457,4.021658027,3441.009321,3.441009321,,,,palegreen4,Dry,Field
2019,,A632,Senesced/Field,,P03,MWR,R02,,87.83806,6.70629,9.09052,,,1.435,1.835,1.593,2.074,4.148,3.186,0.239,0.158,,,6.584851129,1365.344676,1.365344676,2.326105967,3865.082485,3.865082485,,,,palegreen4,Dry,Field
2019,,A632,Senesced/Field,,P03,MWR,R02,,102.81482,12.35473,15.20223,,,1.533,2.333,1.849,2.666,5.332,3.698,0.333,0.316,,,13.23612195,795.0610655,0.795061065,6.634797408,1586.111011,1.586111011,,,,palegreen4,Dry,Field
2019,,A632,Senesced/Field,,P03,MWR,R03,,132.16498,7.40056,11.07923,,,1.164,1.821,1.399,2.068,4.136,2.798,0.247,0.235,,,4.447270639,3041.783936,3.041783936,2.191687871,6172.245862,6.172245862,,,,palegreen4,Dry,Field
2019,,A632,Senesced/Field,,P03,MWR,R03,,80.251,7.83732,10.73346,,,1.203,2.282,1.515,2.544,5.088,3.03,0.262,0.312,,,6.947761262,1182.254818,1.182254818,3.827417777,2146.100768,2.146100768,,,,palegreen4,Dry,Field
2019,,A632,Senesced/Field,,P04,BWR,R01,,126.15238,10.09786,17.11897,,,1.235,2.34,1.518,2.724,5.448,3.036,0.384,0.283,,,7.483629862,1725.395559,1.725395559,4.021792892,3210.563566,3.210563566,,,,palegreen4,Dry,Field
2019,,A632,Senesced/Field,,P04,BWR,R01,,116.84515,2.97622,8.86488,,,1.299,2.021,1.53,2.251,4.502,3.06,0.23,0.231,,,6.331981959,1888.759007,1.888759007,2.852747884,4192.304558,4.192304558,,,,palegreen4,Dry,Field
2019,,A632,Senesced/Field,,P04,MWR,R01,,90.19044,4.10287,7.61843,,,0.737,1.48,0.939,1.788,3.576,1.878,0.308,0.202,,,1.162663859,7939.841993,7.939841993,0.69734135,13237.94627,13.23794627,,,,palegreen4,Dry,Field
2019,,A632,Senesced/Field,,P04,MWR,R01,,58.97438,2.22261,3.42928,,,0.484,1.421,0.697,1.709,3.418,1.394,0.288,0.213,,,0.454496223,13281.24023,13.28124023,0.327958491,18405.60216,18.40560216,,,,palegreen4,Dry,Field
2019,,A632,Senesced/Field,,P04,MWR,R01,,54.10872,4.88064,7.74691,,,1.153,1.771,1.363,2.036,4.072,2.726,0.265,0.21,,,4.049069419,1367.784143,1.367784143,1.917024431,2888.984019,2.888984019,,,,palegreen4,Dry,Field
2019,,A632,Senesced/Field,,P04,MWR,R01,,85.42159,10.04241,13.87876,,,1.522,2.06,1.82,2.321,4.642,3.64,0.261,0.298,,,10.98953169,795.5985664,0.795598566,5.285248751,1654.275148,1.654275148,,,,palegreen4,Dry,Field
2019,,A632,Senesced/Field,,P04,BWR,R02,,318.21936,14.07814,38.74653,,,2.044,2.422,2.37,2.748,5.496,4.74,0.326,0.326,,,28.73105991,1133.653875,1.133653875,12.48654697,2608.493565,2.608493565,,,,palegreen4,Dry,Field
2019,,A632,Senesced/Field,,P04,MWR,R02,,186.68588,7.19416,12.84883,,,0.937,1.674,1.114,2.009,4.018,2.228,0.335,0.177,,,2.181350183,8759.747896,8.759747896,1.099756586,17374.82451,17.37482451,,,,palegreen4,Dry,Field
2019,,A632,Senesced/Field,,P04,MWR,R02,,80.74439,3.30298,5.21952,,,0.535,1.297,0.757,1.51,3.02,1.514,0.213,0.222,,,0.514463381,16064.35961,16.06435961,0.358475376,23054.65121,23.05465121,,,,palegreen4,Dry,Field
2019,,A632,Senesced/Field,,P04,MWR,R02,,128.55205,4.15689,7.71968,,,0.954,1.478,1.152,1.626,3.252,2.304,0.148,0.198,,,1.952395778,6739.329237,6.739329237,0.944514357,13930.79718,13.93079718,,,,palegreen4,Dry,Field
2019,,A632,Senesced/Field,,P04,MWR,R02,,77.25689,9.975,12.5507,,,1.186,2.085,1.485,2.401,4.802,2.97,0.316,0.299,,,6.175347515,1280.505198,1.280505198,3.443540552,2296.347168,2.296347168,,,,palegreen4,Dry,Field
2019,,A632,Senesced/Field,,P04,MWR,R03,,109.47454,6.02269,9.06871,,,0.899,1.491,1.137,1.756,3.512,2.274,0.265,0.238,,,2.027196217,5527.425131,5.527425131,1.176358761,9525.304424,9.525304424,,,,palegreen4,Dry,Field
2019,,A632,Senesced/Field,,P04,MWR,R03,,90.3634,3.02751,5.04937,,,0.641,1.359,0.902,1.632,3.264,1.804,0.273,0.261,,,0.940653441,9832.601576,9.832601576,0.659538825,14023.54215,14.02354215,,,,palegreen4,Dry,Field
2019,,A632,Senesced/Field,,P04,MWR,R03,,60.39319,7.02257,7.09907,,,1.196,1.391,1.464,1.581,3.162,2.928,0.19,0.268,,,3.896233548,1586.530827,1.586530827,2.027228173,3049.234771,3.049234771,,,,palegreen4,Dry,Field
2019,,A632,Senesced/Field,,P04,MWR,R03,,89.63722,7.7525,9.84585,,,1.281,1.785,1.576,2.053,4.106,3.152,0.268,0.295,,,6.311716304,1453.605091,1.453605091,3.364747822,2726.725282,2.726725282,,,,palegreen4,Dry,Field
2019,,A632,Senesced/Field,,P04,MWR,R04,,132.92921,4.89026,7.21087,,,0.722,1.243,0.953,1.552,3.104,1.906,0.309,0.231,,,1.055019047,12896.31553,12.89631553,0.687590747,19787.72776,19.78772776,,,,palegreen4,Dry,Field
2019,,A632,Senesced/Field,,P04,MWR,R04,,183.30593,8.16967,9.29235,,,0.439,1.753,0.694,2.096,4.192,1.388,0.343,0.255,,,0.550249392,34097.49469,34.09749469,0.433765638,43254.06182,43.25406182,,,,palegreen4,Dry,Field
2019,,A632,Senesced/Field,,P04,MWR,R04,,49.70955,3.46302,5.93059,,,1.168,1.528,1.373,1.851,3.702,2.746,0.323,0.205,,,3.762772071,1352.189149,1.352189149,1.850534865,2749.46431,2.74946431,,,,palegreen4,Dry,Field
2019,,A632,Senesced/Field,,P04,MWR,R04,,77.51007,7.77504,8.21367,,,1.169,2.109,1.453,2.334,4.668,2.906,0.225,0.284,,,5.623252383,1410.834528,1.410834528,2.977129585,2664.807963,2.664807963,,,,palegreen4,Dry,Field
2019,,A632,Senesced/Field,,P05,BWR,R01,,137.5726,4.00778,15.83545,,,1.842,2.522,2.16,2.929,5.858,4.32,0.407,0.318,,,23.18304651,607.3890601,0.60738906,10.8035255,1303.382755,1.303382755,,,,palegreen4,Dry,Field
2019,,A632,Senesced/Field,,P05,MWR,R01,,161.17986,18.74438,22.88215,,,1.927,2.205,2.246,2.605,5.21,4.492,0.4,0.319,,,23.18071699,711.6876609,0.711687661,10.78865381,1529.146319,1.529146319,,,,palegreen4,Dry,Field
2019,,A632,Senesced/Field,,P05,MWR,R01,,123.59559,7.64877,12.15929,,,1.529,2.111,1.808,2.375,4.75,3.616,0.264,0.279,,,11.0242429,1147.518585,1.147518585,5.097711761,2481.608261,2.481608261,,,,palegreen4,Dry,Field
2019,,A632,Senesced/Field,,P05,BWR,R02,,135.7,17.65853,20.02574,,,2.428,3.427,2.741,3.693,7.386,5.482,0.266,0.313,,,59.73052,232.5354009,0.232535401,21.20486484,655.0129191,0.655012919,,,,palegreen4,Dry,Field
2019,,A632,Senesced/Field,,P05,MWR,R02,,116.68834,12.48419,12.48419,,,1.364,2.249,1.828,2.699,5.398,3.656,0.45,0.464,,,12.94855602,922.3837608,0.922383761,8.466033836,1410.759516,1.410759516,,,,palegreen4,Dry,Field
2019,,A632,Senesced/Field,,P05,MWR,R02,,84.33476,8.19148,10.04526,,,1.3,2.004,1.489,2.146,4.292,2.978,0.142,0.189,,,5.564212304,1551.345206,1.551345206,2.106270695,4098.24535,4.09824535,,,,palegreen4,Dry,Field
2019,,A632,Senesced/Field,,P05,MWR,R03,,101.4411,5.68113,6.00024,,,0.542,1.228,0.885,1.441,2.882,1.77,0.213,0.343,,,0.784483248,13235.36134,13.23536134,0.630920418,16456.78117,16.45678117,,,,palegreen4,Dry,Field
2019,,A632,Senesced/Field,,P05,MWR,R03,,88.34014,7.23452,10.33593,,,1.406,2.247,1.679,2.526,5.052,3.358,0.279,0.273,,,9.390210242,962.915758,0.962915758,4.485098382,2016.005145,2.016005145,,,,palegreen4,Dry,Field
2019,,A632,Senesced/Field,,P05,MWR,R04,,130.89593,16.3649,18.93248,,,1.795,2.268,2.098,2.562,5.124,4.196,0.294,0.303,,,18.58170061,721.0181736,0.721018174,8.279588055,1618.165511,1.618165511,,,,palegreen4,Dry,Field
2019,,A632,Senesced/Field,,P05,MWR,R04,,110.5715,9.62692,13.52694,,,1.57,1.93,1.898,2.186,4.372,3.796,0.256,0.328,,,11.73893406,964.0955199,0.96409552,5.872878834,1927.070873,1.927070873,,,,palegreen4,Dry,Field
2019,,A632,Senesced/Field,,P06,BWR,R01,,192.74651,15.12154,18.13068,,,1.745,2.48,2.017,2.718,5.436,4.034,0.238,0.272,,,17.51689103,1126.250564,1.126250564,7.167188777,2752.600639,2.752600639,,,,palegreen4,Dry,Field
2019,,A632,Senesced/Field,,P06,BWR,R02,,299.37834,16.04752,28.92044,,,2.786,2.799,3.112,3.127,6.254,6.224,0.328,0.326,,,74.0178605,413.9895466,0.413989547,26.48038483,1157.181842,1.157181842,,,,palegreen4,Dry,Field
2019,,A632,Senesced/Field,,P06,MWR,R02,,226.914,22.46811,24.45518,,,1.598,2.734,1.94,3.111,6.222,3.88,0.377,0.342,,,17.84000954,1301.882341,1.301882341,9.077697469,2558.533533,2.558533533,,,,palegreen4,Dry,Field
2019,,A632,Senesced/Field,,P06,MWR,R02,,121.2902,6.06919,6.32654,,,0.499,1.56,0.69,1.795,3.59,1.38,0.235,0.191,,,0.463128606,26805.85305,26.80585305,0.310893043,39931.92393,39.93192393,,,,palegreen4,Dry,Field
2019,,A632,Senesced/Field,,P06,MWR,R02,,75.14397,8.26424,10.43483,,,1.156,1.503,1.416,1.741,3.482,2.832,0.238,0.26,,,3.882204535,1981.167752,1.981167752,2.058634848,3736.11592,3.73611592,,,,palegreen4,Dry,Field
2019,,A632,Senesced/Field,,P06,MWR,R03,,78.72817,2.71693,5.56177,,,0.902,1.351,1.202,1.656,3.312,2.404,0.305,0.3,,,2.258726342,3567.566413,3.567566413,1.480035902,5444.568083,5.444568083,,,,palegreen4,Dry,Field
2019,,A632,Senesced/Field,,P07,MWR,R01,,139.8069,9.1117,13.80384,,,1.206,1.6,1.419,1.89,3.78,2.838,0.29,0.213,,,4.241298822,3373.92373,3.37392373,2.037094816,7024.620863,7.024620863,,,,palegreen4,Dry,Field
2019,,A632,Senesced/Field,,P07,MWR,R02,,122.72738,6.94639,9.60881,,,1.068,1.5,1.432,1.749,3.498,2.864,0.249,0.364,,,4.03374783,3114.140803,3.114140803,2.59860575,4833.999427,4.833999427,,,,palegreen4,Dry,Field
2019,,A632,Senesced/Field,,P07,MWR,R03,,126.76448,8.47159,11.53685,,,0.744,1.981,0.968,2.19,4.38,1.936,0.209,0.224,,,1.560127414,8316.54684,8.31654684,0.919370703,14112.77592,14.11277592,,,,palegreen4,Dry,Field
2019,,A632,Senesced/Field,,P07,MWR,R04,,144.67712,8.99175,10.87223,,,1.084,1.672,1.403,1.844,3.688,2.806,0.172,0.319,,,3.999666782,3702.384938,3.702384938,2.326982403,6363.737874,6.363737874,,,,palegreen4,Dry,Field
2019,,A632,Senesced/Field,,P08,BWR,R01,,218.18114,14.58835,15.12836,,,0.759,2.314,1.009,2.576,5.152,2.018,0.262,0.25,,,2.078304791,10745.17504,10.74517504,1.283649895,17397.07132,17.39707132,,,,palegreen4,Dry,Field
2019,,A632,Senesced/Field,,P08,BWR,R01,,153.55436,12.48415,14.2383,,,0.719,2.134,0.971,2.502,5.004,1.942,0.368,0.252,,,1.799015381,8736.405882,8.736405882,1.176039881,13364.28196,13.36428196,,,,palegreen4,Dry,Field
2019,,A632,Senesced/Field,,P08,MWR,R01,,65.03097,1.55574,3.91076,,,0.689,1.212,0.971,1.455,2.91,1.942,0.243,0.282,,,1.04619,6362.315395,6.362315395,0.73483907,9058.025101,9.058025101,,,,palegreen4,Dry,Field
2019,,A632,Senesced/Field,,P08,MWR,R01,,100.04648,7.35577,10.43078,,,1.102,1.698,1.425,1.965,3.93,2.85,0.267,0.323,,,4.465776964,2293.033031,2.293033031,2.681047675,3819.467361,3.819467361,,,,palegreen4,Dry,Field
2019,,A632,Senesced/Field,,P08,MWR,R02,,77.33891,5.74971,6.87567,,,1.101,1.452,1.473,1.709,3.418,2.946,0.257,0.372,,,4.289831013,1845.284735,1.845284735,2.767817688,2860.000396,2.860000396,,,,palegreen4,Dry,Field
2019,,A632,Senesced/Field,,P08,MWR,R02,,95.82455,5.2434,9.67789,,,0.654,1.933,1.033,2.181,4.362,2.066,0.248,0.379,,,1.888193558,5194.40495,5.19440495,1.463520235,6701.678412,6.701678412,,,,palegreen4,Dry,Field
2019,,A632,Senesced/Field,,P08,BWR,R03,,123.14082,12.39326,14.24319,,,1.223,2.859,1.589,3.269,6.538,3.178,0.41,0.366,,,10.30093137,1223.576351,1.223576351,6.193376173,2035.073547,2.035073547,,,,palegreen4,Dry,Field
2019,,A632,Senesced/Field,,P08,MWR,R03,,107.67338,6.68232,7.23106,,,1.032,1.557,1.324,1.678,3.356,2.648,0.121,0.292,,,3.058762754,3603.031673,3.603031673,1.714706067,6427.235136,6.427235136,,,,palegreen4,Dry,Field
2019,,A632,Senesced/Field,,P08,MWR,R03,,115.63809,6.05729,8.24794,,,0.876,1.621,1.101,1.914,3.828,2.202,0.293,0.225,,,2.006290292,5899.465488,5.899465488,1.150464807,10288.05076,10.28805076,,,,palegreen4,Dry,Field
2019,,A632,Senesced/Field,,P08,MWR,R04,,104.63634,8.48467,9.97487,,,0.906,1.786,1.091,2.065,4.13,2.182,0.279,0.185,,,2.106125222,5085.151287,5.085151287,1.062953204,10075.66969,10.07566969,,,,palegreen4,Dry,Field
2019,,A632,Senesced/Field,,P09,BWR,R01,,207.72545,12.49582,20.74436,,,2.008,2.165,2.225,2.518,5.036,4.45,0.353,0.217,,,21.78390092,976.0219442,0.976021944,8.016913759,2652.088568,2.652088568,,,,palegreen4,Dry,Field
2019,,A632,Senesced/Field,,P09,MWR,R01,,112.72589,8.83817,8.98891,,,0.882,1.722,1.272,1.923,3.846,2.544,0.201,0.39,,,3.108354188,3711.92079,3.71192079,2.180395197,5291.684988,5.291684988,,,,palegreen4,Dry,Field
2019,,A632,Senesced/Field,,P09,BWR,R02,,119.48387,11.32102,14.86039,,,1.695,2.285,2.077,2.726,5.452,4.154,0.441,0.382,,,19.1833841,637.5137923,0.637513792,10.44391213,1170.985717,1.170985717,,,,palegreen4,Dry,Field
2019,,A632,Senesced/Field,,P09,MWR,R02,,77.93287,4.21588,7.04792,,,1.461,1.885,1.596,2.113,4.226,3.192,0.228,0.135,,,6.746647808,1182.328497,1.182328497,2.129732758,3745.424836,3.745424836,,,,palegreen4,Dry,Field
2019,,A632,Senesced/Field,,P09,MWR,R03,,79.28642,7.40923,7.41459,,,0.547,1.33,0.837,1.603,3.206,1.674,0.273,0.29,,,0.738243748,10992.7046,10.9927046,0.567280208,14305.62063,14.30562063,,,,palegreen4,Dry,Field
2019,,A632,Senesced/Field,,P09,MWR,R04,,86.09492,4.76489,6.65106,,,0.812,1.528,1.143,1.805,3.61,2.286,0.277,0.331,,,2.116926496,4162.720721,4.162720721,1.474414378,5976.728064,5.976728064,,,,palegreen4,Dry,Field
2019,,A632,Senesced/Field,,P10,BWR,R01,,172.86229,16.8298,20.51822,,,2.065,2.504,2.437,3.016,6.032,4.874,0.512,0.372,,,34.28370947,516.0811334,0.516081133,16.96624226,1042.845868,1.042845868,,,,palegreen4,Dry,Field
2019,,A632,Senesced/Field,,P10,MWR,R01,,103.01976,9.45923,10.1369,,,0.7,1.746,0.953,1.976,3.952,1.906,0.23,0.253,,,1.3432459,7850.015911,7.850015911,0.872888218,12080.01376,12.08001376,,,,palegreen4,Dry,Field
2019,,A632,Fresh/Field,,P01,MWR,R01,,198.50837,16.20532,35.8213,,,,,2.68,2.72,5.44,5.36,,,,,41.12095266,494.1072002,0.4941072,41.12095266,494.1072002,0.4941072,,,,cornflowerblue,Fresh,Field
2019,,A632,Fresh/Field,,P01,TWR,R01,,66.10386,8.77109,8.85718,,,,,1.27,1.685,3.37,2.54,,,,,2.710821675,2495.924231,2.495924231,2.710821675,2495.924231,2.495924231,,,,cornflowerblue,Fresh,Field
2019,,A632,Fresh/Field,,P01,MWR,R03,,255.14179,26.70255,42.25251,,,,,2.445,2.8,5.6,4.89,,,,,32.14285899,812.4611847,0.812461185,32.14285899,812.4611847,0.812461185,,,,cornflowerblue,Fresh,Field
2019,,A632,Fresh/Field,,P02,MWR,R01,,179.69302,41.62061,42.14031,,,,,2.375,2.62,5.24,4.75,,,,,27.56652447,667.1979756,0.667197976,27.56652447,667.1979756,0.667197976,,,,cornflowerblue,Fresh,Field
2019,,A632,Fresh/Field,,P02,TWR,R01,,83.85496,15.26836,16.06865,,,,,1.96,2.135,4.27,3.92,,,,,12.6257148,679.7955355,0.679795536,12.6257148,679.7955355,0.679795536,,,,cornflowerblue,Fresh,Field
2019,,A632,Fresh/Field,,P02,MWR,R02,,174.50185,31.96914,37.37822,,,,,2.725,2.93,5.86,5.45,,,,,46.56472276,383.5734518,0.383573452,46.56472276,383.5734518,0.383573452,,,,cornflowerblue,Fresh,Field
2019,,A632,Fresh/Field,,P03,MWR,R01,,163.60082,14.19326,20.57138,,,,,1.72,2.005,4.01,3.44,,,,,8.012897716,2089.78402,2.08978402,8.012897716,2089.78402,2.08978402,,,,cornflowerblue,Fresh,Field
2019,,A632,Fresh/Field,,P03,TWR,R01,,78.91307,10.38214,10.757,,,,,1.435,1.52,3.04,2.87,,,,,3.527679916,2289.62993,2.28962993,3.527679916,2289.62993,2.28962993,,,,cornflowerblue,Fresh,Field
2019,,A632,Fresh/Field,,P03,MWR,R02,,184.96057,20.97877,23.61683,,,,,2.635,2.76,5.52,5.27,,,,,39.65891442,477.3576203,0.47735762,39.65891442,477.3576203,0.47735762,,,,cornflowerblue,Fresh,Field
2019,,A632,Fresh/Field,,P03,MWR,R03,,281.7658,25.95324,32.53975,,,,,2.285,2.605,5.21,4.57,,,,,24.40935042,1181.510493,1.181510493,24.40935042,1181.510493,1.181510493,,,,cornflowerblue,Fresh,Field
2019,,A632,Fresh/Field,,P03,TWR,R03,,95.45989,8.30664,13.12558,,,,,1.525,1.565,3.13,3.05,,,,,4.359269855,2241.365599,2.241365599,4.359269855,2241.365599,2.241365599,,,,cornflowerblue,Fresh,Field
2019,,A632,Fresh/Field,,P04,MWR,R01,,126.05381,14.58288,31.57062,,,,,2.355,2.655,5.31,4.71,,,,,27.23498505,473.7337896,0.47373379,27.23498505,473.7337896,0.47373379,,,,cornflowerblue,Fresh,Field
2019,,A632,Fresh/Field,,P04,BWR,R02,,254.60545,39.27019,45.64647,,,,,2.595,2.715,5.43,5.19,,,,,37.26248394,699.361017,0.699361017,37.26248394,699.361017,0.699361017,,,,cornflowerblue,Fresh,Field
2019,,A632,Fresh/Field,,P04,MWR,R02,,190.47091,35.9991,40.85575,,,,,2.41,2.46,4.92,4.82,,,,,27.04432312,720.871851,0.720871851,27.04432312,720.871851,0.720871851,,,,cornflowerblue,Fresh,Field
2019,,A632,Fresh/Field,,P04,MWR,R03,,89.08081,13.25607,21.49355,,,,,2.095,2.475,4.95,4.19,,,,,17.87381121,510.1201956,0.510120196,17.87381121,510.1201956,0.510120196,,,,cornflowerblue,Fresh,Field
2019,,A632,Fresh/Field,,P04,TWR,R03,,146.33102,8.88126,19.97952,,,,,1.74,1.9,3.8,3.48,,,,,7.861243111,1905.244425,1.905244425,7.861243111,1905.244425,1.905244425,,,,cornflowerblue,Fresh,Field
2019,,A632,Fresh/Field,,P05,BWR,R01,,152.23793,17.50175,28.0147,,,,,1.91,2.38,4.76,3.82,,,,,13.02467635,1196.358823,1.196358823,13.02467635,1196.358823,1.196358823,,,,cornflowerblue,Fresh,Field
2019,,A632,Fresh/Field,,P05,BWR,R02,,104.39502,11.83495,21.34659,,,,,2.125,2.385,4.77,4.25,,,,,17.97442755,594.4704078,0.594470408,17.97442755,594.4704078,0.594470408,,,,cornflowerblue,Fresh,Field
2019,,A632,Fresh/Field,,P05,MWR,R02,,173.57839,28.76078,29.10911,,,,,2.26,2.38,4.76,4.52,,,,,21.57705437,823.3965191,0.823396519,21.57705437,823.3965191,0.823396519,,,,cornflowerblue,Fresh,Field
2019,,A632,Fresh/Field,,P05,MWR,R04,,187.27062,35.90565,35.94696,,,,,2.165,2.51,5.02,4.33,,,,,20.00494238,958.1596329,0.958159633,20.00494238,958.1596329,0.958159633,,,,cornflowerblue,Fresh,Field
2019,,A632,Fresh/Field,,P06,MWR,R01,,184.64492,27.05068,29.84427,,,,,2.34,2.345,4.69,4.68,,,,,23.59827733,800.8710405,0.80087104,23.59827733,800.8710405,0.80087104,,,,cornflowerblue,Fresh,Field
2019,,A632,Fresh/Field,,P06,TWR,R01,,111.32724,21.78923,21.78923,,,,,2.07,2.14,4.28,4.14,,,,,14.9078389,764.3500141,0.764350014,14.9078389,764.3500141,0.764350014,,,,cornflowerblue,Fresh,Field
2019,,A632,Fresh/Field,,P06,BWR,R02,,172.32767,38.56689,43.69752,,,,,2.74,2.845,5.69,5.48,,,,,45.96463762,383.739674,0.383739674,45.96463762,383.739674,0.383739674,,,,cornflowerblue,Fresh,Field
2019,,A632,Fresh/Field,,P06,MWR,R02,,164.24722,42.74769,42.98886,,,,,2.565,2.845,5.69,5.13,,,,,37.70806616,445.8300051,0.445830005,37.70806616,445.8300051,0.445830005,,,,cornflowerblue,Fresh,Field
2019,,A632,Fresh/Field,,P06,TWR,R02,,153.39722,10.29935,32.20925,,,,,1.84,1.99,3.98,3.68,,,,,9.736355591,1612.599753,1.612599753,9.736355591,1612.599753,1.612599753,,,,cornflowerblue,Fresh,Field
2019,,A632,Fresh/Field,,P06,BWR,R03,,324.59283,43.65483,53.86013,,,,,2.39,2.6,5.2,4.78,,,,,27.87769948,1191.756466,1.191756466,27.87769948,1191.756466,1.191756466,,,,cornflowerblue,Fresh,Field
2019,,A632,Fresh/Field,,P06,MWR,R03,,246.30862,30.09903,37.98857,,,,,2.66,2.815,5.63,5.32,,,,,41.61148266,605.8595352,0.605859535,41.61148266,605.8595352,0.605859535,,,,cornflowerblue,Fresh,Field
2019,,A632,Fresh/Field,,P06,TWR,R03,,100.52233,19.0705,19.13752,,,,,1.71,1.94,3.88,3.42,,,,,7.61868368,1350.479919,1.350479919,7.61868368,1350.479919,1.350479919,,,,cornflowerblue,Fresh,Field
2019,,B73,Fresh/Field,,P01,BWR,R02,,253.15221,43.37168,48.45936,,,,,2.815,3.055,6.11,5.63,,,,,53.52248801,484.1176945,0.484117694,53.52248801,484.1176945,0.484117694,,,,cornflowerblue,Fresh,Field
2019,,B73,Fresh/Field,,P01,MWR,R02,,184.10994,21.2777,21.65488,,,,,2.195,2.63,5.26,4.39,,,,,21.84485687,862.6478806,0.862647881,21.84485687,862.6478806,0.862647881,,,,cornflowerblue,Fresh,Field
2019,,B73,Fresh/Field,,P01,TWR,R02,,96.69076,14.56003,16.19914,,,,,2.36,2.405,4.81,4.72,,,,,24.82795622,398.6112298,0.39861123,24.82795622,398.6112298,0.39861123,,,,cornflowerblue,Fresh,Field
2019,,B73,Fresh/Field,,P01,BWR,R03,,172.74907,26.97978,36.86805,,,,,2.485,3.14,6.28,4.97,,,,,37.84414594,467.2211953,0.467221195,37.84414594,467.2211953,0.467221195,,,,cornflowerblue,Fresh,Field
2019,,B73,Fresh/Field,,P01,MWR,R03,,115.09385,10.68173,17.51306,,,,,1.76,2.15,4.3,3.52,,,,,9.205901944,1279.650291,1.279650291,9.205901944,1279.650291,1.279650291,,,,cornflowerblue,Fresh,Field
2019,,B73,Fresh/Field,,P01,TWR,R03,,114.13205,19.13668,22.47168,,,,,2.24,2.31,4.62,4.48,,,,,20.39134705,572.8847063,0.572884706,20.39134705,572.8847063,0.572884706,,,,cornflowerblue,Fresh,Field
2019,,B73,Fresh/Field,,P01,BWR,R04,,170.14686,40.18446,40.56791,,,,,2.85,2.96,5.92,5.7,,,,,53.81658957,323.6035618,0.323603562,53.81658957,323.6035618,0.323603562,,,,cornflowerblue,Fresh,Field
2019,,B73,Fresh/Field,,P01,MWR,R04,,148.66878,30.89988,30.89988,,,,,2.67,2.87,5.74,5.34,,,,,42.90476842,354.6661513,0.354666151,42.90476842,354.6661513,0.354666151,,,,cornflowerblue,Fresh,Field
2019,,B73,Fresh/Field,,P01,TWR,R04,,138.52992,17.46133,19.10651,,,,,2.35,2.37,4.74,4.7,,,,,24.15693408,586.9583645,0.586958365,24.15693408,586.9583645,0.586958365,,,,cornflowerblue,Fresh,Field
2019,,B73,Fresh/Field,,P01,MWR,R05,,281.67072,55.55626,56.44427,,,,,2.815,2.92,5.84,5.63,,,,,51.15733714,563.5588838,0.563558884,51.15733714,563.5588838,0.563558884,,,,cornflowerblue,Fresh,Field
2019,,B73,Fresh/Field,,P01,TWR,R05,,107.07393,17.98234,18.26973,,,,,2.07,2.16,4.32,4.14,,,,,15.0471645,728.3407366,0.728340737,15.0471645,728.3407366,0.728340737,,,,cornflowerblue,Fresh,Field
2019,,B73,Fresh/Field,,P02,BWR,R02,,172.51377,12.16002,22.51682,,,,,2.02,2.45,4.9,4.04,,,,,15.86025166,1113.317969,1.113317969,15.86025166,1113.317969,1.113317969,,,,cornflowerblue,Fresh,Field
2019,,B73,Fresh/Field,,P02,MWR,R02,,96.74682,10.04632,15.52824,,,,,2.16,2.22,4.44,4.32,,,,,17.57130872,563.5573476,0.563557348,17.57130872,563.5573476,0.563557348,,,,cornflowerblue,Fresh,Field
2019,,B73,Fresh/Field,,P02,BWR,R03,,327.96261,43.11969,49.57373,,,,,2.74,2.785,5.57,5.48,,,,,44.99526038,746.04168,0.74604168,44.99526038,746.04168,0.74604168,,,,cornflowerblue,Fresh,Field
2019,,B73,Fresh/Field,,P02,BWR,R04,,287.72243,28.27843,41.09212,,,,,2.505,2.67,5.34,5.01,,,,,32.96281806,893.418442,0.893418442,32.96281806,893.418442,0.893418442,,,,cornflowerblue,Fresh,Field
2019,,B73,Fresh/Field,,P02,MWR,R04,,72.63853,6.69941,8.25243,,,,,1.775,1.965,3.93,3.55,,,,,8.630729557,861.4400622,0.861440062,8.630729557,861.4400622,0.861440062,,,,cornflowerblue,Fresh,Field
2019,,B73,Fresh/Field,,P02,MWR,R05,,102.82976,16.56358,16.87465,,,,,2.15,2.185,4.37,4.3,,,,,17.05519552,617.1171936,0.617117194,17.05519552,617.1171936,0.617117194,,,,cornflowerblue,Fresh,Field
2019,,B73,Fresh/Field,,P03,BWR,R01,,233.46809,26.31168,41.83991,,,,,2.84,3.005,6.01,5.68,,,,,54.06166012,442.0217903,0.44202179,54.06166012,442.0217903,0.44202179,,,,cornflowerblue,Fresh,Field
2019,,B73,Fresh/Field,,P03,BWR,R02,,278.96981,42.6309,48.75054,,,,,2.755,2.845,5.69,5.51,,,,,46.72367148,611.1189794,0.611118979,46.72367148,611.1189794,0.611118979,,,,cornflowerblue,Fresh,Field
2019,,B73,Fresh/Field,,P03,MWR,R02,,123.26934,21.78113,25.30285,,,,,2.485,2.49,4.98,4.97,,,,,30.01016669,420.4285402,0.42042854,30.01016669,420.4285402,0.42042854,,,,cornflowerblue,Fresh,Field
2019,,B73,Fresh/Field,,P03,TWR,R02,,52.10225,4.56151,7.30556,,,,,2.03,2.185,4.37,4.06,,,,,14.35586734,371.4775467,0.371477547,14.35586734,371.4775467,0.371477547,,,,cornflowerblue,Fresh,Field
2019,,B73,Fresh/Field,,P03,TWR,R03,,44.92018,3.11995,3.96552,,,,,1.905,2.09,4.18,3.81,,,,,11.34804652,405.1593886,0.405159389,11.34804652,405.1593886,0.405159389,,,,cornflowerblue,Fresh,Field
2019,,B73,Fresh/Field,,P03,BWR,R04,,320.47469,49.81925,52.36094,,,,,2.875,2.95,5.9,5.75,,,,,55.05863553,595.7633988,0.595763399,55.05863553,595.7633988,0.595763399,,,,cornflowerblue,Fresh,Field
2019,,B73,Fresh/Field,,P03,MWR,R04,,105.42165,12.57413,18.69213,,,,,2.315,2.355,4.71,4.63,,,,,22.94741548,470.220498,0.470220498,22.94741548,470.220498,0.470220498,,,,cornflowerblue,Fresh,Field
2019,,B73,Fresh/Field,,P03,TWR,R05,,103.07617,21.10206,21.44849,,,,,2.07,2.36,4.72,4.14,,,,,16.44042047,641.7278378,0.641727838,16.44042047,641.7278378,0.641727838,,,,cornflowerblue,Fresh,Field
2019,,B73,Fresh/Field,,P04,BWR,R01,,194.42787,25.6273,25.95995,,,,,1.695,2.06,4.12,3.39,,,,,7.878911265,2525.793468,2.525793468,7.878911265,2525.793468,2.525793468,,,,cornflowerblue,Fresh,Field
2019,,B73,Fresh/Field,,P04,MWR,R01,,116.8885,13.17131,20.07622,,,,,2.37,2.465,4.93,4.74,,,,,25.77222077,464.2217338,0.464221734,25.77222077,464.2217338,0.464221734,,,,cornflowerblue,Fresh,Field
2019,,B73,Fresh/Field,,P04,TWR,R01,,70.82923,11.40402,11.77335,,,,,2.06,2.125,4.25,4.12,,,,,14.58983824,496.8983681,0.496898368,14.58983824,496.8983681,0.496898368,,,,cornflowerblue,Fresh,Field
2019,,B73,Fresh/Field,,P04,BWR,R02,,287.72287,43.08811,45.00459,,,,,2.67,2.695,5.39,5.34,,,,,40.288624,730.9665028,0.730966503,40.288624,730.9665028,0.730966503,,,,cornflowerblue,Fresh,Field
2019,,B73,Fresh/Field,,P04,TWR,R02,,47.22236,6.7347,6.92304,,,,,1.945,1.985,3.97,3.89,,,,,11.47120945,421.3509768,0.421350977,11.47120945,421.3509768,0.421350977,,,,cornflowerblue,Fresh,Field
2019,,B73,Fresh/Field,,P04,BWR,R03,,163.18623,12.99308,34.29671,,,,,2.745,2.805,5.61,5.49,,,,,45.56693248,366.55508,0.36655508,45.56693248,366.55508,0.36655508,,,,cornflowerblue,Fresh,Field
2019,,B73,Fresh/Field,,P04,MWR,R03,,112.97854,14.06515,21.82295,,,,,2.32,2.42,4.84,4.64,,,,,23.73390513,487.2280499,0.48722805,23.73390513,487.2280499,0.48722805,,,,cornflowerblue,Fresh,Field
2019,,B73,Fresh/Field,,P04,TWR,R03,,58.95309,6.16097,6.46561,,,,,1.97,2.16,4.32,3.94,,,,,12.97006973,465.232225,0.465232225,12.97006973,465.232225,0.465232225,,,,cornflowerblue,Fresh,Field
2019,,B73,Fresh/Field,,P04,BWR,R04,,311.90841,45.76444,55.00023,,,,,2.825,2.92,5.84,5.65,,,,,51.70446983,617.4538775,0.617453878,51.70446983,617.4538775,0.617453878,,,,cornflowerblue,Fresh,Field
2019,,B73,Fresh/Field,,P04,TWR,R04,,49.98383,5.74637,7.27589,,,,,2.06,2.14,4.28,4.12,,,,,14.69282533,348.2007817,0.348200782,14.69282533,348.2007817,0.348200782,,,,cornflowerblue,Fresh,Field
2019,,B73,Fresh/Field,,P05,BWR,R01,,266.66779,26.4416,36.61389,,,,,2.315,2.86,5.72,4.63,,,,,27.86819884,979.4159852,0.979415985,27.86819884,979.4159852,0.979415985,,,,cornflowerblue,Fresh,Field
2019,,B73,Fresh/Field,,P05,MWR,R01,,122.80279,24.64585,26.77698,,,,,2.575,2.79,5.58,5.15,,,,,37.41328005,335.9603119,0.335960312,37.41328005,335.9603119,0.335960312,,,,cornflowerblue,Fresh,Field
2019,,B73,Fresh/Field,,P05,TWR,R01,,20.59264,6.4959,6.75629,,,,,2.09,2.1,4.2,4.18,,,,,15.05733228,139.9811379,0.139981138,15.05733228,139.9811379,0.139981138,,,,cornflowerblue,Fresh,Field
2019,,B73,Fresh/Field,,P05,BWR,R02,,305.05991,55.34361,56.52829,,,,,2.59,2.9,5.8,5.18,,,,,39.57192447,789.0481266,0.789048127,39.57192447,789.0481266,0.789048127,,,,cornflowerblue,Fresh,Field
2019,,B73,Fresh/Field,,P05,BWR,R03,,347.58174,52.47672,63.09343,,,,,3.085,3.125,6.25,6.17,,,,,72.06185014,493.6931161,0.493693116,72.06185014,493.6931161,0.493693116,,,,cornflowerblue,Fresh,Field
2019,,B73,Fresh/Field,,P05,MWR,R03,,122.7437,23.63947,24.89625,,,,,1.785,2.04,4.08,3.57,,,,,9.112440595,1378.700799,1.378700799,9.112440595,1378.700799,1.378700799,,,,cornflowerblue,Fresh,Field
2019,,B73,Fresh/Field,,P05,TWR,R03,,29.35947,7.55591,7.55591,,,,,1.965,2.255,4.51,3.93,,,,,13.43767372,223.6297851,0.223629785,13.43767372,223.6297851,0.223629785,,,,cornflowerblue,Fresh,Field
2019,,B73,Fresh/Field,,P05,BWR,R04,,236.10261,49.50163,52.17684,,,,,3.085,3.1,6.2,6.17,,,,,71.48535534,338.0564562,0.338056456,71.48535534,338.0564562,0.338056456,,,,cornflowerblue,Fresh,Field
2019,,B73,Fresh/Field,,P05,MWR,R04,,127.11284,23.82592,24.17058,,,,,2.49,2.53,5.06,4.98,,,,,30.6766862,424.1178049,0.424117805,30.6766862,424.1178049,0.424117805,,,,cornflowerblue,Fresh,Field
2019,,B73,Fresh/Field,,P06,BWR,R01,,240.73178,28.86229,46.96871,,,,,2.33,2.72,5.44,4.66,,,,,27.02256365,911.8269107,0.911826911,27.02256365,911.8269107,0.911826911,,,,cornflowerblue,Fresh,Field
2019,,B73,Fresh/Field,,P06,MWR,R01,,103.53286,10.3427,17.49466,,,,,2.125,2.225,4.45,4.25,,,,,16.76859593,631.956286,0.631956286,16.76859593,631.956286,0.631956286,,,,cornflowerblue,Fresh,Field
2019,,B73,Fresh/Field,,P06,TWR,R01,,65.35467,8.93309,11.04961,,,,,1.88,2.22,4.44,3.76,,,,,11.58554327,577.3853352,0.577385335,11.58554327,577.3853352,0.577385335,,,,cornflowerblue,Fresh,Field
2019,,B73,Fresh/Field,,P06,BWR,R02,,295.5183,49.70814,56.60788,,,,,2.895,2.91,5.82,5.79,,,,,55.45345049,545.4580204,0.54545802,55.45345049,545.4580204,0.54545802,,,,cornflowerblue,Fresh,Field
2019,,B73,Fresh/Field,,P06,MWR,R02,,107.90999,15.87598,18.37689,,,,,2.255,2.405,4.81,4.51,,,,,21.65930918,509.9441081,0.509944108,21.65930918,509.9441081,0.509944108,,,,cornflowerblue,Fresh,Field
2019,,B73,Fresh/Field,,P06,TWR,R02,,99.8054,14.73037,20.59959,,,,,2.375,2.39,4.78,4.75,,,,,25.1465624,406.2383711,0.406238371,25.1465624,406.2383711,0.406238371,,,,cornflowerblue,Fresh,Field
2019,,B73,Fresh/Field,,P06,MWR,R03,,168.93426,25.97118,38.11458,,,,,2.69,2.9,5.8,5.38,,,,,44.33479649,390.0125132,0.390012513,44.33479649,390.0125132,0.390012513,,,,cornflowerblue,Fresh,Field
2019,,B73,Fresh/Field,,P06,TWR,R03,,96.1858,15.36784,15.98804,,,,,1.935,2.51,5.02,3.87,,,,,14.28257492,689.3026963,0.689302696,14.28257492,689.3026963,0.689302696,,,,cornflowerblue,Fresh,Field
2019,,B73,Fresh/Field,,P06,BWR,R04,,273.86582,36.89283,44.94873,,,,,2.795,2.835,5.67,5.59,,,,,48.61702517,576.5738995,0.576573899,48.61702517,576.5738995,0.576573899,,,,cornflowerblue,Fresh,Field
2019,,B73,Fresh/Field,,P06,MWR,R04,,123.18703,20.42542,25.3303,,,,,2.81,2.9,5.8,5.62,,,,,50.53669529,249.4960489,0.249496049,50.53669529,249.4960489,0.249496049,,,,cornflowerblue,Fresh,Field
2019,,B73,Fresh/Field,,P06,TWR,R04,,140.97916,29.93805,30.34426,,,,,2.54,2.655,5.31,5.08,,,,,34.17083227,422.2842548,0.422284255,34.17083227,422.2842548,0.422284255,,,,cornflowerblue,Fresh,Field
2019,,Oh43,Dry/Field,,P01,MWR,R01,,73.06301,7.49223,7.81514,,,0.359,1.901,0.778,2.188,4.376,1.556,0.287,0.419,,,0.809237482,9241.172919,9.241172919,0.740157002,10103.6719,10.1036719,,,,palegreen4,Dry,Field
2019,,Oh43,Dry/Field,,P01,MWR,R01,,100.43167,10.90664,11.22492,,,0.824,2.206,1.333,2.683,5.366,2.666,0.477,0.509,,,4.99115437,2059.563605,2.059563605,4.021812383,2555.962066,2.555962066,,,,palegreen4,Dry,Field
2019,,Oh43,Dry/Field,,P01,MWR,R01,,136.38105,10.44629,13.74488,,,0.836,1.882,1.225,2.274,4.548,2.45,0.392,0.389,,,3.283133994,4251.781605,4.251781605,2.419502775,5769.436954,5.769436954,,,,palegreen4,Dry,Field
2019,,Oh43,Dry/Field,,P01,MWR,R02,,58.95902,3.88702,8.52615,,,0.807,1.844,1.152,2.126,4.252,2.304,0.282,0.345,,,2.552763484,2363.987654,2.363987654,1.791611467,3368.309184,3.368309184,,,,palegreen4,Dry,Field
2019,,Oh43,Dry/Field,,P01,MWR,R02,,146.57626,13.31662,13.40012,,,0.543,2.264,0.847,2.579,5.158,1.694,0.315,0.304,,,1.230811242,12189.27032,12.18927032,0.946125451,15856.97852,15.85697852,,,,palegreen4,Dry,Field
2019,,Oh43,Dry/Field,,P01,MWR,R03,,60.94955,2.60351,8.03993,,,0.818,1.602,1.197,1.902,3.804,2.394,0.3,0.379,,,2.562021944,2434.96759,2.43496759,1.873350137,3330.098456,3.330098456,,,,palegreen4,Dry,Field
2019,,Oh43,Dry/Field,,P01,MWR,R03,,193.7948,13.33367,13.7544,,,0.643,2.027,0.871,2.382,4.764,1.742,0.355,0.228,,,1.236192498,16045.80621,16.04580621,0.812962396,24399.29001,24.39929001,,,,palegreen4,Dry,Field
2019,,Oh43,Dry/Field,,P01,MWR,R04,,163.5415,13.33575,17.49676,,,1.089,2.222,1.391,2.516,5.032,2.782,0.294,0.302,,,5.318411148,3147.397499,3.147397499,3.064599728,5462.101232,5.462101232,,,,palegreen4,Dry,Field
2019,,Oh43,Dry/Field,,P02,MWR,R01,,57.50845,6.60741,6.95912,,,0.855,1.338,1.087,1.676,3.352,2.174,0.338,0.232,,,1.690645403,3481.646397,3.481646397,1.033828472,5693.622912,5.693622912,,,,palegreen4,Dry,Field
2019,,Oh43,Dry/Field,,P02,MWR,R01,,100.32055,12.03159,12.50291,,,0.8,2.02,1.119,2.303,4.606,2.238,0.283,0.319,,,2.534393692,4051.551394,4.051551394,1.722103495,5962.606965,5.962606965,,,,palegreen4,Dry,Field
2019,,Oh43,Dry/Field,,P02,MWR,R01,,126.75847,18.87944,23.55839,,,2.258,2.415,2.557,2.669,5.338,5.114,0.254,0.299,,,35.04536917,370.21318,0.37021318,13.20908039,982.2226216,0.982222622,,,,palegreen4,Dry,Field
2019,,Oh43,Dry/Field,,P02,BWR,R02,,180.16644,13.13059,17.87274,,,1.433,2.414,1.794,2.704,5.408,3.588,0.29,0.361,,,12.26207265,1503.888157,1.503888157,6.682952445,2759.377084,2.759377084,,,,palegreen4,Dry,Field
2019,,Oh43,Dry/Field,,P02,MWR,R02,,50.03433,5.45618,6.98024,,,0.508,1.566,0.799,1.817,3.634,1.598,0.251,0.291,,,0.727922505,7035.394724,7.035394724,0.56668251,9037.198185,9.037198185,,,,palegreen4,Dry,Field
2019,,Oh43,Dry/Field,,P02,MWR,R02,,76.92193,10.22785,10.72346,,,1.564,2.173,1.944,2.533,5.066,3.888,0.36,0.38,,,14.61550591,538.6936375,0.538693638,8.086307687,973.6557584,0.973655758,,,,palegreen4,Dry,Field
2019,,Oh43,Dry/Field,,P02,MWR,R02,,132.72379,23.22586,26.24426,,,1.684,2.305,1.96,2.663,5.326,3.92,0.358,0.276,,,15.74813981,862.6309572,0.862630957,7.102700382,1912.629309,1.912629309,,,,palegreen4,Dry,Field
2019,,Oh43,Dry/Field,,P02,MWR,R03,,116.57291,7.74457,8.38266,,,1.348,1.526,1.721,1.971,3.942,3.442,0.445,0.373,,,7.890765128,1512.112307,1.512112307,4.955048778,2407.993058,2.407993058,,,,palegreen4,Dry,Field
2019,,Oh43,Dry/Field,,P02,MWR,R03,,96.37366,19.63272,23.42352,,,2.055,2.464,2.293,2.874,5.748,4.586,0.41,0.238,,,27.21377623,362.4725057,0.362472506,10.41931549,946.7268432,0.946726843,,,,palegreen4,Dry,Field
2019,,Oh43,Dry/Field,,P02,MWR,R04,,71.12693,8.29175,9.41396,,,0.949,1.985,1.351,2.408,4.816,2.702,0.423,0.402,,,4.663504617,1561.087261,1.561087261,3.33106042,2185.531552,2.185531552,,,,palegreen4,Dry,Field
2019,,Oh43,Dry/Field,,P03,BWR,R01,,190.81067,14.43333,21.77543,,,2.101,3.055,2.474,3.448,6.896,4.948,0.393,0.373,,,41.00683251,476.26861,0.47626861,18.75430979,1041.374881,1.041374881,,,,palegreen4,Dry,Field
2019,,Oh43,Dry/Field,,P03,MWR,R01,,70.56344,7.67225,8.3448,,,0.713,1.698,1.045,1.925,3.85,2.09,0.227,0.332,,,1.725319324,4186.159627,4.186159627,1.241930999,5815.509963,5.815509963,,,,palegreen4,Dry,Field
2019,,Oh43,Dry/Field,,P03,MWR,R01,,130.75238,13.99088,16.01932,,,1.714,2.065,1.964,2.282,4.564,3.928,0.217,0.25,,,13.57781765,985.6555184,0.985655518,5.411196857,2473.214568,2.473214568,,,,palegreen4,Dry,Field
2019,,Oh43,Dry/Field,,P03,MWR,R02,,82.93009,7.79252,9.22337,,,0.989,1.886,1.252,2.152,4.304,2.504,0.266,0.263,,,3.31699743,2559.013214,2.559013214,1.884082378,4505.238386,4.505238386,,,,palegreen4,Dry,Field
2019,,Oh43,Dry/Field,,P03,MWR,R03,,91.5871,6.687055,9.59455,,,1.57,2.02,1.737,2.323,4.646,3.474,0.303,0.167,,,9.561775583,980.3954523,0.980395452,3.422173737,2739.28854,2.73928854,,,,palegreen4,Dry,Field
2019,,Oh43,Dry/Field,,P03,MWR,R04,,87.26328,9.23938,10.78441,,,0.901,2.001,1.218,2.253,4.506,2.436,0.252,0.317,,,3.197370311,2793.470708,2.793470708,2.047864045,4361.500622,4.361500622,,,,palegreen4,Dry,Field
2019,,Oh43,Dry/Field,,P03,MWR,R04,,98.60237,13.47252,15.88691,,,1.481,1.723,1.733,1.97,3.94,3.466,0.247,0.252,,,8.052890535,1253.259729,1.253259729,3.657066145,2759.688508,2.759688508,,,,palegreen4,Dry,Field
2019,,Oh43,Dry/Field,,P04,BWR,R01,,132.6024,13.17797,16.47411,,,1.308,2.124,1.684,2.43,4.86,3.368,0.306,0.376,,,9.11428105,1489.136453,1.489136453,5.381198224,2522.190706,2.522190706,,,,palegreen4,Dry,Field
2019,,Oh43,Dry/Field,,P04,BWR,R02,,220.42203,23.1405,24.59479,,,1.47,1.94,1.835,2.304,4.608,3.67,0.364,0.365,,,11.1809978,2017.808572,2.017808572,6.341017256,3557.964327,3.557964327,,,,palegreen4,Dry,Field
2019,,Oh43,Dry/Field,,P04,MWR,R02,,95.73162,22.49397,24.52438,,,1.953,2.586,2.279,2.977,5.954,4.558,0.391,0.326,,,27.6758961,354.0456342,0.354045634,12.54637673,780.9848532,0.780984853,,,,palegreen4,Dry,Field
2019,,Oh43,Dry/Field,,P04,MWR,R04,,75.30444,8.38542,12.89643,,,0.914,2.278,1.141,2.513,5.026,2.282,0.235,0.227,,,2.931833502,2628.977122,2.628977122,1.565734455,4922.752499,4.922752499,,,,palegreen4,Dry,Field
2019,,Oh43,Dry/Field,,P05,MWR,R01,,147.18822,14.44292,14.98158,,,1.381,2.305,1.661,2.568,5.136,3.322,0.263,0.28,,,9.242592339,1629.989407,1.629989407,4.474530856,3366.906629,3.366906629,,,,palegreen4,Dry,Field
2019,,Oh43,Dry/Field,,P06,MWR,R01,,116.92302,10.48631,14.758,,,1.685,2.691,1.996,2.964,5.928,3.992,0.273,0.311,,,18.51184441,646.4811398,0.64648114,8.400630587,1424.602374,1.424602374,,,,palegreen4,Dry,Field
2019,,Oh43,Dry/Field,,P06,MWR,R01,,211.8085,12.82224,21.36781,,,1.649,2.278,2.001,2.656,5.312,4.002,0.378,0.352,,,16.7131849,1297.148487,1.297148487,8.690761707,2494.543429,2.494543429,,,,palegreen4,Dry,Field
2019,,Oh43,Dry/Field,,P06,BWR,R02,,185.97826,13.54091,21.80944,,,1.661,2.046,1.921,2.352,4.704,3.842,0.306,0.26,,,13.0951143,1453.645183,1.453645183,5.731273203,3321.36493,3.32136493,,,,palegreen4,Dry,Field
2019,,Oh43,Dry/Field,,P06,MWR,R02,,141.92829,14.92544,15.83538,,,2.09,2.213,2.408,2.481,4.962,4.816,0.268,0.318,,,27.2073406,533.9350165,0.533935016,11.33978043,1281.061122,1.281061122,,,,palegreen4,Dry,Field
2019,,Oh43,Dry/Field,,P06,MWR,R04,,137.11616,12.31246,12.3208,,,0.425,1.709,0.764,2.074,4.148,1.528,0.365,0.339,,,0.726404806,19320.37091,19.32037091,0.623366495,22513.89899,22.51389899,,,,palegreen4,Dry,Field
2019,,Oh43,Dry/Field,,P06,MWR,R04,,74.08322,14.66785,14.66957,,,1.556,1.992,1.848,2.252,4.504,3.696,0.26,0.292,,,11.1625693,679.2993657,0.679299366,5.268598319,1439.230282,1.439230282,,,,indianred,Dry,Field
2019,,Oh43,Dry/Field,,P07,MWR,R02,,106.89269,9.70169,10.28628,,,0.604,1.867,0.954,2.127,4.254,1.908,0.26,0.35,,,1.450449108,7543.120365,7.543120365,1.127343114,9705.041945,9.705041945,,,,palegreen4,Dry,Field
2019,,Oh43,Dry/Field,,P07,MWR,R03,,166.18359,11.71028,13.95766,,,0.687,1.792,1.041,2.149,4.298,2.082,0.357,0.354,,,1.904050599,8933.367041,8.933367041,1.447700554,11749.37926,11.74937926,,,,palegreen4,Dry,Field
2019,,Oh43,Fresh/Field,,P01,TWR,R01,,73.48959,11.44853,14.49338,,,,,2.295,2.365,4.73,4.59,,,,,22.45272701,335.0134591,0.335013459,22.45272701,335.0134591,0.335013459,,,,cornflowerblue,Fresh,Field
2019,,Oh43,Fresh/Field,,P01,MWR,R02,,125.58846,18.67444,33.07038,,,,,2.645,2.795,5.59,5.29,,,,,40.62082342,316.4510486,0.316451049,40.62082342,316.4510486,0.316451049,,,,cornflowerblue,Fresh,Field
2019,,Oh43,Fresh/Field,,P01,MWR,R03,,121.11033,22.98234,25.83434,,,,,2.585,2.64,5.28,5.17,,,,,35.81586551,346.1077019,0.346107702,35.81586551,346.1077019,0.346107702,,,,cornflowerblue,Fresh,Field
2019,,Oh43,Fresh/Field,,P01,TWR,R03,,96.96958,19.98269,19.98269,,,,,2.34,2.4,4.8,4.68,,,,,24.15175505,410.9531806,0.410953181,24.15175505,410.9531806,0.410953181,,,,cornflowerblue,Fresh,Field
2019,,Oh43,Fresh/Field,,P01,MWR,R04,,127.38387,30.97203,32.50254,,,,,2.7,2.715,5.43,5.4,,,,,41.97116342,310.6482832,0.310648283,41.97116342,310.6482832,0.310648283,,,,cornflowerblue,Fresh,Field
2019,,Oh43,Fresh/Field,,P02,BWR,R01,,163.23296,22.14098,22.62478,,,,,1.935,2.185,4.37,3.87,,,,,12.43323753,1343.783029,1.343783029,12.43323753,1343.783029,1.343783029,,,,cornflowerblue,Fresh,Field
2019,,Oh43,Fresh/Field,,P02,TWR,R02,,114.53187,17.77049,22.51159,,,,,2.35,2.7,5.4,4.7,,,,,27.52055781,425.9657159,0.425965716,27.52055781,425.9657159,0.425965716,,,,cornflowerblue,Fresh,Field
2019,,Oh43,Fresh/Field,,P02,MWR,R03,,190.73798,27.00961,40.42011,,,,,2.88,2.965,5.93,5.76,,,,,55.62782021,350.9543772,0.350954377,55.62782021,350.9543772,0.350954377,,,,cornflowerblue,Fresh,Field
2019,,Oh43,Fresh/Field,,P03,BWR,R01,,213.6397,37.58775,40.79914,,,,,2.7,2.83,5.66,5.4,,,,,43.7489475,499.8271892,0.499827189,43.7489475,499.8271892,0.499827189,,,,cornflowerblue,Fresh,Field
2019,,Oh43,Fresh/Field,,P03,MWR,R01,,80.501,16.68914,24.20286,,,,,2.45,2.52,5.04,4.9,,,,,29.10641219,283.0858272,0.283085827,29.10641219,283.0858272,0.283085827,,,,cornflowerblue,Fresh,Field
2019,,Oh43,Fresh/Field,,P03,TWR,R01,,62.52214,15.27429,15.71394,,,,,2.155,2.405,4.81,4.31,,,,,18.90369866,338.5264257,0.338526426,18.90369866,338.5264257,0.338526426,,,,cornflowerblue,Fresh,Field
2019,,Oh43,Fresh/Field,,P03,BWR,R02,,229.28421,30.55741,45.85977,,,,,2.84,3.01,6.02,5.68,,,,,54.15161297,433.3794131,0.433379413,54.15161297,433.3794131,0.433379413,,,,cornflowerblue,Fresh,Field
2019,,Oh43,Fresh/Field,,P03,MWR,R02,,136.76194,27.43805,30.09813,,,,,3.1,3.19,6.38,6.2,,,,,74.63897143,187.544846,0.187544846,74.63897143,187.544846,0.187544846,,,,cornflowerblue,Fresh,Field
2019,,Oh43,Fresh/Field,,P03,TWR,R03,,58.93048,9.6515,10.00332,,,,,1.865,1.96,3.92,3.73,,,,,9.985790747,604.0363076,0.604036308,9.985790747,604.0363076,0.604036308,,,,cornflowerblue,Fresh,Field
2019,,Oh43,Fresh/Field,,P04,BWR,R01,,122.72751,9.72717,27.84951,,,,,2.56,2.82,5.64,5.12,,,,,37.15856087,338.0559344,0.338055934,37.15856087,338.0559344,0.338055934,,,,cornflowerblue,Fresh,Field
2019,,Oh43,Fresh/Field,,P04,MWR,R02,,164.65504,23.99881,45.87537,,,,,2.955,3.06,6.12,5.91,,,,,62.0131459,271.7670449,0.271767045,62.0131459,271.7670449,0.271767045,,,,cornflowerblue,Fresh,Field
2019,,Oh43,Fresh/Field,,P04,TWR,R02,,63.57555,8.75543,11.76668,,,,,1.86,2.245,4.49,3.72,,,,,11.34605957,573.5226755,0.573522676,11.34605957,573.5226755,0.573522676,,,,cornflowerblue,Fresh,Field
2019,,Oh43,Fresh/Field,,P04,MWR,R03,,129.15589,31.20428,39.36015,,,,,3.05,3.15,6.3,6.1,,,,,70.19399383,188.330123,0.188330123,70.19399383,188.330123,0.188330123,,,,cornflowerblue,Fresh,Field
2019,,Oh43,Fresh/Field,,P04,TWR,R03,,83.65201,12.17155,19.34379,,,,,2.195,2.325,4.65,4.39,,,,,19.31151796,443.3691744,0.443369174,19.31151796,443.3691744,0.443369174,,,,cornflowerblue,Fresh,Field
2019,,Oh43,Fresh/Field,,P05,BWR,R01,,68.4882,7.09349,16.0389,,,,,2.35,2.67,5.34,4.7,,,,,27.21477384,257.582616,0.257582616,27.21477384,257.582616,0.257582616,,,,cornflowerblue,Fresh,Field
2019,,Oh43,Fresh/Field,,P05,MWR,R01,,111.9337,18.83248,23.37102,,,,,2.205,2.31,4.62,4.41,,,,,19.45035994,589.031803,0.589031803,19.45035994,589.031803,0.589031803,,,,cornflowerblue,Fresh,Field
2019,,Oh43,Fresh/Field,,P05,TWR,R01,,68.66569,16.88981,16.89926,,,,,2.025,2.035,4.07,4.05,,,,,13.27178622,529.5609318,0.529560932,13.27178622,529.5609318,0.529560932,,,,cornflowerblue,Fresh,Field
2019,,Oh43,Fresh/Field,,P05,BWR,R02,,177.3148,17.88194,23.58996,,,,,2.225,2.495,4.99,4.45,,,,,21.58492169,840.8141969,0.840814197,21.58492169,840.8141969,0.840814197,,,,cornflowerblue,Fresh,Field
2019,,Oh43,Fresh/Field,,P05,TWR,R02,,71.32771,13.8219,14.3122,,,,,2.055,2.135,4.27,4.11,,,,,14.55201854,501.6959192,0.501695919,14.55201854,501.6959192,0.501695919,,,,cornflowerblue,Fresh,Field
2019,,Oh43,Fresh/Field,,P05,BWR,R03,,176.0072,36.38087,37.00059,,,,,2.895,3.145,6.29,5.79,,,,,59.9316501,300.5935971,0.300593597,59.9316501,300.5935971,0.300593597,,,,cornflowerblue,Fresh,Field
2019,,Oh43,Fresh/Field,,P05,MWR,R03,,105.26155,24.62507,26.77585,,,,,2.215,2.535,5.07,4.43,,,,,21.63660102,497.9505895,0.49795059,21.63660102,497.9505895,0.49795059,,,,cornflowerblue,Fresh,Field
2019,,Oh43,Fresh/Field,,P05,TWR,R03,,71.96461,13.42426,13.46813,,,,,2.065,2.22,4.44,4.13,,,,,15.35334553,479.7571756,0.479757176,15.35334553,479.7571756,0.479757176,,,,cornflowerblue,Fresh,Field
2019,,Oh43,Fresh/Field,,P05,MWR,R04,,106.94334,24.94904,27.48355,,,,,2.37,2.745,5.49,4.74,,,,,28.69969413,381.4011535,0.381401154,28.69969413,381.4011535,0.381401154,,,,cornflowerblue,Fresh,Field
2019,,Oh43,Fresh/Field,,P06,BWR,R01,,202.06092,23.65553,38.60097,,,,,3.19,3.28,6.56,6.38,,,,,83.62493135,247.315923,0.247315923,83.62493135,247.315923,0.247315923,,,,cornflowerblue,Fresh,Field
2019,,Oh43,Fresh/Field,,P06,MWR,R01,,88.92569,16.84461,21.30442,,,,,2.325,2.54,5.08,4.65,,,,,25.07220151,363.0281486,0.363028149,25.07220151,363.0281486,0.363028149,,,,cornflowerblue,Fresh,Field
2019,,Oh43,Fresh/Field,,P06,TWR,R01,,73.71071,10.15998,13.32581,,,,,1.85,1.955,3.91,3.7,,,,,9.721915194,776.0403322,0.776040332,9.721915194,776.0403322,0.776040332,,,,cornflowerblue,Fresh,Field
2019,,Oh43,Fresh/Field,,P06,TWR,R02,,74.8461,10.56564,17.20819,,,,,2.075,2.15,4.3,4.15,,,,,15.08629669,507.7992532,0.507799253,15.08629669,507.7992532,0.507799253,,,,cornflowerblue,Fresh,Field
2019,,Oh43,Fresh/Field,,P06,MWR,R03,,88.90784,20.05901,24.93525,,,,,2.345,2.49,4.98,4.69,,,,,25.21841397,360.8509196,0.36085092,25.21841397,360.8509196,0.36085092,,,,cornflowerblue,Fresh,Field
2019,,Oh43,Fresh/Field,,P06,TWR,R03,,63.73937,3.82511,11.2834,,,,,2.005,2.08,4.16,4.01,,,,,13.16728838,495.4695236,0.495469524,13.16728838,495.4695236,0.495469524,,,,cornflowerblue,Fresh,Field
2019,,Oh43,Fresh/Field,,P06,MWR,R04,,130.66546,16.63254,22.57911,,,,,2.395,2.42,4.84,4.79,,,,,26.11089754,512.2058424,0.512205842,26.11089754,512.2058424,0.512205842,,,,cornflowerblue,Fresh,Field
