Geno,Plant,WR,Root,ai,bi,ao,bo,MajorD,MinorD,K,BL,UL,MOI,E_MPa,E_GPa,Condition
A632,P01,BWR,R01,2.179,2.796,2.735,3.3,6.6,5.47,202.51006,20.59314,24.77087,30.30490772,683.9733228,0.683973323,Dry/Field
B73,P01,BWR,R01,1.521,1.917,1.855,2.168,4.336,3.71,141.81426,,15.73791,5.570932839,2605.538574,2.605538574,Dry/Field
B73,P01,BWR,R01,1.829,2.26,2.175,2.634,5.268,4.35,200.76475,15.86752,17.67753,10.42523904,1971.092327,1.971092327,Dry/Field
B73,P01,BWR,R02,2.57,2.83,2.845,3.129,6.258,5.69,102.17156,20.11208,21.12525,18.86129985,554.4519712,0.554451971,Dry/Field
A632,P02,BWR,R01,1.912,2.513,2.285,2.979,5.958,4.57,140.87561,14.50338,21.27872,14.11802946,1021.332737,1.021332737,Dry/Field
B73,P02,BWR,R01,1.899,2.088,2.258,2.383,4.766,4.516,119.05163,13.13229,15.86088,10.3165455,1181.154135,1.181154136,Dry/Field
B73,P02,BWR,R01,1.634,2.379,1.979,2.673,5.346,3.958,63.54866,6.85154,12.47626,8.119893438,801.0536329,0.801053633,Dry/Field
B73,P02,BWR,R02,2.036,2.648,2.254,2.851,5.702,4.508,136.47077,15.68447,18.25818,8.089230236,1726.783826,1.726783826,Dry/Field
B73,P02,BWR,R02,1.505,2.389,1.776,2.743,5.486,3.552,57.36053,5.33845,10.31018,5.672153435,1035.072361,1.035072361,Dry/Field
Oh43,P02,BWR,R02,1.433,2.414,1.794,2.704,5.408,3.588,180.16644,13.13059,17.87274,6.682952445,2759.377084,2.759377084,Dry/Field
A632,P02,BWR,R03,1.307,1.871,1.688,2.279,4.558,3.376,87.14099,10.08959,13.69911,5.328096074,1674.001987,1.674001987,Dry/Field
B73,P02,BWR,R03,1.639,2.454,1.974,2.838,5.676,3.948,122.06108,,16.90457,8.659279615,1442.78285,1.44278285,Dry/Field
B73,P02,BWR,R03,1.536,2.501,1.842,2.834,5.668,3.684,134.01469,10.21687,15.76979,6.792692854,2019.370257,2.019370257,Dry/Field
Oh43,P02,BWR,R03,1.469,2.242,1.747,2.691,5.382,3.494,80.37522,,,5.686906527,1446.610495,1.446610495,Dry/Field
A632,P02,BWR,R04,1.442,2.523,1.755,2.83,5.66,3.51,153.14986,14.62994,17.67915,6.072961519,2581.199674,2.581199674,Dry/Field
A632,P03,BWR,R01,2.061,2.579,2.505,2.825,5.65,5.01,215.16161,,21.20415,17.14367634,1284.595373,1.284595373,Dry/Field
B73,P03,BWR,R01,1.952,2.27,2.369,2.632,5.264,4.738,104.15063,14.09722,18.36753,14.22307515,749.5039455,0.749503945,Dry/Field
B73,P03,BWR,R01,2.044,2.537,2.415,2.933,5.866,4.83,71.0019,13.90337,15.97305,15.42959071,471.0001997,0.4710002,Dry/Field
Oh43,P03,BWR,R01,2.101,3.055,2.474,3.448,6.896,4.948,190.81067,14.43333,21.77543,18.75430979,1041.374881,1.041374881,Dry/Field
A632,P03,BWR,R02,2.084,2.57,2.412,2.892,5.784,4.824,100.72932,10.94512,13.10172,13.60373218,757.8850765,0.757885076,Dry/Field
B73,P03,BWR,R02,1.84,2.501,2.131,3.002,6.004,4.262,142.63594,10.07047,17.5408,10.58010431,1379.890249,1.379890249,Dry/Field
B73,P03,BWR,R03,2.354,2.458,2.679,2.872,5.744,5.358,71.05861,16.12946,18.57821,18.18825004,399.8815056,0.399881506,Dry/Field
Oh43,P03,BWR,R03,1.62,2.48,1.916,2.801,5.602,3.832,108.15763,,15.99776,7.192460814,1539.165019,1.539165019,Dry/Field
B73,P03,BWR,R04,1.977,2.691,2.282,2.963,5.926,4.564,248.60814,16.6347,25.14729,11.32326182,2247.239303,2.247239302,Dry/Field
A632,P04,BWR,R01,1.235,2.34,1.518,2.724,5.448,3.036,126.15238,10.09786,17.11897,4.021792892,3210.563566,3.210563566,Dry/Field
A632,P04,BWR,R01,1.299,2.021,1.53,2.251,4.502,3.06,116.84515,2.97622,8.86488,2.852747884,4192.304558,4.192304558,Dry/Field
A632,P04,BWR,R01,2.025,2.803,2.393,3.199,6.398,4.786,218.37327,,,16.14911939,1384.063956,1.384063956,Dry/Field
B73,P04,BWR,R01,2.084,2.53,2.363,2.947,5.894,4.726,58.86592,10.00445,12.38714,12.55473351,479.9123918,0.479912392,Dry/Field
Oh43,P04,BWR,R01,2.518,2.624,2.876,3.309,6.618,5.752,179.24092,,23.03283,28.92156481,634.3382565,0.634338257,Dry/Field
Oh43,P04,BWR,R01,1.308,2.124,1.684,2.43,4.86,3.368,132.6024,13.17797,16.47411,5.381198224,2522.190706,2.522190706,Dry/Field
A632,P04,BWR,R02,1.478,2.583,1.976,2.899,5.798,3.952,310.73309,,28.4085,11.0171092,2886.857697,2.886857697,Dry/Field
A632,P04,BWR,R02,2.044,2.422,2.37,2.748,5.496,4.74,318.21936,14.07814,38.74653,12.48654697,2608.493565,2.608493565,Dry/Field
Oh43,P04,BWR,R02,1.47,1.94,1.835,2.304,4.608,3.67,220.42203,23.1405,24.59479,6.341017256,3557.964327,3.557964327,Dry/Field
A632,P05,BWR,R01,1.842,2.522,2.16,2.929,5.858,4.32,137.5726,4.00778,15.83545,10.8035255,1303.382755,1.303382755,Dry/Field
B73,P05,BWR,R01,2.04,2.717,2.617,2.936,5.872,5.234,121.28975,,17.04188,23.21288806,534.8111469,0.534811147,Dry/Field
B73,P05,BWR,R01,2.478,2.791,2.828,3.163,6.326,5.656,117.89217,19.12243,20.79028,22.83145538,528.5144821,0.528514482,Dry/Field
A632,P05,BWR,R02,2.428,3.427,2.741,3.693,7.386,5.482,135.7,17.65853,20.02574,21.20486484,655.0129191,0.655012919,Dry/Field
A632,P05,BWR,R03,2.406,2.97,2.782,3.36,6.72,5.564,268.97557,,27.4328,24.33114448,1131.503302,1.131503302,Dry/Field
B73,P05,BWR,R03,1.149,1.576,1.436,1.912,3.824,2.872,248.55303,12.59229,14.16623,2.569119945,9902.394128,9.902394129,Dry/Field
A632,P06,BWR,R01,1.745,2.48,2.017,2.718,5.436,4.034,192.74651,15.12154,18.13068,7.167188777,2752.600639,2.752600639,Dry/Field
A632,P06,BWR,R01,2.556,2.769,2.807,3.147,6.294,5.614,219.36847,,20.73173,18.34978689,1223.626033,1.223626033,Dry/Field
B73,P06,BWR,R01,1.483,2.295,1.794,2.533,5.066,3.588,69.01143,5.07359,10.59183,5.607724183,1259.621047,1.259621047,Dry/Field
Oh43,P06,BWR,R01,1.418,1.775,1.843,2.126,4.252,3.686,125.1576,,,6.477900811,1977.554492,1.977554492,Dry/Field
A632,P06,BWR,R02,2.786,2.799,3.112,3.127,6.254,6.224,299.37834,16.04752,28.92044,26.48038483,1157.181842,1.157181842,Dry/Field
B73,P06,BWR,R02,1.915,2.488,2.224,2.773,5.546,4.448,61.85067,9.02468,11.80266,10.23472167,618.5487002,0.6185487,Dry/Field
Oh43,P06,BWR,R02,1.661,2.046,1.921,2.352,4.704,3.842,185.97826,13.54091,21.80944,5.731273203,3321.36493,3.32136493,Dry/Field
A632,P08,BWR,R01,0.759,2.314,1.009,2.576,5.152,2.018,218.18114,14.58835,15.12836,1.283649895,17397.07132,17.39707132,Dry/Field
A632,P08,BWR,R01,0.719,2.134,0.971,2.502,5.004,1.942,153.55436,12.48415,14.2383,1.176039881,13364.28196,13.36428196,Dry/Field
A632,P08,BWR,R02,2.003,2.375,2.396,2.771,5.542,4.792,216.57867,,26.03521,14.94570545,1483.217326,1.483217326,Dry/Field
A632,P08,BWR,R03,1.223,2.859,1.589,3.269,6.538,3.178,123.14082,12.39326,14.24319,6.193376173,2035.073547,2.035073547,Dry/Field
A632,P09,BWR,R01,2.008,2.165,2.225,2.518,5.036,4.45,207.72545,12.49582,20.74436,8.016913759,2652.088568,2.652088568,Dry/Field
A632,P09,BWR,R02,1.695,2.285,2.077,2.726,5.452,4.154,119.48387,11.32102,14.86039,10.44391213,1170.985717,1.170985717,Dry/Field
A632,P10,BWR,R01,2.065,2.504,2.437,3.016,6.032,4.874,172.86229,16.8298,20.51822,16.96624226,1042.845868,1.042845868,Dry/Field
B73,P11,BWR,R01,1.727,1.982,2.044,2.341,4.682,4.088,183.48049,11.14468,20.75183,7.683157692,2444.306548,2.444306548,Dry/Field
B73,P11,BWR,R02,1.201,1.82,1.446,2.046,4.092,2.892,246.35948,14.72068,21.91976,2.382253598,10584.90133,10.58490133,Dry/Field
B73,P11,BWR,R03,2.331,2.469,2.595,2.747,5.494,5.19,109.67504,13.49841,19.12465,13.14114018,854.2407409,0.854240741,Dry/Field
B73,P11,BWR,R04,1.393,2.046,1.766,2.336,4.672,3.532,254.54471,24.44353,32.56108,5.761374737,4522.134536,4.522134536,Dry/Field
A632,P01,MWR,R01,1.002,1.773,1.358,2.077,4.154,2.716,255.47811,11.80722,16.24245,2.684433578,9741.067637,9.741067637,Dry/Field
A632,P01,MWR,R01,0.329,1.178,0.611,1.489,2.978,1.222,58.14185,2.71433,3.38023,0.233804793,25453.11642,25.45311642,Dry/Field
A632,P01,MWR,R01,1.693,2.067,1.971,2.29,4.58,3.942,96.56295,,11.77265,5.893893978,1676.92536,1.67692536,Dry/Field
A632,P01,MWR,R01,1.579,2.024,1.822,2.344,4.688,3.644,86.6232,8.6361,10.96072,4.876899468,1818.008657,1.818008657,Dry/Field
B73,P01,MWR,R01,1.546,1.989,1.725,2.554,5.108,3.45,121.25209,12.13737,16.75431,4.523869798,2743.371755,2.743371755,Dry/Field
Oh43,P01,MWR,R01,0.359,1.901,0.778,2.188,4.376,1.556,73.06301,7.49223,7.81514,0.740157002,10103.6719,10.1036719,Dry/Field
Oh43,P01,MWR,R01,0.824,2.206,1.333,2.683,5.366,2.666,100.43167,10.90664,11.22492,4.021812383,2555.962066,2.555962066,Dry/Field
Oh43,P01,MWR,R01,1.485,2.355,1.833,2.651,5.302,3.666,251.66532,,22.01239,6.765886118,3807.187065,3.807187065,Dry/Field
Oh43,P01,MWR,R01,0.836,1.882,1.225,2.274,4.548,2.45,136.38105,10.44629,13.74488,2.419502775,5769.436954,5.769436954,Dry/Field
A632,P01,MWR,R02,0.986,1.616,1.315,1.814,3.628,2.63,183.55497,10.95831,13.82463,2.023057518,9286.743368,9.286743368,Dry/Field
A632,P01,MWR,R02,0.912,1.3,1.191,1.554,3.108,2.382,64.94889,3.07933,4.76817,1.287447295,5163.543036,5.163543036,Dry/Field
A632,P01,MWR,R02,1.122,1.62,1.379,1.823,3.646,2.758,116.13464,5.53459,9.76953,1.957502604,6072.464106,6.072464106,Dry/Field
A632,P01,MWR,R02,0.704,1.867,0.921,2.245,4.49,1.842,164.84526,15.55354,15.78624,0.865853921,19486.65798,19.48665798,Dry/Field
A632,P01,MWR,R02,1.315,2.197,1.601,2.528,5.056,3.202,49.99962,4.54542,5.69624,4.224098338,1211.541264,1.211541264,Dry/Field
B73,P01,MWR,R02,1.71,2.412,2.044,2.75,5.5,4.088,151.12232,,14.21022,8.972128906,1724.00545,1.72400545,Dry/Field
B73,P01,MWR,R02,1.122,2.151,1.55,2.417,4.834,3.1,111.18099,8.58762,16.09961,4.682848219,2430.110277,2.430110277,Dry/Field
Oh43,P01,MWR,R02,0.807,1.844,1.152,2.126,4.252,2.304,58.95902,3.88702,8.52615,1.791611467,3368.309184,3.368309184,Dry/Field
Oh43,P01,MWR,R02,1.725,1.94,2.188,2.271,4.542,4.376,302.79528,,26.84378,10.8621621,2853.24029,2.85324029,Dry/Field
Oh43,P01,MWR,R02,0.543,2.264,0.847,2.579,5.158,1.694,146.57626,13.31662,13.40012,0.946125451,15856.97852,15.85697852,Dry/Field
A632,P01,MWR,R03,0.617,1.868,0.901,2.166,4.332,1.802,200.86305,11.41444,11.94439,0.899687607,22851.45414,22.85145414,Dry/Field
B73,P01,MWR,R03,1.132,2.336,1.427,2.723,5.446,2.854,127.56021,8.64328,9.82274,3.553196458,3674.527752,3.674527752,Dry/Field
B73,P01,MWR,R03,1.512,2.345,2.188,2.688,5.376,4.376,86.02204,,12.71818,15.74736928,559.1228644,0.559122864,Dry/Field
Oh43,P01,MWR,R03,0.818,1.602,1.197,1.902,3.804,2.394,60.94955,2.60351,8.03993,1.873350137,3330.098456,3.330098456,Dry/Field
Oh43,P01,MWR,R03,1.352,2.416,1.657,2.719,5.438,3.314,134.68821,,,5.026136862,2742.842042,2.742842042,Dry/Field
Oh43,P01,MWR,R03,1.828,2.31,2.306,2.765,5.53,4.612,205.65324,,36.04203,15.54718111,1353.908844,1.353908844,Dry/Field
Oh43,P01,MWR,R03,0.643,2.027,0.871,2.382,4.764,1.742,193.7948,13.33367,13.7544,0.812962396,24399.29001,24.39929001,Dry/Field
A632,P01,MWR,R04,0.761,2.021,1.082,2.322,4.644,2.164,148.45812,7.56117,13.71589,1.61058033,9434.678219,9.434678219,Dry/Field
A632,P01,MWR,R04,0.719,1.963,1.038,2.309,4.618,2.076,123.98227,5.63863,9.5805,1.45512138,8720.992011,8.720992011,Dry/Field
B73,P01,MWR,R04,1.87,2.355,2.181,2.6,5.2,4.362,64.02177,,11.06425,9.090092991,720.8831553,0.720883155,Dry/Field
Oh43,P01,MWR,R04,1.615,2.321,1.911,2.65,5.3,3.822,88.10155,,,6.846446181,1317.115551,1.317115551,Dry/Field
Oh43,P01,MWR,R04,1.089,2.222,1.391,2.516,5.032,2.782,163.5415,13.33575,17.49676,3.064599728,5462.101232,5.462101232,Dry/Field
A632,P02,MWR,R01,1.085,1.927,1.328,2.247,4.494,2.656,101.60298,6.93561,10.90166,2.200078329,4726.871863,4.726871863,Dry/Field
A632,P02,MWR,R01,1.702,2.442,1.908,2.734,5.468,3.816,122.34627,12.88491,13.59637,5.458861559,2294.004047,2.294004047,Dry/Field
A632,P02,MWR,R01,1.116,1.928,1.415,2.23,4.46,2.83,125.98533,8.04212,10.67891,2.857386876,4512.907781,4.512907781,Dry/Field
A632,P02,MWR,R01,1.377,2.362,1.701,2.686,5.372,3.402,193.43042,23.87923,24.24997,5.539027654,3574.347464,3.574347464,Dry/Field
B73,P02,MWR,R01,1.313,1.957,1.653,2.186,4.372,3.306,106.40468,7.70647,12.92906,4.27542182,2547.342183,2.547342182,Dry/Field
B73,P02,MWR,R01,1.051,1.736,1.312,1.917,3.834,2.624,52.98596,2.86483,4.95428,1.817391628,2984.130496,2.984130496,Dry/Field
Oh43,P02,MWR,R01,0.855,1.338,1.087,1.676,3.352,2.174,57.50845,6.60741,6.95912,1.033828472,5693.622912,5.693622912,Dry/Field
Oh43,P02,MWR,R01,0.8,2.02,1.119,2.303,4.606,2.238,100.32055,12.03159,12.50291,1.722103495,5962.606965,5.962606965,Dry/Field
Oh43,P02,MWR,R01,2.258,2.415,2.557,2.669,5.338,5.114,126.75847,18.87944,23.55839,13.20908039,982.2226216,0.982222622,Dry/Field
A632,P02,MWR,R02,0.615,1.678,0.879,1.947,3.894,1.758,180.79488,9.78225,11.02125,0.731984019,25280.75588,25.28075588,Dry/Field
A632,P02,MWR,R02,1.425,2.079,2.306,2.768,5.536,4.612,174.40017,21.03882,23.40311,21.93352727,813.8492205,0.81384922,Dry/Field
A632,P02,MWR,R02,1.129,2.276,1.41,2.617,5.234,2.82,127.76635,10.36685,17.52944,3.189271619,4100.440427,4.100440427,Dry/Field
B73,P02,MWR,R02,1.079,1.793,1.256,2.058,4.116,2.512,136.57832,5.87622,12.36328,1.433583668,9751.338858,9.751338859,Dry/Field
B73,P02,MWR,R02,0.772,1.869,1.028,2.176,4.352,2.056,43.1464,3.62714,5.92926,1.181257277,3738.570676,3.738570676,Dry/Field
Oh43,P02,MWR,R02,0.508,1.566,0.799,1.817,3.634,1.598,50.03433,5.45618,6.98024,0.56668251,9037.198185,9.037198185,Dry/Field
Oh43,P02,MWR,R02,1.564,2.173,1.944,2.533,5.066,3.888,76.92193,10.22785,10.72346,8.086307687,973.6557584,0.973655758,Dry/Field
Oh43,P02,MWR,R02,1.684,2.305,1.96,2.663,5.326,3.92,132.72379,23.22586,26.24426,7.102700382,1912.629309,1.912629309,Dry/Field
A632,P02,MWR,R03,0.669,1.543,0.895,1.868,3.736,1.79,123.66173,11.31764,11.64223,0.688950645,18371.84334,18.37184334,Dry/Field
B73,P02,MWR,R03,1.454,1.99,1.639,2.25,4.5,3.278,154.36935,6.67467,10.40168,2.976164385,5308.962858,5.308962858,Dry/Field
B73,P02,MWR,R03,1.173,1.755,1.393,2.043,4.086,2.786,56.89356,2.82244,6.43006,2.112574811,2756.490749,2.756490749,Dry/Field
Oh43,P02,MWR,R03,1.348,1.526,1.721,1.971,3.942,3.442,116.57291,7.74457,8.38266,4.955048778,2407.993058,2.407993058,Dry/Field
Oh43,P02,MWR,R03,2.055,2.464,2.293,2.874,5.748,4.586,96.37366,19.63272,23.42352,10.41931549,946.7268432,0.946726843,Dry/Field
A632,P02,MWR,R04,0.686,1.751,1.057,1.979,3.958,2.114,90.74385,8.87958,11.46122,1.391561777,6674.523045,6.674523045,Dry/Field
A632,P02,MWR,R04,1.328,2.039,1.664,2.396,4.792,3.328,127.00554,8.15051,9.86694,4.919745599,2642.320816,2.642320816,Dry/Field
B73,P02,MWR,R04,1.105,2.055,1.371,2.357,4.714,2.742,126.6295,7.49612,12.84109,2.592824924,4998.816861,4.998816861,Dry/Field
Oh43,P02,MWR,R04,0.949,1.985,1.351,2.408,4.816,2.702,71.12693,8.29175,9.41396,3.33106042,2185.531552,2.185531552,Dry/Field
A632,P03,MWR,R01,1.298,2.458,1.68,2.885,5.77,3.36,105.37208,10.34671,15.04359,6.522156926,1653.635685,1.653635685,Dry/Field
A632,P03,MWR,R01,0.725,2.025,1.067,2.216,4.432,2.134,149.17913,7.35726,12.65998,1.508154665,10124.36316,10.12436316,Dry/Field
A632,P03,MWR,R01,1.571,1.954,1.949,2.374,4.748,3.898,181.20499,9.19981,17.54173,7.853680323,2361.578901,2.361578901,Dry/Field
B73,P03,MWR,R01,1.534,1.975,1.788,2.158,4.316,3.576,77.73249,,12.01715,4.088925888,1945.802994,1.945802994,Dry/Field
B73,P03,MWR,R01,1.863,1.965,2.118,2.261,4.522,4.236,62.71982,4.48216,12.15839,6.892976356,931.3298897,0.93132989,Dry/Field
Oh43,P03,MWR,R01,0.713,1.698,1.045,1.925,3.85,2.09,70.56344,7.67225,8.3448,1.241930999,5815.509963,5.815509963,Dry/Field
Oh43,P03,MWR,R01,1.635,1.818,2.002,2.19,4.38,4.004,68.54458,,,7.560744112,927.9276301,0.92792763,Dry/Field
Oh43,P03,MWR,R01,1.714,2.065,1.964,2.282,4.564,3.928,130.75238,13.99088,16.01932,5.411196857,2473.214568,2.473214568,Dry/Field
A632,P03,MWR,R02,1.521,2.145,1.733,2.434,4.868,3.466,135.20273,12.53613,14.58327,4.021658027,3441.009321,3.441009321,Dry/Field
A632,P03,MWR,R02,1.435,1.835,1.593,2.074,4.148,3.186,87.83806,6.70629,9.09052,2.326105967,3865.082485,3.865082485,Dry/Field
A632,P03,MWR,R02,1.533,2.333,1.849,2.666,5.332,3.698,102.81482,12.35473,15.20223,6.634797408,1586.111011,1.586111011,Dry/Field
B73,P03,MWR,R02,1.667,2.341,2.028,2.621,5.242,4.056,62.7241,5.70269,6.73675,8.652398305,741.9992422,0.741999242,Dry/Field
Oh43,P03,MWR,R02,0.989,1.886,1.252,2.152,4.304,2.504,82.93009,7.79252,9.22337,1.884082378,4505.238386,4.505238386,Dry/Field
Oh43,P03,MWR,R02,0.926,2.376,1.5,2.726,5.452,3,48.71105,,8.59751,5.744128758,867.978268,0.867978268,Dry/Field
A632,P03,MWR,R03,1.164,1.821,1.399,2.068,4.136,2.798,132.16498,7.40056,11.07923,2.191687871,6172.245862,6.172245862,Dry/Field
A632,P03,MWR,R03,1.203,2.282,1.515,2.544,5.088,3.03,80.251,7.83732,10.73346,3.827417777,2146.100768,2.146100768,Dry/Field
B73,P03,MWR,R03,1.527,2.243,1.739,2.624,5.248,3.478,77.50428,4.71296,9.7953,4.565646242,1737.516569,1.737516569,Dry/Field
B73,P03,MWR,R03,1.529,2.314,1.874,2.565,5.13,3.748,46.94812,5.04312,8.32512,6.761800199,710.6592265,0.710659227,Dry/Field
Oh43,P03,MWR,R03,1.57,2.02,1.737,2.323,4.646,3.474,91.5871,6.687055,9.59455,3.422173737,2739.28854,2.73928854,Dry/Field
B73,P03,MWR,R04,1.566,2.293,1.883,2.392,4.784,3.766,57.49724,5.36626,7.85233,5.626790642,1045.903866,1.045903866,Dry/Field
B73,P03,MWR,R04,1.932,2.375,2.189,2.671,5.342,4.378,73.27033,,10.36411,8.5523421,876.8970512,0.876897051,Dry/Field
Oh43,P03,MWR,R04,0.901,2.001,1.218,2.253,4.506,2.436,87.26328,9.23938,10.78441,2.047864045,4361.500622,4.361500622,Dry/Field
Oh43,P03,MWR,R04,1.481,1.723,1.733,1.97,3.94,3.466,98.60237,13.47252,15.88691,3.657066145,2759.688508,2.759688508,Dry/Field
A632,P04,MWR,R01,0.737,1.48,0.939,1.788,3.576,1.878,90.19044,4.10287,7.61843,0.69734135,13237.94627,13.23794627,Dry/Field
A632,P04,MWR,R01,0.484,1.421,0.697,1.709,3.418,1.394,58.97438,2.22261,3.42928,0.327958491,18405.60216,18.40560216,Dry/Field
A632,P04,MWR,R01,1.153,1.771,1.363,2.036,4.072,2.726,54.10872,4.88064,7.74691,1.917024431,2888.984019,2.888984019,Dry/Field
A632,P04,MWR,R01,1.522,2.06,1.82,2.321,4.642,3.64,85.42159,10.04241,13.87876,5.285248751,1654.275148,1.654275148,Dry/Field
B73,P04,MWR,R01,1.155,1.901,1.493,2.152,4.304,2.986,48.57612,5.19904,6.62835,3.324380816,1495.60732,1.49560732,Dry/Field
B73,P04,MWR,R01,1.333,2.134,1.587,2.349,4.698,3.174,111.98519,8.8645,12.19179,3.404153339,3367.107665,3.367107666,Dry/Field
Oh43,P04,MWR,R01,0.77,1.958,1.013,2.384,4.768,2.026,77.75597,,19.23838,1.244304984,6396.058533,6.396058533,Dry/Field
A632,P04,MWR,R02,0.937,1.674,1.114,2.009,4.018,2.228,186.68588,7.19416,12.84883,1.099756586,17374.82451,17.37482451,Dry/Field
A632,P04,MWR,R02,0.535,1.297,0.757,1.51,3.02,1.514,80.74439,3.30298,5.21952,0.358475376,23054.65121,23.05465121,Dry/Field
A632,P04,MWR,R02,0.954,1.478,1.152,1.626,3.252,2.304,128.55205,4.15689,7.71968,0.944514357,13930.79718,13.93079718,Dry/Field
A632,P04,MWR,R02,1.186,2.085,1.485,2.401,4.802,2.97,77.25689,9.975,12.5507,3.443540552,2296.347168,2.296347168,Dry/Field
B73,P04,MWR,R02,1.214,1.714,1.461,1.991,3.982,2.922,47.85804,3.03915,5.83711,2.467983921,1984.806206,1.984806206,Dry/Field
B73,P04,MWR,R02,1.271,1.954,1.508,2.287,4.574,3.016,63.48025,,8.76449,3.008687717,2159.568789,2.159568789,Dry/Field
Oh43,P04,MWR,R02,1.953,2.586,2.279,2.977,5.954,4.558,95.73162,22.49397,24.52438,12.54637673,780.9848532,0.780984853,Dry/Field
A632,P04,MWR,R03,0.899,1.491,1.137,1.756,3.512,2.274,109.47454,6.02269,9.06871,1.176358761,9525.304424,9.525304424,Dry/Field
A632,P04,MWR,R03,0.641,1.359,0.902,1.632,3.264,1.804,90.3634,3.02751,5.04937,0.659538825,14023.54215,14.02354215,Dry/Field
A632,P04,MWR,R03,1.196,1.391,1.464,1.581,3.162,2.928,60.39319,7.02257,7.09907,2.027228173,3049.234771,3.049234771,Dry/Field
A632,P04,MWR,R03,1.281,1.785,1.576,2.053,4.106,3.152,89.63722,7.7525,9.84585,3.364747822,2726.725282,2.726725282,Dry/Field
B73,P04,MWR,R03,1.082,2.009,1.282,2.273,4.546,2.564,78.35896,6.18005,8.91041,1.762715186,4550.006782,4.550006784,Dry/Field
B73,P04,MWR,R03,1.484,1.979,1.775,2.215,4.43,3.55,80.1979,6.07535,10.97266,4.649094774,1765.631724,1.765631724,Dry/Field
Oh43,P04,MWR,R03,1.177,1.32,1.516,1.61,3.22,3.032,177.54158,,21.54378,2.715269708,6692.565536,6.692565536,Dry/Field
Oh43,P04,MWR,R03,1.073,2.111,1.437,2.381,4.762,2.874,73.2103,,8.32453,3.500838852,2140.452493,2.140452493,Dry/Field
A632,P04,MWR,R04,0.722,1.243,0.953,1.552,3.104,1.906,132.92921,4.89026,7.21087,0.687590747,19787.72776,19.78772776,Dry/Field
A632,P04,MWR,R04,0.439,1.753,0.694,2.096,4.192,1.388,183.30593,8.16967,9.29235,0.433765638,43254.06182,43.25406182,Dry/Field
A632,P04,MWR,R04,1.168,1.528,1.373,1.851,3.702,2.746,49.70955,3.46302,5.93059,1.850534865,2749.46431,2.74946431,Dry/Field
A632,P04,MWR,R04,1.169,2.109,1.453,2.334,4.668,2.906,77.51007,7.77504,8.21367,2.977129585,2664.807963,2.664807963,Dry/Field
B73,P04,MWR,R04,1.023,1.808,1.304,2.078,4.156,2.608,78.82822,3.30191,4.72785,2.098579452,3844.694448,3.844694448,Dry/Field
B73,P04,MWR,R04,1.136,1.594,1.376,1.591,3.182,2.752,108.74311,,7.13688,1.420156585,7837.382527,7.837382524,Dry/Field
Oh43,P04,MWR,R04,0.914,2.278,1.141,2.513,5.026,2.282,75.30444,8.38542,12.89643,1.565734455,4922.752499,4.922752499,Dry/Field
A632,P05,MWR,R01,1.927,2.205,2.246,2.605,5.21,4.492,161.17986,18.74438,22.88215,10.78865381,1529.146319,1.529146319,Dry/Field
A632,P05,MWR,R01,0.854,1.42,1.091,1.623,3.246,2.182,45.89267,,4.27338,0.960695348,4889.485519,4.889485519,Dry/Field
A632,P05,MWR,R01,1.529,2.111,1.808,2.375,4.75,3.616,123.59559,7.64877,12.15929,5.097711761,2481.608261,2.481608261,Dry/Field
B73,P05,MWR,R01,0.824,1.435,1.052,1.719,3.438,2.104,44.88906,2.69179,4.02759,0.941301153,4881.097101,4.8810971,Dry/Field
B73,P05,MWR,R01,1.785,2.027,2.088,2.301,4.602,4.176,57.26812,,7.13811,7.396844063,792.4502192,0.792450219,Dry/Field
Oh43,P05,MWR,R01,1.381,2.305,1.661,2.568,5.136,3.322,147.18822,14.44292,14.98158,4.474530856,3366.906629,3.366906629,Dry/Field
A632,P05,MWR,R02,1.364,2.249,1.828,2.699,5.398,3.656,116.68834,12.48419,12.48419,8.466033836,1410.759516,1.410759516,Dry/Field
A632,P05,MWR,R02,0.676,1.482,0.934,1.712,3.424,1.868,92.0934,,4.28385,0.735989584,12807.44105,12.80744105,Dry/Field
A632,P05,MWR,R02,1.3,2.004,1.489,2.146,4.292,2.978,84.33476,8.19148,10.04526,2.106270695,4098.24535,4.09824535,Dry/Field
B73,P05,MWR,R02,0.725,1.33,0.949,1.627,3.254,1.898,110.6379,4.38035,9.24003,0.694067943,16315.76587,16.31576587,Dry/Field
B73,P05,MWR,R02,1.707,2,1.809,2.264,4.528,3.618,66.03379,,9.23539,2.713404695,2490.905083,2.490905083,Dry/Field
Oh43,P05,MWR,R02,2.127,3.156,2.439,3.464,6.928,4.878,109.14008,,19.9646,15.62102588,715.122171,0.715122171,Dry/Field
A632,P05,MWR,R03,0.542,1.228,0.885,1.441,2.882,1.77,101.4411,5.68113,6.00024,0.630920418,16456.78117,16.45678117,Dry/Field
A632,P05,MWR,R03,1.406,2.247,1.679,2.526,5.052,3.358,88.34014,7.23452,10.33593,4.485098382,2016.005145,2.016005145,Dry/Field
B73,P05,MWR,R03,0.956,1.293,1.187,1.587,3.174,2.374,91.4878,5.644466,8.16495,1.19729907,7821.068072,7.821068071,Dry/Field
B73,P05,MWR,R03,1.359,2.005,1.864,2.29,4.58,3.728,56.16064,3.70837,7.84076,7.69589868,746.9271291,0.746927129,Dry/Field
A632,P05,MWR,R04,1.795,2.268,2.098,2.562,5.124,4.196,130.89593,16.3649,18.93248,8.279588055,1618.165511,1.618165511,Dry/Field
A632,P05,MWR,R04,1.57,1.93,1.898,2.186,4.372,3.796,110.5715,9.62692,13.52694,5.872878834,1927.070873,1.927070873,Dry/Field
B73,P05,MWR,R04,0.764,1.459,1.115,1.625,3.25,2.23,92.90811,6.00785,8.50848,1.258157886,7558.297954,7.558297952,Dry/Field
B73,P05,MWR,R04,1.336,1.756,1.524,1.974,3.948,3.048,82.46546,5.95816,10.46472,2.198947821,3838.510108,3.838510108,Dry/Field
A632,P06,MWR,R01,1.877,2.257,2.152,2.605,5.21,4.304,99.19715,,16.0293,8.667998794,1171.347835,1.171347835,Dry/Field
B73,P06,MWR,R01,1.493,1.91,1.828,2.25,4.5,3.656,75.88462,,9.22986,5.802138351,1338.662847,1.338662847,Dry/Field
Oh43,P06,MWR,R01,1.685,2.691,1.996,2.964,5.928,3.992,116.92302,10.48631,14.758,8.400630587,1424.602374,1.424602374,Dry/Field
Oh43,P06,MWR,R01,1.649,2.278,2.001,2.656,5.312,4.002,211.8085,12.82224,21.36781,8.690761707,2494.543429,2.494543429,Dry/Field
A632,P06,MWR,R02,1.598,2.734,1.94,3.111,6.222,3.88,226.914,22.46811,24.45518,9.077697469,2558.533533,2.558533533,Dry/Field
A632,P06,MWR,R02,0.499,1.56,0.69,1.795,3.59,1.38,121.2902,6.06919,6.32654,0.310893043,39931.92393,39.93192393,Dry/Field
A632,P06,MWR,R02,1.156,1.503,1.416,1.741,3.482,2.832,75.14397,8.26424,10.43483,2.058634848,3736.11592,3.73611592,Dry/Field
B73,P06,MWR,R02,1.294,2.701,1.558,3.087,6.174,3.116,189.89267,,16.19115,4.572751156,4250.462212,4.250462212,Dry/Field
B73,P06,MWR,R02,1.135,1.411,1.436,1.665,3.33,2.872,72.2395,,5.90533,2.251952359,3283.379328,3.283379328,Dry/Field
Oh43,P06,MWR,R02,2.09,2.213,2.408,2.481,4.962,4.816,141.92829,14.92544,15.83538,11.33978043,1281.061122,1.281061122,Dry/Field
Oh43,P06,MWR,R02,1.36,2.071,1.739,2.404,4.808,3.478,177.63754,,17.35812,5.837862833,3114.486054,3.114486054,Dry/Field
A632,P06,MWR,R03,0.902,1.351,1.202,1.656,3.312,2.404,78.72817,2.71693,5.56177,1.480035902,5444.568083,5.444568083,Dry/Field
B73,P06,MWR,R03,1.31,2.441,1.661,2.779,5.558,3.322,41.50811,,6.72538,5.692067736,746.3944925,0.746394493,Dry/Field
Oh43,P06,MWR,R03,1.921,2.498,2.14,2.902,5.804,4.28,101.91199,,13.98951,8.429202373,1237.497494,1.237497494,Dry/Field
Oh43,P06,MWR,R03,1.178,2.164,1.528,2.664,5.328,3.056,200.11218,,14.79473,4.686062529,4370.901006,4.370901006,Dry/Field
B73,P06,MWR,R04,1.745,1.972,1.969,2.267,4.534,3.938,203.99824,,18.97344,5.362166676,3893.961363,3.893961363,Dry/Field
Oh43,P06,MWR,R04,0.425,1.709,0.764,2.074,4.148,1.528,137.11616,12.31246,12.3208,0.623366495,22513.89899,22.51389899,Dry/Field
Oh43,P06,MWR,R04,1.556,1.992,1.848,2.252,4.504,3.696,74.08322,14.66785,14.66957,5.268598319,1439.230282,1.439230282,Dry/Field
A632,P07,MWR,R01,1.206,1.6,1.419,1.89,3.78,2.838,139.8069,9.1117,13.80384,2.037094816,7024.620863,7.024620863,Dry/Field
Oh43,P07,MWR,R01,1.475,2.089,1.838,2.455,4.91,3.676,205.33167,,19.82289,6.707235675,3133.414866,3.133414866,Dry/Field
A632,P07,MWR,R02,1.068,1.5,1.432,1.749,3.498,2.864,122.72738,6.94639,9.60881,2.59860575,4833.999427,4.833999427,Dry/Field
B73,P07,MWR,R02,0.898,1.409,1.097,1.635,3.27,2.194,109.45941,3.5587,6.78997,0.893861571,12533.9617,12.5339617,Dry/Field
Oh43,P07,MWR,R02,0.604,1.867,0.954,2.127,4.254,1.908,106.89269,9.70169,10.28628,1.127343114,9705.041945,9.705041945,Dry/Field
A632,P07,MWR,R03,0.744,1.981,0.968,2.19,4.38,1.936,126.76448,8.47159,11.53685,0.919370703,14112.77592,14.11277592,Dry/Field
B73,P07,MWR,R03,1.486,2.596,1.909,2.906,5.812,3.818,136.05754,12.68074,15.74315,9.187890164,1515.696844,1.515696844,Dry/Field
Oh43,P07,MWR,R03,0.687,1.792,1.041,2.149,4.298,2.082,166.18359,11.71028,13.95766,1.447700554,11749.37926,11.74937926,Dry/Field
A632,P07,MWR,R04,1.084,1.672,1.403,1.844,3.688,2.806,144.67712,8.99175,10.87223,2.326982403,6363.737874,6.363737874,Dry/Field
A632,P08,MWR,R01,0.689,1.212,0.971,1.455,2.91,1.942,65.03097,1.55574,3.91076,0.73483907,9058.025101,9.058025101,Dry/Field
A632,P08,MWR,R01,1.102,1.698,1.425,1.965,3.93,2.85,100.04648,7.35577,10.43078,2.681047675,3819.467361,3.819467361,Dry/Field
B73,P08,MWR,R01,2.002,2.935,2.432,3.277,6.554,4.864,90.11756,12.83599,17.42811,18.52523007,497.9105642,0.497910564,Dry/Field
B73,P08,MWR,R01,0.866,1.888,1.123,2.118,4.236,2.246,145.33848,3.32617,9.23946,1.392847819,10680.27591,10.68027591,Dry/Field
A632,P08,MWR,R02,1.101,1.452,1.473,1.709,3.418,2.946,77.33891,5.74971,6.87567,2.767817688,2860.000396,2.860000396,Dry/Field
A632,P08,MWR,R02,0.654,1.933,1.033,2.181,4.362,2.066,95.82455,5.2434,9.67789,1.463520235,6701.678412,6.701678412,Dry/Field
B73,P08,MWR,R02,1.966,2.531,2.282,2.821,5.642,4.564,81.82714,,11.48336,11.22392313,746.2051039,0.746205104,Dry/Field
B73,P08,MWR,R02,0.888,1.696,1.098,1.864,3.728,2.196,116.38358,,10.47285,1.005223912,11850.4387,11.8504387,Dry/Field
A632,P08,MWR,R03,1.032,1.557,1.324,1.678,3.356,2.648,107.67338,6.68232,7.23106,1.714706067,6427.235136,6.427235136,Dry/Field
A632,P08,MWR,R03,0.876,1.621,1.101,1.914,3.828,2.202,115.63809,6.05729,8.24794,1.150464807,10288.05076,10.28805076,Dry/Field
A632,P08,MWR,R04,0.906,1.786,1.091,2.065,4.13,2.182,104.63634,8.48467,9.97487,1.062953204,10075.66969,10.07566969,Dry/Field
A632,P09,MWR,R01,0.882,1.722,1.272,1.923,3.846,2.544,112.72589,8.83817,8.98891,2.180395197,5291.684988,5.291684988,Dry/Field
A632,P09,MWR,R02,1.461,1.885,1.596,2.113,4.226,3.192,77.93287,4.21588,7.04792,2.129732758,3745.424836,3.745424836,Dry/Field
A632,P09,MWR,R03,0.547,1.33,0.837,1.603,3.206,1.674,79.28642,7.40923,7.41459,0.567280208,14305.62063,14.30562063,Dry/Field
A632,P09,MWR,R04,0.812,1.528,1.143,1.805,3.61,2.286,86.09492,4.76489,6.65106,1.474414378,5976.728064,5.976728064,Dry/Field
A632,P10,MWR,R01,0.7,1.746,0.953,1.976,3.952,1.906,103.01976,9.45923,10.1369,0.872888218,12080.01376,12.08001376,Dry/Field
B73,P10,MWR,R01,1.695,2.323,1.982,2.583,5.166,3.964,131.64047,14.15561,21.51961,6.91039285,1949.809642,1.949809642,Dry/Field
B73,P10,MWR,R02,1.623,2.418,1.945,2.695,5.39,3.89,88.35858,8.75899,11.4446,7.455276726,1213.082915,1.213082915,Dry/Field
B73,P10,MWR,R03,1.147,1.881,1.436,2.196,4.392,2.872,112.06667,3.57407,8.96055,2.877929288,3985.674932,3.985674931,Dry/Field
B73,P11,MWR,R01,1.332,2.173,1.652,2.478,4.956,3.304,97.7377,7.23537,10.32885,4.741162157,2110.001832,2.110001832,Dry/Field
B73,P11,MWR,R02,1.457,2.007,1.967,2.277,4.554,3.934,95.2693,7.67513,12.39336,8.734783028,1116.36543,1.11636543,Dry/Field
B73,P11,MWR,R03,1.197,1.877,1.564,2.318,4.636,3.128,92.0471,7.18308,14.59697,4.436532155,2123.596513,2.123596513,Dry/Field
B73,P11,MWR,R04,1.262,2.396,1.558,2.745,5.49,3.116,138.06965,4.49059,11.74697,4.371032486,3233.10431,3.23310431,Dry/Field
B73,P12,MWR,R01,1.937,2.568,2.26,2.9,5.8,4.52,116.12743,,13.8025,11.63340098,1021.724115,1.021724115,Dry/Field
B73,P12,MWR,R02,1.848,2.167,2.066,2.492,4.984,4.132,123.02519,,19.05786,6.518279507,1931.819706,1.931819706,Dry/Field
B73,P12,MWR,R03,2.067,2.39,2.332,2.728,5.456,4.664,93.33494,8.65455,15.32457,10.59476737,901.6922855,0.901692285,Dry/Field
Oh43,P01,BWR,R01,,,2.35,2.42,4.84,4.7,222.14006,,42.02143,24.66657404,921.7721394,0.921772139,Fresh/Field
B73,P01,BWR,R02,,,2.815,3.055,6.11,5.63,253.15221,43.37168,48.45936,53.52248801,484.1176945,0.484117694,Fresh/Field
B73,P01,BWR,R03,,,2.485,3.14,6.28,4.97,172.74907,26.97978,36.86805,37.84414594,467.2211953,0.467221195,Fresh/Field
B73,P01,BWR,R04,,,2.85,2.96,5.92,5.7,170.14686,40.18446,40.56791,53.81658957,323.6035618,0.323603562,Fresh/Field
Oh43,P02,BWR,R01,,,1.935,2.185,4.37,3.87,163.23296,22.14098,22.62478,12.43323753,1343.783029,1.343783029,Fresh/Field
B73,P02,BWR,R02,,,2.02,2.45,4.9,4.04,172.51377,12.16002,22.51682,15.86025166,1113.317969,1.113317969,Fresh/Field
B73,P02,BWR,R03,,,2.74,2.785,5.57,5.48,327.96261,43.11969,49.57373,44.99526038,746.04168,0.74604168,Fresh/Field
B73,P02,BWR,R04,,,2.505,2.67,5.34,5.01,287.72243,28.27843,41.09212,32.96281806,893.418442,0.893418442,Fresh/Field
B73,P03,BWR,R01,,,2.84,3.005,6.01,5.68,233.46809,26.31168,41.83991,54.06166012,442.0217903,0.44202179,Fresh/Field
Oh43,P03,BWR,R01,,,2.7,2.83,5.66,5.4,213.6397,37.58775,40.79914,43.7489475,499.8271892,0.499827189,Fresh/Field
B73,P03,BWR,R02,,,2.755,2.845,5.69,5.51,278.96981,42.6309,48.75054,46.72367148,611.1189794,0.611118979,Fresh/Field
Oh43,P03,BWR,R02,,,2.84,3.01,6.02,5.68,229.28421,30.55741,45.85977,54.15161297,433.3794131,0.433379413,Fresh/Field
B73,P03,BWR,R03,,,2.935,3.06,6.12,5.87,392.31419,,58.40696,60.76249867,660.8515592,0.660851559,Fresh/Field
B73,P03,BWR,R04,,,2.875,2.95,5.9,5.75,320.47469,49.81925,52.36094,55.05863553,595.7633988,0.595763399,Fresh/Field
A632,P04,BWR,R01,,,1.785,1.995,3.99,3.57,111.54377,,17.03254,8.911430876,1281.160095,1.281160095,Fresh/Field
B73,P04,BWR,R01,,,1.695,2.06,4.12,3.39,194.42787,25.6273,25.95995,7.878911265,2525.793468,2.525793468,Fresh/Field
Oh43,P04,BWR,R01,,,2.56,2.82,5.64,5.12,122.72751,9.72717,27.84951,37.15856087,338.0559344,0.338055934,Fresh/Field
A632,P04,BWR,R02,,,2.595,2.715,5.43,5.19,254.60545,39.27019,45.64647,37.26248394,699.361017,0.699361017,Fresh/Field
B73,P04,BWR,R02,,,2.67,2.695,5.39,5.34,287.72287,43.08811,45.00459,40.288624,730.9665028,0.730966503,Fresh/Field
B73,P04,BWR,R03,,,2.745,2.805,5.61,5.49,163.18623,12.99308,34.29671,45.56693248,366.55508,0.36655508,Fresh/Field
B73,P04,BWR,R04,,,2.825,2.92,5.84,5.65,311.90841,45.76444,55.00023,51.70446983,617.4538775,0.617453878,Fresh/Field
A632,P05,BWR,R01,,,1.91,2.38,4.76,3.82,152.23793,17.50175,28.0147,13.02467635,1196.358823,1.196358823,Fresh/Field
B73,P05,BWR,R01,,,2.315,2.86,5.72,4.63,266.66779,26.4416,36.61389,27.86819884,979.4159852,0.979415985,Fresh/Field
Oh43,P05,BWR,R01,,,2.35,2.67,5.34,4.7,68.4882,7.09349,16.0389,27.21477384,257.582616,0.257582616,Fresh/Field
A632,P05,BWR,R02,,,2.125,2.385,4.77,4.25,104.39502,11.83495,21.34659,17.97442755,594.4704078,0.594470408,Fresh/Field
B73,P05,BWR,R02,,,2.59,2.9,5.8,5.18,305.05991,55.34361,56.52829,39.57192447,789.0481266,0.789048127,Fresh/Field
Oh43,P05,BWR,R02,,,2.225,2.495,4.99,4.45,177.3148,17.88194,23.58996,21.58492169,840.8141969,0.840814197,Fresh/Field
A632,P05,BWR,R03,,,2.245,2.64,5.28,4.49,276.7369,,44.01642,23.46080146,1207.340458,1.207340458,Fresh/Field
B73,P05,BWR,R03,,,3.085,3.125,6.25,6.17,347.58174,52.47672,63.09343,72.06185014,493.6931161,0.493693116,Fresh/Field
Oh43,P05,BWR,R03,,,2.895,3.145,6.29,5.79,176.0072,36.38087,37.00059,59.9316501,300.5935971,0.300593597,Fresh/Field
B73,P05,BWR,R04,,,3.085,3.1,6.2,6.17,236.10261,49.50163,52.17684,71.48535534,338.0564562,0.338056456,Fresh/Field
A632,P06,BWR,R01,,,1.865,2.01,4.02,3.73,147.82631,,20.37295,10.24053031,1477.524925,1.477524925,Fresh/Field
B73,P06,BWR,R01,,,2.33,2.72,5.44,4.66,240.73178,28.86229,46.96871,27.02256365,911.8269107,0.911826911,Fresh/Field
Oh43,P06,BWR,R01,,,3.19,3.28,6.56,6.38,202.06092,23.65553,38.60097,83.62493135,247.315923,0.247315923,Fresh/Field
A632,P06,BWR,R02,,,2.74,2.845,5.69,5.48,172.32767,38.56689,43.69752,45.96463762,383.739674,0.383739674,Fresh/Field
B73,P06,BWR,R02,,,2.895,2.91,5.82,5.79,295.5183,49.70814,56.60788,55.45345049,545.4580204,0.54545802,Fresh/Field
A632,P06,BWR,R03,,,2.39,2.6,5.2,4.78,324.59283,43.65483,53.86013,27.87769948,1191.756466,1.191756466,Fresh/Field
B73,P06,BWR,R03,,,2.565,3.005,6.01,5.13,272.66296,,49.78386,39.82873069,700.7049827,0.700704983,Fresh/Field
B73,P06,BWR,R04,,,2.795,2.835,5.67,5.59,273.86582,36.89283,44.94873,48.61702517,576.5738995,0.576573899,Fresh/Field
A632,P01,MWR,R01,,,2.68,2.72,5.44,5.36,198.50837,16.20532,35.8213,41.12095266,494.1072002,0.4941072,Fresh/Field
Oh43,P01,MWR,R01,,,2.32,2.555,5.11,4.64,138.34352,,,25.05790397,565.092584,0.565092584,Fresh/Field
A632,P01,MWR,R02,,,2.255,2.73,5.46,4.51,183.63327,,41.51675,24.58624285,764.4775347,0.764477535,Fresh/Field
B73,P01,MWR,R02,,,2.195,2.63,5.26,4.39,184.10994,21.2777,21.65488,21.84485687,862.6478806,0.862647881,Fresh/Field
Oh43,P01,MWR,R02,,,2.645,2.795,5.59,5.29,125.58846,18.67444,33.07038,40.62082342,316.4510486,0.316451049,Fresh/Field
A632,P01,MWR,R03,,,2.445,2.8,5.6,4.89,255.14179,26.70255,42.25251,32.14285899,812.4611847,0.812461185,Fresh/Field
B73,P01,MWR,R03,,,1.76,2.15,4.3,3.52,115.09385,10.68173,17.51306,9.205901944,1279.650291,1.279650291,Fresh/Field
Oh43,P01,MWR,R03,,,2.585,2.64,5.28,5.17,121.11033,22.98234,25.83434,35.81586551,346.1077019,0.346107702,Fresh/Field
B73,P01,MWR,R04,,,2.67,2.87,5.74,5.34,148.66878,30.89988,30.89988,42.90476842,354.6661513,0.354666151,Fresh/Field
Oh43,P01,MWR,R04,,,2.7,2.715,5.43,5.4,127.38387,30.97203,32.50254,41.97116342,310.6482832,0.310648283,Fresh/Field
B73,P01,MWR,R05,,,2.815,2.92,5.84,5.63,281.67072,55.55626,56.44427,51.15733714,563.5588838,0.563558884,Fresh/Field
A632,P02,MWR,R01,,,2.375,2.62,5.24,4.75,179.69302,41.62061,42.14031,27.56652447,667.1979756,0.667197976,Fresh/Field
Oh43,P02,MWR,R01,,,2.135,2.335,4.67,4.27,101.57884,,20.83614,17.8472129,582.556928,0.582556928,Fresh/Field
A632,P02,MWR,R02,,,2.725,2.93,5.86,5.45,174.50185,31.96914,37.37822,46.56472276,383.5734518,0.383573452,Fresh/Field
B73,P02,MWR,R02,,,2.16,2.22,4.44,4.32,96.74682,10.04632,15.52824,17.57130872,563.5573476,0.563557348,Fresh/Field
Oh43,P02,MWR,R02,,,2.735,2.775,5.55,5.47,114.68077,,33.86291,44.58870517,263.2517496,0.26325175,Fresh/Field
B73,P02,MWR,R03,,,2.365,2.575,5.15,4.73,194.30333,,27.29639,26.75226452,743.4045596,0.74340456,Fresh/Field
Oh43,P02,MWR,R03,,,2.88,2.965,5.93,5.76,190.73798,27.00961,40.42011,55.62782021,350.9543772,0.350954377,Fresh/Field
B73,P02,MWR,R04,,,1.775,1.965,3.93,3.55,72.63853,6.69941,8.25243,8.630729557,861.4400622,0.861440062,Fresh/Field
B73,P02,MWR,R05,,,2.15,2.185,4.37,4.3,102.82976,16.56358,16.87465,17.05519552,617.1171936,0.617117194,Fresh/Field
A632,P03,MWR,R01,,,1.72,2.005,4.01,3.44,163.60082,14.19326,20.57138,8.012897716,2089.78402,2.08978402,Fresh/Field
B73,P03,MWR,R01,,,2.125,2.41,4.82,4.25,158.57472,,30.19314,18.16283874,893.6259111,0.893625911,Fresh/Field
Oh43,P03,MWR,R01,,,2.45,2.52,5.04,4.9,80.501,16.68914,24.20286,29.10641219,283.0858272,0.283085827,Fresh/Field
A632,P03,MWR,R02,,,2.635,2.76,5.52,5.27,184.96057,20.97877,23.61683,39.65891442,477.3576203,0.47735762,Fresh/Field
B73,P03,MWR,R02,,,2.485,2.49,4.98,4.97,123.26934,21.78113,25.30285,30.01016669,420.4285402,0.42042854,Fresh/Field
Oh43,P03,MWR,R02,,,3.1,3.19,6.38,6.2,136.76194,27.43805,30.09813,74.63897143,187.544846,0.187544846,Fresh/Field
A632,P03,MWR,R03,,,2.285,2.605,5.21,4.57,281.7658,25.95324,32.53975,24.40935042,1181.510493,1.181510493,Fresh/Field
B73,P03,MWR,R03,,,2.4,2.66,5.32,4.8,178.72205,,33.57056,28.8805356,633.4005278,0.633400528,Fresh/Field
Oh43,P03,MWR,R03,,,2.355,2.68,5.36,4.71,107.58421,,24.74909,27.491435,400.5499226,0.400549923,Fresh/Field
B73,P03,MWR,R04,,,2.315,2.355,4.71,4.63,105.42165,12.57413,18.69213,22.94741548,470.220498,0.470220498,Fresh/Field
A632,P04,MWR,R01,,,2.355,2.655,5.31,4.71,126.05381,14.58288,31.57062,27.23498505,473.7337896,0.47373379,Fresh/Field
B73,P04,MWR,R01,,,2.37,2.465,4.93,4.74,116.8885,13.17131,20.07622,25.77222077,464.2217338,0.464221734,Fresh/Field
A632,P04,MWR,R02,,,2.41,2.46,4.92,4.82,190.47091,35.9991,40.85575,27.04432312,720.871851,0.720871851,Fresh/Field
B73,P04,MWR,R02,,,2.66,2.805,5.61,5.32,170.47035,,33.15494,41.46366212,420.8106502,0.42081065,Fresh/Field
Oh43,P04,MWR,R02,,,2.955,3.06,6.12,5.91,164.65504,23.99881,45.87537,62.0131459,271.7670449,0.271767045,Fresh/Field
A632,P04,MWR,R03,,,2.095,2.475,4.95,4.19,89.08081,13.25607,21.49355,17.87381121,510.1201956,0.510120196,Fresh/Field
B73,P04,MWR,R03,,,2.32,2.42,4.84,4.64,112.97854,14.06515,21.82295,23.73390513,487.2280499,0.48722805,Fresh/Field
Oh43,P04,MWR,R03,,,3.05,3.15,6.3,6.1,129.15589,31.20428,39.36015,70.19399383,188.330123,0.188330123,Fresh/Field
B73,P04,MWR,R04,,,2.49,2.545,5.09,4.98,124.74643,,26.84251,30.85856379,413.7689938,0.413768994,Fresh/Field
A632,P05,MWR,R01,,,2.015,2.225,4.45,4.03,132.96769,,28.96249,14.29700431,951.9334826,0.951933483,Fresh/Field
B73,P05,MWR,R01,,,2.575,2.79,5.58,5.15,122.80279,24.64585,26.77698,37.41328005,335.9603119,0.335960312,Fresh/Field
Oh43,P05,MWR,R01,,,2.205,2.31,4.62,4.41,111.9337,18.83248,23.37102,19.45035994,589.031803,0.589031803,Fresh/Field
A632,P05,MWR,R02,,,2.26,2.38,4.76,4.52,173.57839,28.76078,29.10911,21.57705437,823.3965191,0.823396519,Fresh/Field
B73,P05,MWR,R03,,,1.785,2.04,4.08,3.57,122.7437,23.63947,24.89625,9.112440595,1378.700799,1.378700799,Fresh/Field
Oh43,P05,MWR,R03,,,2.215,2.535,5.07,4.43,105.26155,24.62507,26.77585,21.63660102,497.9505895,0.49795059,Fresh/Field
A632,P05,MWR,R04,,,2.165,2.51,5.02,4.33,187.27062,35.90565,35.94696,20.00494238,958.1596329,0.958159633,Fresh/Field
B73,P05,MWR,R04,,,2.49,2.53,5.06,4.98,127.11284,23.82592,24.17058,30.6766862,424.1178049,0.424117805,Fresh/Field
Oh43,P05,MWR,R04,,,2.37,2.745,5.49,4.74,106.94334,24.94904,27.48355,28.69969413,381.4011535,0.381401154,Fresh/Field
A632,P06,MWR,R01,,,2.34,2.345,4.69,4.68,184.64492,27.05068,29.84427,23.59827733,800.8710405,0.80087104,Fresh/Field
B73,P06,MWR,R01,,,2.125,2.225,4.45,4.25,103.53286,10.3427,17.49466,16.76859593,631.956286,0.631956286,Fresh/Field
Oh43,P06,MWR,R01,,,2.325,2.54,5.08,4.65,88.92569,16.84461,21.30442,25.07220151,363.0281486,0.363028149,Fresh/Field
A632,P06,MWR,R02,,,2.565,2.845,5.69,5.13,164.24722,42.74769,42.98886,37.70806616,445.8300051,0.445830005,Fresh/Field
B73,P06,MWR,R02,,,2.255,2.405,4.81,4.51,107.90999,15.87598,18.37689,21.65930918,509.9441081,0.509944108,Fresh/Field
A632,P06,MWR,R03,,,2.66,2.815,5.63,5.32,246.30862,30.09903,37.98857,41.61148266,605.8595352,0.605859535,Fresh/Field
B73,P06,MWR,R03,,,2.69,2.9,5.8,5.38,168.93426,25.97118,38.11458,44.33479649,390.0125132,0.390012513,Fresh/Field
Oh43,P06,MWR,R03,,,2.345,2.49,4.98,4.69,88.90784,20.05901,24.93525,25.21841397,360.8509196,0.36085092,Fresh/Field
B73,P06,MWR,R04,,,2.81,2.9,5.8,5.62,123.18703,20.42542,25.3303,50.53669529,249.4960489,0.249496049,Fresh/Field
Oh43,P06,MWR,R04,,,2.395,2.42,4.84,4.79,130.66546,16.63254,22.57911,26.11089754,512.2058424,0.512205842,Fresh/Field
A632,P01,TWR,R01,,,1.27,1.685,3.37,2.54,66.10386,8.77109,8.85718,2.710821675,2495.924231,2.495924231,Fresh/Field
Oh43,P01,TWR,R01,,,2.295,2.365,4.73,4.59,73.48959,11.44853,14.49338,22.45272701,335.0134591,0.335013459,Fresh/Field
A632,P01,TWR,R02,,,1.955,2.3,4.6,3.91,95.60838,,19.91836,13.49764503,725.0091434,0.725009143,Fresh/Field
B73,P01,TWR,R02,,,2.36,2.405,4.81,4.72,96.69076,14.56003,16.19914,24.82795622,398.6112298,0.39861123,Fresh/Field
A632,P01,TWR,R03,,,1.93,2.365,4.73,3.86,154.29222,,27.29908,13.35343367,1182.650994,1.182650994,Fresh/Field
B73,P01,TWR,R03,,,2.24,2.31,4.62,4.48,114.13205,19.13668,22.47168,20.39134705,572.8847063,0.572884706,Fresh/Field
Oh43,P01,TWR,R03,,,2.34,2.4,4.8,4.68,96.96958,19.98269,19.98269,24.15175505,410.9531806,0.410953181,Fresh/Field
B73,P01,TWR,R04,,,2.35,2.37,4.74,4.7,138.52992,17.46133,19.10651,24.15693408,586.9583645,0.586958365,Fresh/Field
B73,P01,TWR,R05,,,2.07,2.16,4.32,4.14,107.07393,17.98234,18.26973,15.0471645,728.3407366,0.728340737,Fresh/Field
A632,P02,TWR,R01,,,1.96,2.135,4.27,3.92,83.85496,15.26836,16.06865,12.6257148,679.7955355,0.679795536,Fresh/Field
Oh43,P02,TWR,R01,,,1.835,2.015,4.03,3.67,74.64367,,13.74225,9.778520208,781.3135809,0.781313581,Fresh/Field
A632,P02,TWR,R02,,,2.25,2.475,4.95,4.5,89.56487,,18.09904,22.14178549,414.0288341,0.414028834,Fresh/Field
Oh43,P02,TWR,R02,,,2.35,2.7,5.4,4.7,114.53187,17.77049,22.51159,27.52055781,425.9657159,0.425965716,Fresh/Field
A632,P02,TWR,R03,,,2.08,2.3,4.6,4.16,88.6682,,20.61802,16.2557766,558.2975174,0.558297517,Fresh/Field
A632,P03,TWR,R01,,,1.435,1.52,3.04,2.87,78.91307,10.38214,10.757,3.527679916,2289.62993,2.28962993,Fresh/Field
Oh43,P03,TWR,R01,,,2.155,2.405,4.81,4.31,62.52214,15.27429,15.71394,18.90369866,338.5264257,0.338526426,Fresh/Field
A632,P03,TWR,R02,,,1.525,1.73,3.46,3.05,102.77557,,,4.818873386,2182.980746,2.182980746,Fresh/Field
B73,P03,TWR,R02,,,2.03,2.185,4.37,4.06,52.10225,4.56151,7.30556,14.35586734,371.4775467,0.371477547,Fresh/Field
Oh43,P03,TWR,R02,,,1.56,1.775,3.55,3.12,76.2946,,12.42658,5.292514223,1475.493475,1.475493475,Fresh/Field
A632,P03,TWR,R03,,,1.525,1.565,3.13,3.05,95.45989,8.30664,13.12558,4.359269855,2241.365599,2.241365599,Fresh/Field
B73,P03,TWR,R03,,,1.905,2.09,4.18,3.81,44.92018,3.11995,3.96552,11.34804652,405.1593886,0.405159389,Fresh/Field
Oh43,P03,TWR,R03,,,1.865,1.96,3.92,3.73,58.93048,9.6515,10.00332,9.985790747,604.0363076,0.604036308,Fresh/Field
B73,P03,TWR,R05,,,2.07,2.36,4.72,4.14,103.07617,21.10206,21.44849,16.44042047,641.7278378,0.641727838,Fresh/Field
A632,P04,TWR,R01,,,1.685,1.965,3.93,3.37,158.85795,,,7.383327823,2202.228247,2.202228247,Fresh/Field
B73,P04,TWR,R01,,,2.06,2.125,4.25,4.12,70.82923,11.40402,11.77335,14.58983824,496.8983681,0.496898368,Fresh/Field
Oh43,P04,TWR,R01,,,1.835,2.23,4.46,3.67,66.90284,,,10.82188589,632.7718206,0.632771821,Fresh/Field
A632,P04,TWR,R02,,,1.435,1.575,3.15,2.87,71.2065,,12.842,3.655326229,1993.88003,1.99388003,Fresh/Field
B73,P04,TWR,R02,,,1.945,1.985,3.97,3.89,47.22236,6.7347,6.92304,11.47120945,421.3509768,0.421350977,Fresh/Field
Oh43,P04,TWR,R02,,,1.86,2.245,4.49,3.72,63.57555,8.75543,11.76668,11.34605957,573.5226755,0.573522676,Fresh/Field
A632,P04,TWR,R03,,,1.74,1.9,3.8,3.48,146.33102,8.88126,19.97952,7.861243111,1905.244425,1.905244425,Fresh/Field
B73,P04,TWR,R03,,,1.97,2.16,4.32,3.94,58.95309,6.16097,6.46561,12.97006973,465.232225,0.465232225,Fresh/Field
Oh43,P04,TWR,R03,,,2.195,2.325,4.65,4.39,83.65201,12.17155,19.34379,19.31151796,443.3691744,0.443369174,Fresh/Field
B73,P04,TWR,R04,,,2.06,2.14,4.28,4.12,49.98383,5.74637,7.27589,14.69282533,348.2007817,0.348200782,Fresh/Field
B73,P05,TWR,R01,,,2.09,2.1,4.2,4.18,20.59264,6.4959,6.75629,15.05733228,139.9811379,0.139981138,Fresh/Field
Oh43,P05,TWR,R01,,,2.025,2.035,4.07,4.05,68.66569,16.88981,16.89926,13.27178622,529.5609318,0.529560932,Fresh/Field
Oh43,P05,TWR,R02,,,2.055,2.135,4.27,4.11,71.32771,13.8219,14.3122,14.55201854,501.6959192,0.501695919,Fresh/Field
B73,P05,TWR,R03,,,1.965,2.255,4.51,3.93,29.35947,7.55591,7.55591,13.43767372,223.6297851,0.223629785,Fresh/Field
Oh43,P05,TWR,R03,,,2.065,2.22,4.44,4.13,71.96461,13.42426,13.46813,15.35334553,479.7571756,0.479757176,Fresh/Field
A632,P06,TWR,R01,,,2.07,2.14,4.28,4.14,111.32724,21.78923,21.78923,14.9078389,764.3500141,0.764350014,Fresh/Field
B73,P06,TWR,R01,,,1.88,2.22,4.44,3.76,65.35467,8.93309,11.04961,11.58554327,577.3853352,0.577385335,Fresh/Field
Oh43,P06,TWR,R01,,,1.85,1.955,3.91,3.7,73.71071,10.15998,13.32581,9.721915194,776.0403322,0.776040332,Fresh/Field
A632,P06,TWR,R02,,,1.84,1.99,3.98,3.68,153.39722,10.29935,32.20925,9.736355591,1612.599753,1.612599753,Fresh/Field
B73,P06,TWR,R02,,,2.375,2.39,4.78,4.75,99.8054,14.73037,20.59959,25.1465624,406.2383711,0.406238371,Fresh/Field
Oh43,P06,TWR,R02,,,2.075,2.15,4.3,4.15,74.8461,10.56564,17.20819,15.08629669,507.7992532,0.507799253,Fresh/Field
A632,P06,TWR,R03,,,1.71,1.94,3.88,3.42,100.52233,19.0705,19.13752,7.61868368,1350.479919,1.350479919,Fresh/Field
B73,P06,TWR,R03,,,1.935,2.51,5.02,3.87,96.1858,15.36784,15.98804,14.28257492,689.3026963,0.689302696,Fresh/Field
Oh43,P06,TWR,R03,,,2.005,2.08,4.16,4.01,63.73937,3.82511,11.2834,13.16728838,495.4695236,0.495469524,Fresh/Field
B73,P06,TWR,R04,,,2.54,2.655,5.31,5.08,140.97916,29.93805,30.34426,34.17083227,422.2842548,0.422284255,Fresh/Field
