General : Start date,"2020-09-02"
General : End date,"2020-09-02"
General : Unique identifier,"{482AE9E1-4456-4921-AF86-B52AFC04F99B}"
Specimen notes : Length, D1, D2,""
Specimen notes : Genotype and WR,"1402 P3 W1 1"
Break (Standard) : Load at Break (Standard),"13.99088",N
Maximum Load : Maximum Load,"16.01932",N

Time,Extension,Load
(s),(mm),(N)
"0.00000","0.00000","0.46512"
"0.10000","0.00009","0.46650"
"0.20000","0.00089","0.48436"
"0.30000","0.00264","0.52286"
"0.40000","0.00472","0.56653"
"0.50000","0.00687","0.61152"
"0.60000","0.00887","0.65329"
"0.70000","0.01074","0.69097"
"0.80000","0.01260","0.72803"
"0.90000","0.01440","0.76396"
"1.00000","0.01613","0.79763"
"1.10000","0.01776","0.82843"
"1.20000","0.01952","0.86160"
"1.30000","0.02111","0.89074"
"1.40000","0.02278","0.92253"
"1.50000","0.02443","0.95311"
"1.60000","0.02613","0.98562"
"1.70000","0.02792","1.01981"
"1.80000","0.02965","1.05163"
"1.90000","0.03134","1.08239"
"2.00000","0.03301","1.11320"
"2.10000","0.03484","1.14667"
"2.20000","0.03642","1.17320"
"2.30000","0.03805","1.20275"
"2.40000","0.03967","1.23086"
"2.50000","0.04124","1.25750"
"2.60000","0.04286","1.28468"
"2.70000","0.04455","1.31521"
"2.80000","0.04622","1.34463"
"2.90000","0.04781","1.37197"
"3.00000","0.04946","1.40039"
"3.10000","0.05115","1.42882"
"3.20000","0.05279","1.45652"
"3.30000","0.05442","1.48268"
"3.40000","0.05605","1.50978"
"3.50000","0.05769","1.53593"
"3.60000","0.05932","1.56147"
"3.70000","0.06093","1.58608"
"3.80000","0.06257","1.61172"
"3.90000","0.06437","1.64136"
"4.00000","0.06644","1.66893"
"4.10000","0.06799","1.69196"
"4.20000","0.06965","1.71681"
"4.30000","0.07127","1.74095"
"4.40000","0.07284","1.76398"
"4.50000","0.07452","1.79046"
"4.60000","0.07616","1.81563"
"4.70000","0.07773","1.83806"
"4.80000","0.07936","1.86255"
"4.90000","0.08102","1.88776"
"5.00000","0.08264","1.91089"
"5.10000","0.08436","1.93627"
"5.20000","0.08608","1.96159"
"5.30000","0.08775","1.98604"
"5.40000","0.08955","2.01313"
"5.50000","0.09123","2.03604"
"5.60000","0.09286","2.05865"
"5.70000","0.09460","2.08308"
"5.80000","0.09641","2.10956"
"5.90000","0.09804","2.13090"
"6.00000","0.09970","2.15315"
"6.10000","0.10131","2.17352"
"6.20000","0.10285","2.19276"
"6.30000","0.10450","2.21517"
"6.40000","0.10618","2.23795"
"6.50000","0.10778","2.25919"
"6.60000","0.10944","2.28186"
"6.70000","0.11113","2.30547"
"6.80000","0.11288","2.33064"
"6.90000","0.11459","2.35495"
"7.00000","0.11626","2.37715"
"7.10000","0.11782","2.39771"
"7.20000","0.11966","2.42494"
"7.30000","0.12154","2.45237"
"7.40000","0.12338","2.47841"
"7.50000","0.12500","2.49837"
"7.60000","0.12653","2.51581"
"7.70000","0.12812","2.53566"
"7.80000","0.12973","2.55617"
"7.90000","0.13141","2.57844"
"8.00000","0.13301","2.59784"
"8.10000","0.13460","2.61724"
"8.20000","0.13635","2.64140"
"8.30000","0.13808","2.66451"
"8.40000","0.13962","2.68205"
"8.50000","0.14102","2.69681"
"8.60000","0.14274","2.72028"
"8.70000","0.14448","2.74443"
"8.80000","0.14619","2.76699"
"8.90000","0.14788","2.78913"
"9.00000","0.14958","2.81020"
"9.10000","0.15127","2.83205"
"9.20000","0.15293","2.85258"
"9.30000","0.15457","2.87275"
"9.40000","0.15622","2.89256"
"9.50000","0.15792","2.91339"
"9.60000","0.15967","2.93501"
"9.70000","0.16135","2.95518"
"9.80000","0.16306","2.97657"
"9.90000","0.16477","2.99742"
"10.00000","0.16650","3.01883"
"10.10000","0.16814","3.03752"
"10.20000","0.16977","3.05650"
"10.30000","0.17139","3.07581"
"10.40000","0.17292","3.09338"
"10.50000","0.17454","3.11366"
"10.60000","0.17631","3.13813"
"10.70000","0.17808","3.16147"
"10.80000","0.17974","3.18122"
"10.90000","0.18142","3.20175"
"11.00000","0.18310","3.22321"
"11.10000","0.18468","3.24110"
"11.20000","0.18633","3.26151"
"11.30000","0.18799","3.28196"
"11.40000","0.18969","3.30267"
"11.50000","0.19143","3.32558"
"11.60000","0.19311","3.34563"
"11.70000","0.19469","3.36334"
"11.80000","0.19631","3.38302"
"11.90000","0.19829","3.41121"
"12.00000","0.19999","3.43142"
"12.10000","0.20149","3.44634"
"12.20000","0.20309","3.46500"
"12.30000","0.20482","3.48708"
"12.40000","0.20637","3.50428"
"12.50000","0.20788","3.52124"
"12.60000","0.20945","3.53989"
"12.70000","0.21117","3.56229"
"12.80000","0.21285","3.58389"
"12.90000","0.21448","3.60375"
"13.00000","0.21615","3.62489"
"13.10000","0.21790","3.64838"
"13.20000","0.21956","3.66890"
"13.30000","0.22120","3.68848"
"13.40000","0.22285","3.70928"
"13.50000","0.22459","3.73136"
"13.60000","0.22621","3.75051"
"13.70000","0.22793","3.77255"
"13.80000","0.22977","3.79751"
"13.90000","0.23154","3.81993"
"14.00000","0.23317","3.83813"
"14.10000","0.23474","3.85446"
"14.20000","0.23641","3.87446"
"14.30000","0.23799","3.89250"
"14.40000","0.23956","3.91097"
"14.50000","0.24115","3.93027"
"14.60000","0.24284","3.95187"
"14.70000","0.24463","3.97566"
"14.80000","0.24641","3.99961"
"14.90000","0.24814","4.02232"
"15.00000","0.24974","4.04071"
"15.10000","0.25145","4.06240"
"15.20000","0.25320","4.08512"
"15.30000","0.25475","4.10177"
"15.40000","0.25637","4.12055"
"15.50000","0.25806","4.14245"
"15.60000","0.25972","4.16137"
"15.70000","0.26139","4.18191"
"15.80000","0.26301","4.20012"
"15.90000","0.26456","4.21703"
"16.00000","0.26612","4.23464"
"16.10000","0.26770","4.25340"
"16.20000","0.26931","4.27206"
"16.30000","0.27092","4.29126"
"16.40000","0.27259","4.31174"
"16.50000","0.27425","4.33287"
"16.60000","0.27590","4.35305"
"16.70000","0.27755","4.37309"
"16.80000","0.27925","4.39489"
"16.90000","0.28093","4.41575"
"17.00000","0.28269","4.43847"
"17.10000","0.28452","4.46310"
"17.20000","0.28624","4.48433"
"17.30000","0.28800","4.50634"
"17.40000","0.28976","4.52853"
"17.50000","0.29143","4.54861"
"17.60000","0.29314","4.56906"
"17.70000","0.29482","4.58976"
"17.80000","0.29650","4.61035"
"17.90000","0.29815","4.63021"
"18.00000","0.29982","4.65104"
"18.10000","0.30151","4.67287"
"18.20000","0.30323","4.69488"
"18.30000","0.30482","4.71311"
"18.40000","0.30643","4.73265"
"18.50000","0.30822","4.75861"
"18.60000","0.30994","4.78119"
"18.70000","0.31155","4.79938"
"18.80000","0.31316","4.81949"
"18.90000","0.31480","4.84041"
"19.00000","0.31648","4.86298"
"19.10000","0.31812","4.88383"
"19.20000","0.31971","4.90264"
"19.30000","0.32141","4.92486"
"19.40000","0.32306","4.94657"
"19.50000","0.32470","4.96700"
"19.60000","0.32638","4.98820"
"19.70000","0.32806","5.00992"
"19.80000","0.32973","5.03072"
"19.90000","0.33136","5.05043"
"20.00000","0.33298","5.07017"
"20.10000","0.33465","5.09132"
"20.20000","0.33640","5.11496"
"20.30000","0.33807","5.13586"
"20.40000","0.33976","5.15751"
"20.50000","0.34139","5.17749"
"20.60000","0.34307","5.19907"
"20.70000","0.34472","5.21894"
"20.80000","0.34635","5.23838"
"20.90000","0.34795","5.25741"
"21.00000","0.34951","5.27489"
"21.10000","0.35112","5.29412"
"21.20000","0.35278","5.31569"
"21.30000","0.35449","5.33731"
"21.40000","0.35618","5.35787"
"21.50000","0.35779","5.37635"
"21.60000","0.35945","5.39622"
"21.70000","0.36112","5.41644"
"21.80000","0.36299","5.44153"
"21.90000","0.36472","5.46211"
"22.00000","0.36641","5.48166"
"22.10000","0.36804","5.49935"
"22.20000","0.36967","5.51646"
"22.30000","0.37125","5.53286"
"22.40000","0.37278","5.54802"
"22.50000","0.37445","5.56755"
"22.60000","0.37617","5.58780"
"22.70000","0.37782","5.60606"
"22.80000","0.37948","5.62515"
"22.90000","0.38117","5.64401"
"23.00000","0.38281","5.66176"
"23.10000","0.38448","5.68032"
"23.20000","0.38620","5.70020"
"23.30000","0.38788","5.71846"
"23.40000","0.38953","5.73625"
"23.50000","0.39120","5.75399"
"23.60000","0.39301","5.77651"
"23.70000","0.39483","5.79876"
"23.80000","0.39666","5.81989"
"23.90000","0.39830","5.83582"
"24.00000","0.39981","5.84842"
"24.10000","0.40146","5.86669"
"24.20000","0.40312","5.88442"
"24.30000","0.40468","5.89943"
"24.40000","0.40623","5.91386"
"24.50000","0.40780","5.92980"
"24.60000","0.40949","5.95042"
"24.70000","0.41121","5.97113"
"24.80000","0.41282","5.98847"
"24.90000","0.41434","6.00265"
"25.00000","0.41608","6.02464"
"25.10000","0.41788","6.04870"
"25.20000","0.41957","6.06879"
"25.30000","0.42126","6.08959"
"25.40000","0.42287","6.10705"
"25.50000","0.42455","6.12739"
"25.60000","0.42625","6.14933"
"25.70000","0.42791","6.17080"
"25.80000","0.42962","6.19642"
"25.90000","0.43133","6.22201"
"26.00000","0.43304","6.24732"
"26.10000","0.43474","6.27386"
"26.20000","0.43641","6.29853"
"26.30000","0.43805","6.32461"
"26.40000","0.43972","6.35177"
"26.50000","0.44136","6.37789"
"26.60000","0.44299","6.40424"
"26.70000","0.44481","6.43894"
"26.80000","0.44660","6.47102"
"26.90000","0.44821","6.49550"
"27.00000","0.44986","6.52194"
"27.10000","0.45151","6.54904"
"27.20000","0.45316","6.57505"
"27.30000","0.45475","6.59975"
"27.40000","0.45637","6.62565"
"27.50000","0.45801","6.65136"
"27.60000","0.45958","6.67336"
"27.70000","0.46121","6.69956"
"27.80000","0.46291","6.72689"
"27.90000","0.46456","6.75331"
"28.00000","0.46627","6.78095"
"28.10000","0.46806","6.81053"
"28.20000","0.46975","6.83738"
"28.30000","0.47153","6.86746"
"28.40000","0.47316","6.89095"
"28.50000","0.47473","6.91334"
"28.60000","0.47643","6.94131"
"28.70000","0.47810","6.96772"
"28.80000","0.47971","6.99092"
"28.90000","0.48122","7.01086"
"29.00000","0.48277","7.03229"
"29.10000","0.48442","7.05822"
"29.20000","0.48607","7.08249"
"29.30000","0.48771","7.10661"
"29.40000","0.48940","7.13298"
"29.50000","0.49110","7.15812"
"29.60000","0.49279","7.18208"
"29.70000","0.49447","7.20631"
"29.80000","0.49611","7.22848"
"29.90000","0.49765","7.24546"
"30.00000","0.49953","7.27877"
"30.10000","0.50147","7.31204"
"30.20000","0.50322","7.33642"
"30.30000","0.50489","7.35842"
"30.40000","0.50659","7.38274"
"30.50000","0.50828","7.40650"
"30.60000","0.50996","7.43029"
"30.70000","0.51158","7.45154"
"30.80000","0.51314","7.47011"
"30.90000","0.51476","7.49367"
"31.00000","0.51643","7.51867"
"31.10000","0.51819","7.54695"
"31.20000","0.51980","7.56755"
"31.30000","0.52147","7.59176"
"31.40000","0.52305","7.61128"
"31.50000","0.52473","7.63647"
"31.60000","0.52644","7.66183"
"31.70000","0.52809","7.68373"
"31.80000","0.52973","7.70509"
"31.90000","0.53136","7.72599"
"32.00000","0.53301","7.74768"
"32.10000","0.53463","7.76793"
"32.20000","0.53622","7.78699"
"32.30000","0.53784","7.80788"
"32.40000","0.53947","7.82946"
"32.50000","0.54109","7.85080"
"32.60000","0.54274","7.87420"
"32.70000","0.54445","7.89956"
"32.80000","0.54612","7.92337"
"32.90000","0.54780","7.94666"
"33.00000","0.54948","7.97019"
"33.10000","0.55119","7.99540"
"33.20000","0.55287","8.01745"
"33.30000","0.55456","8.04104"
"33.40000","0.55641","8.06995"
"33.50000","0.55818","8.09434"
"33.60000","0.55983","8.11303"
"33.70000","0.56145","8.13108"
"33.80000","0.56315","8.15391"
"33.90000","0.56483","8.17476"
"34.00000","0.56642","8.19237"
"34.10000","0.56805","8.21252"
"34.20000","0.56977","8.23617"
"34.30000","0.57145","8.25737"
"34.40000","0.57315","8.27938"
"34.50000","0.57483","8.30028"
"34.60000","0.57640","8.31777"
"34.70000","0.57800","8.33723"
"34.80000","0.57975","8.36331"
"34.90000","0.58139","8.38328"
"35.00000","0.58307","8.40493"
"35.10000","0.58469","8.42452"
"35.20000","0.58633","8.44461"
"35.30000","0.58798","8.46494"
"35.40000","0.58961","8.48360"
"35.50000","0.59118","8.49931"
"35.60000","0.59278","8.51742"
"35.70000","0.59444","8.53759"
"35.80000","0.59612","8.55779"
"35.90000","0.59769","8.57324"
"36.00000","0.59932","8.59084"
"36.10000","0.60093","8.60802"
"36.20000","0.60254","8.62440"
"36.30000","0.60423","8.64468"
"36.40000","0.60596","8.66684"
"36.50000","0.60766","8.68601"
"36.60000","0.60934","8.70589"
"36.70000","0.61110","8.72899"
"36.80000","0.61285","8.75140"
"36.90000","0.61457","8.77218"
"37.00000","0.61630","8.79325"
"37.10000","0.61800","8.81369"
"37.20000","0.61974","8.83492"
"37.30000","0.62141","8.85328"
"37.40000","0.62301","8.86885"
"37.50000","0.62464","8.88645"
"37.60000","0.62632","8.90671"
"37.70000","0.62808","8.92995"
"37.80000","0.62972","8.94693"
"37.90000","0.63135","8.96409"
"38.00000","0.63300","8.98172"
"38.10000","0.63482","9.00706"
"38.20000","0.63647","9.02335"
"38.30000","0.63811","9.03974"
"38.40000","0.63984","9.06031"
"38.50000","0.64143","9.07512"
"38.60000","0.64297","9.08814"
"38.70000","0.64462","9.10696"
"38.80000","0.64628","9.12611"
"38.90000","0.64785","9.14142"
"39.00000","0.64950","9.16113"
"39.10000","0.65114","9.17959"
"39.20000","0.65284","9.19992"
"39.30000","0.65455","9.22096"
"39.40000","0.65621","9.23876"
"39.50000","0.65789","9.25650"
"39.60000","0.65953","9.27248"
"39.70000","0.66113","9.28741"
"39.80000","0.66277","9.30447"
"39.90000","0.66475","9.33575"
"40.00000","0.66655","9.35711"
"40.10000","0.66823","9.37282"
"40.20000","0.66984","9.38681"
"40.30000","0.67142","9.40026"
"40.40000","0.67306","9.41642"
"40.50000","0.67464","9.43135"
"40.60000","0.67616","9.44402"
"40.70000","0.67772","9.45893"
"40.80000","0.67931","9.47474"
"40.90000","0.68099","9.49380"
"41.00000","0.68262","9.50976"
"41.10000","0.68423","9.52492"
"41.20000","0.68590","9.54274"
"41.30000","0.68754","9.55847"
"41.40000","0.68940","9.58297"
"41.50000","0.69111","9.59937"
"41.60000","0.69280","9.61383"
"41.70000","0.69445","9.62760"
"41.80000","0.69615","9.64292"
"41.90000","0.69776","9.65520"
"42.00000","0.69944","9.66937"
"42.10000","0.70111","9.68329"
"42.20000","0.70277","9.69787"
"42.30000","0.70442","9.71137"
"42.40000","0.70609","9.72583"
"42.50000","0.70768","9.73861"
"42.60000","0.70928","9.75208"
"42.70000","0.71092","9.76806"
"42.80000","0.71264","9.78704"
"42.90000","0.71442","9.80864"
"43.00000","0.71624","9.83062"
"43.10000","0.71792","9.84669"
"43.20000","0.71992","9.87659"
"43.30000","0.72185","9.90186"
"43.40000","0.72356","9.91573"
"43.50000","0.72512","9.92463"
"43.60000","0.72673","9.93644"
"43.70000","0.72835","9.94898"
"43.80000","0.72992","9.96108"
"43.90000","0.73151","9.97330"
"44.00000","0.73310","9.98558"
"44.10000","0.73474","10.00056"
"44.20000","0.73643","10.01774"
"44.30000","0.73808","10.03226"
"44.40000","0.73969","10.04620"
"44.50000","0.74126","10.05882"
"44.60000","0.74302","10.07987"
"44.70000","0.74479","10.10062"
"44.80000","0.74638","10.11244"
"44.90000","0.74804","10.12771"
"45.00000","0.74974","10.14545"
"45.10000","0.75147","10.16397"
"45.20000","0.75315","10.17993"
"45.30000","0.75488","10.19868"
"45.40000","0.75655","10.21337"
"45.50000","0.75815","10.22630"
"45.60000","0.75974","10.23839"
"45.70000","0.76144","10.25628"
"45.80000","0.76315","10.27292"
"45.90000","0.76483","10.28846"
"46.00000","0.76647","10.30153"
"46.10000","0.76807","10.31417"
"46.20000","0.76970","10.32916"
"46.30000","0.77134","10.34434"
"46.40000","0.77297","10.35988"
"46.50000","0.77463","10.37683"
"46.60000","0.77647","10.40206"
"46.70000","0.77817","10.41913"
"46.80000","0.77975","10.43135"
"46.90000","0.78140","10.44682"
"47.00000","0.78308","10.46363"
"47.10000","0.78469","10.47673"
"47.20000","0.78638","10.49502"
"47.30000","0.78808","10.51228"
"47.40000","0.78973","10.52780"
"47.50000","0.79142","10.54447"
"47.60000","0.79311","10.56106"
"47.70000","0.79482","10.57901"
"47.80000","0.79649","10.59494"
"47.90000","0.79838","10.61971"
"48.00000","0.80001","10.63146"
"48.10000","0.80161","10.64426"
"48.20000","0.80332","10.66195"
"48.30000","0.80508","10.68135"
"48.40000","0.80656","10.68876"
"48.50000","0.80804","10.69699"
"48.60000","0.80966","10.71335"
"48.70000","0.81126","10.72798"
"48.80000","0.81281","10.74041"
"48.90000","0.81442","10.75452"
"49.00000","0.81603","10.76811"
"49.10000","0.81769","10.78554"
"49.20000","0.81937","10.80280"
"49.30000","0.82100","10.81685"
"49.40000","0.82260","10.82923"
"49.50000","0.82424","10.84325"
"49.60000","0.82583","10.85534"
"49.70000","0.82746","10.86892"
"49.80000","0.82925","10.88927"
"49.90000","0.83099","10.90567"
"50.00000","0.83267","10.91836"
"50.10000","0.83433","10.93088"
"50.20000","0.83606","10.94706"
"50.30000","0.83767","10.95754"
"50.40000","0.83931","10.97001"
"50.50000","0.84099","10.98387"
"50.60000","0.84265","10.99807"
"50.70000","0.84439","11.01517"
"50.80000","0.84613","11.03156"
"50.90000","0.84791","11.04953"
"51.00000","0.84951","11.05821"
"51.10000","0.85118","11.07247"
"51.20000","0.85309","11.09577"
"51.30000","0.85479","11.10754"
"51.40000","0.85638","11.11572"
"51.50000","0.85809","11.12980"
"51.60000","0.85980","11.14443"
"51.70000","0.86152","11.15869"
"51.80000","0.86322","11.17059"
"51.90000","0.86474","11.17603"
"52.00000","0.86639","11.18874"
"52.10000","0.86800","11.20003"
"52.20000","0.86958","11.20944"
"52.30000","0.87117","11.22037"
"52.40000","0.87279","11.23099"
"52.50000","0.87444","11.24470"
"52.60000","0.87616","11.26055"
"52.70000","0.87786","11.27601"
"52.80000","0.87958","11.29164"
"52.90000","0.88120","11.30284"
"53.00000","0.88302","11.32305"
"53.10000","0.88495","11.34654"
"53.20000","0.88665","11.35888"
"53.30000","0.88821","11.36571"
"53.40000","0.88980","11.37518"
"53.50000","0.89146","11.38905"
"53.60000","0.89321","11.40643"
"53.70000","0.89488","11.41883"
"53.80000","0.89647","11.42810"
"53.90000","0.89819","11.44493"
"54.00000","0.89983","11.45679"
"54.10000","0.90136","11.46432"
"54.20000","0.90300","11.47698"
"54.30000","0.90447","11.48210"
"54.40000","0.90594","11.48839"
"54.50000","0.90768","11.50598"
"54.60000","0.90941","11.51489"
"54.70000","0.91104","11.52367"
"54.80000","0.91269","11.53719"
"54.90000","0.91431","11.54698"
"55.00000","0.91596","11.55910"
"55.10000","0.91763","11.57176"
"55.20000","0.91925","11.58144"
"55.30000","0.92094","11.59436"
"55.40000","0.92268","11.60912"
"55.50000","0.92435","11.62030"
"55.60000","0.92598","11.62975"
"55.70000","0.92765","11.64103"
"55.80000","0.92940","11.65588"
"55.90000","0.93118","11.66946"
"56.00000","0.93287","11.68134"
"56.10000","0.93454","11.69185"
"56.20000","0.93621","11.70265"
"56.30000","0.93786","11.71291"
"56.40000","0.93965","11.73040"
"56.50000","0.94148","11.74849"
"56.60000","0.94313","11.75763"
"56.70000","0.94474","11.76583"
"56.80000","0.94642","11.77861"
"56.90000","0.94802","11.78759"
"57.00000","0.94967","11.79881"
"57.10000","0.95132","11.80998"
"57.20000","0.95296","11.82049"
"57.30000","0.95473","11.83744"
"57.40000","0.95641","11.84902"
"57.50000","0.95797","11.85563"
"57.60000","0.95954","11.86359"
"57.70000","0.96119","11.87576"
"57.80000","0.96307","11.89611"
"57.90000","0.96477","11.90779"
"58.00000","0.96641","11.91751"
"58.10000","0.96808","11.92930"
"58.20000","0.96974","11.93925"
"58.30000","0.97130","11.94635"
"58.40000","0.97281","11.95209"
"58.50000","0.97441","11.96138"
"58.60000","0.97608","11.97384"
"58.70000","0.97776","11.98685"
"58.80000","0.97939","11.99789"
"58.90000","0.98100","12.00713"
"59.00000","0.98272","12.02172"
"59.10000","0.98446","12.03615"
"59.20000","0.98617","12.04904"
"59.30000","0.98788","12.06149"
"59.40000","0.98957","12.07297"
"59.50000","0.99135","12.08884"
"59.60000","0.99327","12.10968"
"59.70000","0.99508","12.12471"
"59.80000","0.99679","12.13490"
"59.90000","0.99825","12.13483"
"60.00000","0.99985","12.14228"
"60.10000","1.00150","12.15220"
"60.20000","1.00310","12.16000"
"60.30000","1.00467","12.16704"
"60.40000","1.00627","12.17623"
"60.50000","1.00788","12.18542"
"60.60000","1.00956","12.19788"
"60.70000","1.01126","12.21186"
"60.80000","1.01299","12.22719"
"60.90000","1.01465","12.23923"
"61.00000","1.01648","12.25789"
"61.10000","1.01831","12.27668"
"61.20000","1.02005","12.29038"
"61.30000","1.02179","12.30409"
"61.40000","1.02339","12.31257"
"61.50000","1.02497","12.32031"
"61.60000","1.02650","12.32649"
"61.70000","1.02809","12.33591"
"61.80000","1.02981","12.35111"
"61.90000","1.03141","12.35934"
"62.00000","1.03298","12.36752"
"62.10000","1.03466","12.37963"
"62.20000","1.03632","12.39085"
"62.30000","1.03788","12.39750"
"62.40000","1.03947","12.40621"
"62.50000","1.04107","12.41566"
"62.60000","1.04268","12.42627"
"62.70000","1.04441","12.44052"
"62.80000","1.04620","12.45685"
"62.90000","1.04794","12.47091"
"63.00000","1.04978","12.48925"
"63.10000","1.05159","12.50582"
"63.20000","1.05326","12.51515"
"63.30000","1.05481","12.52028"
"63.40000","1.05645","12.53107"
"63.50000","1.05818","12.54506"
"63.60000","1.05978","12.55284"
"63.70000","1.06145","12.56447"
"63.80000","1.06319","12.57901"
"63.90000","1.06496","12.59377"
"64.00000","1.06657","12.60148"
"64.10000","1.06819","12.60936"
"64.20000","1.06979","12.61795"
"64.30000","1.07156","12.63327"
"64.40000","1.07316","12.64067"
"64.50000","1.07466","12.64480"
"64.60000","1.07626","12.65433"
"64.70000","1.07789","12.66506"
"64.80000","1.07950","12.67445"
"64.90000","1.08113","12.68461"
"65.00000","1.08281","12.69701"
"65.10000","1.08445","12.67185"
"65.20000","1.08610","12.68287"
"65.30000","1.08777","12.69500"
"65.40000","1.08946","12.70466"
"65.50000","1.09113","12.71465"
"65.60000","1.09284","12.72704"
"65.70000","1.09455","12.73859"
"65.80000","1.09622","12.74809"
"65.90000","1.09778","12.75291"
"66.00000","1.09974","12.77543"
"66.10000","1.10165","12.79319"
"66.20000","1.10331","12.79987"
"66.30000","1.10491","12.80541"
"66.40000","1.10656","12.81448"
"66.50000","1.10817","12.82127"
"66.60000","1.10973","12.82776"
"66.70000","1.11138","12.83848"
"66.80000","1.11299","12.84709"
"66.90000","1.11459","12.85511"
"67.00000","1.11617","12.86231"
"67.10000","1.11785","12.87305"
"67.20000","1.11953","12.88487"
"67.30000","1.12119","12.89506"
"67.40000","1.12282","12.90362"
"67.50000","1.12452","12.91637"
"67.60000","1.12640","12.93486"
"67.70000","1.12812","12.94524"
"67.80000","1.12974","12.95139"
"67.90000","1.13136","12.95816"
"68.00000","1.13304","12.96884"
"68.10000","1.13467","12.97609"
"68.20000","1.13628","12.98242"
"68.30000","1.13784","12.98696"
"68.40000","1.13945","12.99548"
"68.50000","1.14111","13.00623"
"68.60000","1.14270","13.01352"
"68.70000","1.14433","13.02398"
"68.80000","1.14600","13.03342"
"68.90000","1.14767","13.04462"
"69.00000","1.14934","13.05581"
"69.10000","1.15101","13.06674"
"69.20000","1.15262","13.07629"
"69.30000","1.15430","13.08824"
"69.40000","1.15622","13.11004"
"69.50000","1.15808","13.12750"
"69.60000","1.15984","13.13959"
"69.70000","1.16149","13.14801"
"69.80000","1.16317","13.15742"
"69.90000","1.16478","13.16445"
"70.00000","1.16634","13.17078"
"70.10000","1.16793","13.17847"
"70.20000","1.16958","13.18827"
"70.30000","1.17129","13.20108"
"70.40000","1.17299","13.21377"
"70.50000","1.17463","13.22246"
"70.60000","1.17615","13.22801"
"70.70000","1.17769","13.23413"
"70.80000","1.17942","13.25054"
"70.90000","1.18114","13.26398"
"71.00000","1.18282","13.27561"
"71.10000","1.18449","13.28675"
"71.20000","1.18617","13.29762"
"71.30000","1.18782","13.30676"
"71.40000","1.18948","13.31635"
"71.50000","1.19119","13.32769"
"71.60000","1.19279","13.33506"
"71.70000","1.19441","13.34259"
"71.80000","1.19611","13.35435"
"71.90000","1.19783","13.36704"
"72.00000","1.19956","13.37954"
"72.10000","1.20125","13.38858"
"72.20000","1.20293","13.39849"
"72.30000","1.20469","13.41197"
"72.40000","1.20641","13.42375"
"72.50000","1.20805","13.43362"
"72.60000","1.20977","13.44650"
"72.70000","1.21152","13.46054"
"72.80000","1.21327","13.47490"
"72.90000","1.21495","13.48609"
"73.00000","1.21656","13.49443"
"73.10000","1.21816","13.50291"
"73.20000","1.21985","13.51494"
"73.30000","1.22154","13.52632"
"73.40000","1.22318","13.53580"
"73.50000","1.22485","13.54639"
"73.60000","1.22648","13.55568"
"73.70000","1.22811","13.56436"
"73.80000","1.22976","13.57504"
"73.90000","1.23138","13.58315"
"74.00000","1.23300","13.59241"
"74.10000","1.23475","13.60638"
"74.20000","1.23642","13.61589"
"74.30000","1.23810","13.62607"
"74.40000","1.23981","13.63738"
"74.50000","1.24150","13.64767"
"74.60000","1.24306","13.65348"
"74.70000","1.24465","13.66043"
"74.80000","1.24621","13.66649"
"74.90000","1.24772","13.67076"
"75.00000","1.24928","13.67825"
"75.10000","1.25091","13.68796"
"75.20000","1.25259","13.69959"
"75.30000","1.25428","13.71156"
"75.40000","1.25598","13.72225"
"75.50000","1.25772","13.73329"
"75.60000","1.25942","13.74212"
"75.70000","1.26107","13.74814"
"75.80000","1.26273","13.75624"
"75.90000","1.26466","13.77489"
"76.00000","1.26641","13.78402"
"76.10000","1.26807","13.79027"
"76.20000","1.26980","13.79909"
"76.30000","1.27146","13.80558"
"76.40000","1.27307","13.81005"
"76.50000","1.27470","13.81670"
"76.60000","1.27637","13.82607"
"76.70000","1.27804","13.83411"
"76.80000","1.27969","13.84292"
"76.90000","1.28139","13.85465"
"77.00000","1.28307","13.86421"
"77.10000","1.28471","13.87233"
"77.20000","1.28638","13.88200"
"77.30000","1.28811","13.89447"
"77.40000","1.28996","13.91212"
"77.50000","1.29170","13.92312"
"77.60000","1.29330","13.92768"
"77.70000","1.29493","13.93556"
"77.80000","1.29666","13.94663"
"77.90000","1.29820","13.94857"
"78.00000","1.29979","13.95354"
"78.10000","1.30143","13.96211"
"78.20000","1.30306","13.96844"
"78.30000","1.30471","13.97699"
"78.40000","1.30633","13.98332"
"78.50000","1.30789","13.98835"
"78.60000","1.30950","13.99418"
"78.70000","1.31112","14.00160"
"78.80000","1.31270","14.00754"
"78.90000","1.31432","14.01561"
"79.00000","1.31606","14.02899"
"79.10000","1.31764","14.03420"
"79.20000","1.31939","14.04768"
"79.30000","1.32127","14.06681"
"79.40000","1.32301","14.07707"
"79.50000","1.32474","14.08647"
"79.60000","1.32641","14.09497"
"79.70000","1.32797","14.09489"
"79.80000","1.32947","14.09437"
"79.90000","1.33108","14.09943"
"80.00000","1.33277","14.10847"
"80.10000","1.33451","14.11878"
"80.20000","1.33619","14.12510"
"80.30000","1.33788","14.13269"
"80.40000","1.33954","14.14028"
"80.50000","1.34117","14.14872"
"80.60000","1.34287","14.15796"
"80.70000","1.34464","14.17091"
"80.80000","1.34641","14.18408"
"80.90000","1.34811","14.19301"
"81.00000","1.34980","14.20131"
"81.10000","1.35150","14.21115"
"81.20000","1.35321","14.22116"
"81.30000","1.35491","14.23095"
"81.40000","1.35660","14.23894"
"81.50000","1.35824","14.24456"
"81.60000","1.35994","14.25547"
"81.70000","1.36176","14.27046"
"81.80000","1.36335","14.27374"
"81.90000","1.36499","14.28055"
"82.00000","1.36681","14.29603"
"82.10000","1.36865","14.31316"
"82.20000","1.37016","14.30990"
"82.30000","1.37172","14.31324"
"82.40000","1.37349","14.32696"
"82.50000","1.37513","14.33409"
"82.60000","1.37680","14.34548"
"82.70000","1.37842","14.35129"
"82.80000","1.37994","14.35397"
"82.90000","1.38151","14.35995"
"83.00000","1.38315","14.36911"
"83.10000","1.38470","14.37353"
"83.20000","1.38638","14.38591"
"83.30000","1.38805","14.39517"
"83.40000","1.38969","14.40323"
"83.50000","1.39139","14.41359"
"83.60000","1.39302","14.41983"
"83.70000","1.39461","14.42502"
"83.80000","1.39615","14.42871"
"83.90000","1.39785","14.43948"
"84.00000","1.39954","14.44814"
"84.10000","1.40118","14.45394"
"84.20000","1.40282","14.46006"
"84.30000","1.40451","14.46862"
"84.40000","1.40615","14.47538"
"84.50000","1.40771","14.47662"
"84.60000","1.40930","14.48027"
"84.70000","1.41098","14.48845"
"84.80000","1.41264","14.49533"
"84.90000","1.41428","14.50093"
"85.00000","1.41588","14.50470"
"85.10000","1.41754","14.51214"
"85.20000","1.41923","14.51998"
"85.30000","1.42093","14.52700"
"85.40000","1.42260","14.53392"
"85.50000","1.42436","14.54368"
"85.60000","1.42605","14.55023"
"85.70000","1.42778","14.55856"
"85.80000","1.42954","14.56686"
"85.90000","1.43128","14.57340"
"86.00000","1.43305","14.58273"
"86.10000","1.43471","14.58548"
"86.20000","1.43638","14.59051"
"86.30000","1.43805","14.59711"
"86.40000","1.43968","14.59946"
"86.50000","1.44123","14.59973"
"86.60000","1.44285","14.60432"
"86.70000","1.44454","14.61199"
"86.80000","1.44620","14.61764"
"86.90000","1.44786","14.62384"
"87.00000","1.44943","14.62455"
"87.10000","1.45106","14.62915"
"87.20000","1.45288","14.64227"
"87.30000","1.45456","14.64848"
"87.40000","1.45621","14.65260"
"87.50000","1.45797","14.66104"
"87.60000","1.45970","14.66743"
"87.70000","1.46137","14.67208"
"87.80000","1.46302","14.67558"
"87.90000","1.46461","14.67669"
"88.00000","1.46616","14.67228"
"88.10000","1.46777","14.66013"
"88.20000","1.46941","14.63953"
"88.30000","1.47106","14.63755"
"88.40000","1.47268","14.63842"
"88.50000","1.47429","14.63834"
"88.60000","1.47596","14.63888"
"88.70000","1.47761","14.64127"
"88.80000","1.47928","14.64544"
"88.90000","1.48093","14.64958"
"89.00000","1.48283","14.66563"
"89.10000","1.48484","14.68332"
"89.20000","1.48656","14.68685"
"89.30000","1.48819","14.68878"
"89.40000","1.48983","14.69175"
"89.50000","1.49153","14.69789"
"89.60000","1.49324","14.70393"
"89.70000","1.49491","14.70807"
"89.80000","1.49655","14.71185"
"89.90000","1.49813","14.71414"
"90.00000","1.49971","14.71627"
"90.10000","1.50134","14.72236"
"90.20000","1.50303","14.72983"
"90.30000","1.50456","14.72954"
"90.40000","1.50607","14.72917"
"90.50000","1.50774","14.73649"
"90.60000","1.50952","14.74854"
"90.70000","1.51124","14.75666"
"90.80000","1.51295","14.76489"
"90.90000","1.51457","14.76811"
"91.00000","1.51624","14.77365"
"91.10000","1.51793","14.78014"
"91.20000","1.51956","14.78383"
"91.30000","1.52118","14.78603"
"91.40000","1.52286","14.79134"
"91.50000","1.52450","14.79575"
"91.60000","1.52614","14.79910"
"91.70000","1.52778","14.80299"
"91.80000","1.52941","14.80602"
"91.90000","1.53109","14.81152"
"92.00000","1.53273","14.81551"
"92.10000","1.53441","14.81335"
"92.20000","1.53609","14.80687"
"92.30000","1.53769","14.80403"
"92.40000","1.53938","14.80874"
"92.50000","1.54109","14.81541"
"92.60000","1.54281","14.82183"
"92.70000","1.54446","14.82631"
"92.80000","1.54611","14.83022"
"92.90000","1.54776","14.83388"
"93.00000","1.54942","14.83894"
"93.10000","1.55113","14.84466"
"93.20000","1.55286","14.85130"
"93.30000","1.55459","14.85594"
"93.40000","1.55635","14.86251"
"93.50000","1.55820","14.87036"
"93.60000","1.55988","14.86931"
"93.70000","1.56158","14.87237"
"93.80000","1.56341","14.88139"
"93.90000","1.56505","14.88117"
"94.00000","1.56669","14.88409"
"94.10000","1.56839","14.88594"
"94.20000","1.57013","14.88733"
"94.30000","1.57173","14.88586"
"94.40000","1.57326","14.88406"
"94.50000","1.57489","14.88870"
"94.60000","1.57654","14.89518"
"94.70000","1.57816","14.89941"
"94.80000","1.57983","14.90693"
"94.90000","1.58150","14.91400"
"95.00000","1.58316","14.91827"
"95.10000","1.58484","14.92650"
"95.20000","1.58644","14.93037"
"95.30000","1.58808","14.93763"
"95.40000","1.58980","14.94628"
"95.50000","1.59146","14.95252"
"95.60000","1.59318","14.96165"
"95.70000","1.59489","14.96970"
"95.80000","1.59665","14.97939"
"95.90000","1.59827","14.98246"
"96.00000","1.59988","14.98657"
"96.10000","1.60147","14.98901"
"96.20000","1.60309","14.99408"
"96.30000","1.60481","15.00276"
"96.40000","1.60644","15.00719"
"96.50000","1.60803","15.01199"
"96.60000","1.60974","15.02241"
"96.70000","1.61144","15.03119"
"96.80000","1.61303","15.03410"
"96.90000","1.61457","15.03721"
"97.00000","1.61635","15.05053"
"97.10000","1.61822","15.06654"
"97.20000","1.61987","15.07260"
"97.30000","1.62152","15.07767"
"97.40000","1.62313","15.08133"
"97.50000","1.62480","15.08712"
"97.60000","1.62645","15.09313"
"97.70000","1.62807","15.09726"
"97.80000","1.62972","15.10340"
"97.90000","1.63137","15.10992"
"98.00000","1.63306","15.11835"
"98.10000","1.63478","15.12660"
"98.20000","1.63645","15.13269"
"98.30000","1.63808","15.13667"
"98.40000","1.63975","15.14364"
"98.50000","1.64138","15.14822"
"98.60000","1.64293","15.14996"
"98.70000","1.64454","15.15552"
"98.80000","1.64629","15.16657"
"98.90000","1.64800","15.17550"
"99.00000","1.64972","15.18367"
"99.10000","1.65147","15.19393"
"99.20000","1.65313","15.19731"
"99.30000","1.65474","15.20091"
"99.40000","1.65637","15.20385"
"99.50000","1.65802","15.20761"
"99.60000","1.65961","15.20850"
"99.70000","1.66118","15.20736"
"99.80000","1.66285","15.21199"
"99.90000","1.66453","15.21722"
"100.00000","1.66611","15.21767"
"100.10000","1.66779","15.22289"
"100.20000","1.66937","15.21977"
"100.30000","1.67110","15.22511"
"100.40000","1.67273","15.22609"
"100.50000","1.67438","15.22890"
"100.60000","1.67606","15.23384"
"100.70000","1.67775","15.23945"
"100.80000","1.67944","15.24393"
"100.90000","1.68108","15.24677"
"101.00000","1.68280","15.25324"
"101.10000","1.68453","15.26079"
"101.20000","1.68618","15.26524"
"101.30000","1.68787","15.27001"
"101.40000","1.68952","15.27154"
"101.50000","1.69117","15.27419"
"101.60000","1.69286","15.27751"
"101.70000","1.69450","15.27880"
"101.80000","1.69613","15.27714"
"101.90000","1.69765","15.27290"
"102.00000","1.69955","15.28432"
"102.10000","1.70127","15.28739"
"102.20000","1.70297","15.28946"
"102.30000","1.70469","15.29187"
"102.40000","1.70632","15.29209"
"102.50000","1.70790","15.29067"
"102.60000","1.70948","15.29050"
"102.70000","1.71109","15.29240"
"102.80000","1.71268","15.29353"
"102.90000","1.71439","15.30031"
"103.00000","1.71611","15.30616"
"103.10000","1.71775","15.30646"
"103.20000","1.71942","15.31067"
"103.30000","1.72114","15.31533"
"103.40000","1.72278","15.31724"
"103.50000","1.72444","15.31916"
"103.60000","1.72630","15.32968"
"103.70000","1.72803","15.33216"
"103.80000","1.72974","15.33574"
"103.90000","1.73145","15.34057"
"104.00000","1.73319","15.34609"
"104.10000","1.73484","15.34788"
"104.20000","1.73646","15.34844"
"104.30000","1.73808","15.35110"
"104.40000","1.73970","15.35238"
"104.50000","1.74129","15.35332"
"104.60000","1.74282","15.35300"
"104.70000","1.74440","15.35504"
"104.80000","1.74607","15.36028"
"104.90000","1.74777","15.36720"
"105.00000","1.74944","15.37157"
"105.10000","1.75108","15.37598"
"105.20000","1.75276","15.38078"
"105.30000","1.75452","15.38967"
"105.40000","1.75635","15.40086"
"105.50000","1.75810","15.40765"
"105.60000","1.75967","15.40572"
"105.70000","1.76124","15.40490"
"105.80000","1.76290","15.40767"
"105.90000","1.76450","15.40840"
"106.00000","1.76607","15.40661"
"106.10000","1.76765","15.40597"
"106.20000","1.76928","15.40895"
"106.30000","1.77089","15.40967"
"106.40000","1.77253","15.41231"
"106.50000","1.77420","15.41551"
"106.60000","1.77587","15.41904"
"106.70000","1.77754","15.42317"
"106.80000","1.77940","15.43593"
"106.90000","1.78120","15.44390"
"107.00000","1.78286","15.44502"
"107.10000","1.78447","15.44435"
"107.20000","1.78624","15.45005"
"107.30000","1.78791","15.45138"
"107.40000","1.78954","15.45152"
"107.50000","1.79122","15.45285"
"107.60000","1.79287","15.45382"
"107.70000","1.79451","15.45508"
"107.80000","1.79617","15.45621"
"107.90000","1.79783","15.45958"
"108.00000","1.79956","15.46385"
"108.10000","1.80118","15.46324"
"108.20000","1.80281","15.46310"
"108.30000","1.80448","15.46616"
"108.40000","1.80616","15.46881"
"108.50000","1.80783","15.47119"
"108.60000","1.80952","15.47545"
"108.70000","1.81124","15.48045"
"108.80000","1.81303","15.48810"
"108.90000","1.81477","15.49302"
"109.00000","1.81643","15.49527"
"109.10000","1.81810","15.49804"
"109.20000","1.81984","15.50333"
"109.30000","1.82159","15.50937"
"109.40000","1.82323","15.51006"
"109.50000","1.82477","15.50682"
"109.60000","1.82631","15.50357"
"109.70000","1.82788","15.50353"
"109.80000","1.82957","15.50734"
"109.90000","1.83120","15.50908"
"110.00000","1.83282","15.51052"
"110.10000","1.83465","15.52051"
"110.20000","1.83648","15.52900"
"110.30000","1.83825","15.53438"
"110.40000","1.84004","15.54226"
"110.50000","1.84172","15.54502"
"110.60000","1.84327","15.54346"
"110.70000","1.84493","15.54651"
"110.80000","1.84655","15.54904"
"110.90000","1.84810","15.54840"
"111.00000","1.84976","15.55416"
"111.10000","1.85151","15.56160"
"111.20000","1.85311","15.56349"
"111.30000","1.85475","15.56637"
"111.40000","1.85643","15.57220"
"111.50000","1.85814","15.57879"
"111.60000","1.85980","15.58266"
"111.70000","1.86130","15.57998"
"111.80000","1.86283","15.57914"
"111.90000","1.86469","15.59242"
"112.00000","1.86653","15.59975"
"112.10000","1.86823","15.60193"
"112.20000","1.86983","15.60084"
"112.30000","1.87139","15.59910"
"112.40000","1.87300","15.59990"
"112.50000","1.87456","15.60020"
"112.60000","1.87612","15.60110"
"112.70000","1.87778","15.60811"
"112.80000","1.87954","15.62075"
"112.90000","1.88118","15.62268"
"113.00000","1.88287","15.62782"
"113.10000","1.88451","15.63045"
"113.20000","1.88609","15.63125"
"113.30000","1.88771","15.63378"
"113.40000","1.88968","15.65077"
"113.50000","1.89150","15.65881"
"113.60000","1.89321","15.66267"
"113.70000","1.89486","15.66370"
"113.80000","1.89653","15.66500"
"113.90000","1.89818","15.66545"
"114.00000","1.89983","15.66778"
"114.10000","1.90143","15.66770"
"114.20000","1.90305","15.66961"
"114.30000","1.90478","15.67595"
"114.40000","1.90643","15.68215"
"114.50000","1.90807","15.68482"
"114.60000","1.90961","15.68268"
"114.70000","1.91117","15.68105"
"114.80000","1.91289","15.68869"
"114.90000","1.91455","15.69179"
"115.00000","1.91621","15.69386"
"115.10000","1.91779","15.67875"
"115.20000","1.91954","15.68476"
"115.30000","1.92137","15.69641"
"115.40000","1.92304","15.69400"
"115.50000","1.92468","15.69274"
"115.60000","1.92629","15.69047"
"115.70000","1.92787","15.68699"
"115.80000","1.92950","15.68744"
"115.90000","1.93114","15.68796"
"116.00000","1.93280","15.69054"
"116.10000","1.93451","15.69359"
"116.20000","1.93623","15.69737"
"116.30000","1.93787","15.69853"
"116.40000","1.93957","15.70542"
"116.50000","1.94109","15.70094"
"116.60000","1.94286","15.70854"
"116.70000","1.94464","15.71531"
"116.80000","1.94637","15.71825"
"116.90000","1.94804","15.71916"
"117.00000","1.94973","15.72052"
"117.10000","1.95149","15.72774"
"117.20000","1.95302","15.72084"
"117.30000","1.95467","15.72215"
"117.40000","1.95636","15.72350"
"117.50000","1.95797","15.72110"
"117.60000","1.95957","15.71926"
"117.70000","1.96117","15.71913"
"117.80000","1.96284","15.72252"
"117.90000","1.96447","15.72353"
"118.00000","1.96617","15.72818"
"118.10000","1.96792","15.73379"
"118.20000","1.96972","15.74306"
"118.30000","1.97137","15.74268"
"118.40000","1.97293","15.73881"
"118.50000","1.97456","15.74056"
"118.60000","1.97641","15.74992"
"118.70000","1.97822","15.75911"
"118.80000","1.97977","15.75488"
"118.90000","1.98138","15.75399"
"119.00000","1.98304","15.75518"
"119.10000","1.98466","15.75430"
"119.20000","1.98628","15.75339"
"119.30000","1.98793","15.75671"
"119.40000","1.98951","15.75521"
"119.50000","1.99118","15.75886"
"119.60000","1.99287","15.76272"
"119.70000","1.99450","15.76454"
"119.80000","1.99609","15.76501"
"119.90000","1.99802","15.77925"
"120.00000","1.99985","15.78840"
"120.10000","2.00159","15.79347"
"120.20000","2.00318","15.79048"
"120.30000","2.00484","15.79245"
"120.40000","2.00650","15.79347"
"120.50000","2.00801","15.78784"
"120.60000","2.00956","15.78746"
"120.70000","2.01119","15.78902"
"120.80000","2.01287","15.79195"
"120.90000","2.01455","15.79469"
"121.00000","2.01618","15.79590"
"121.10000","2.01788","15.79922"
"121.20000","2.01956","15.80078"
"121.30000","2.02127","15.80370"
"121.40000","2.02300","15.80744"
"121.50000","2.02479","15.81354"
"121.60000","2.02645","15.81474"
"121.70000","2.02824","15.82230"
"121.80000","2.03009","15.83228"
"121.90000","2.03168","15.83033"
"122.00000","2.03322","15.82717"
"122.10000","2.03486","15.82965"
"122.20000","2.03645","15.83003"
"122.30000","2.03801","15.82900"
"122.40000","2.03961","15.83043"
"122.50000","2.04115","15.82896"
"122.60000","2.04279","15.83134"
"122.70000","2.04439","15.83252"
"122.80000","2.04601","15.83382"
"122.90000","2.04764","15.83541"
"123.00000","2.04930","15.83809"
"123.10000","2.05092","15.83772"
"123.20000","2.05275","15.84513"
"123.30000","2.05452","15.84958"
"123.40000","2.05621","15.85028"
"123.50000","2.05787","15.85030"
"123.60000","2.05956","15.85227"
"123.70000","2.06127","15.85406"
"123.80000","2.06297","15.85556"
"123.90000","2.06469","15.85816"
"124.00000","2.06633","15.85832"
"124.10000","2.06789","15.85509"
"124.20000","2.06953","15.85649"
"124.30000","2.07120","15.85834"
"124.40000","2.07283","15.85888"
"124.50000","2.07452","15.86119"
"124.60000","2.07624","15.86518"
"124.70000","2.07793","15.86734"
"124.80000","2.07965","15.86859"
"124.90000","2.08130","15.86713"
"125.00000","2.08304","15.86871"
"125.10000","2.08483","15.87055"
"125.20000","2.08647","15.86799"
"125.30000","2.08813","15.86909"
"125.40000","2.08975","15.86917"
"125.50000","2.09137","15.86878"
"125.60000","2.09305","15.87076"
"125.70000","2.09471","15.87125"
"125.80000","2.09631","15.87059"
"125.90000","2.09790","15.87021"
"126.00000","2.09951","15.87162"
"126.10000","2.10116","15.87209"
"126.20000","2.10284","15.87431"
"126.30000","2.10446","15.87411"
"126.40000","2.10600","15.87041"
"126.50000","2.10782","15.87825"
"126.60000","2.10968","15.88710"
"126.70000","2.11141","15.89002"
"126.80000","2.11306","15.88731"
"126.90000","2.11471","15.88397"
"127.00000","2.11637","15.88016"
"127.10000","2.11805","15.87924"
"127.20000","2.11965","15.87727"
"127.30000","2.12114","15.87045"
"127.40000","2.12276","15.87110"
"127.50000","2.12445","15.87366"
"127.60000","2.12606","15.87268"
"127.70000","2.12771","15.87341"
"127.80000","2.12940","15.87499"
"127.90000","2.13112","15.87796"
"128.00000","2.13283","15.88073"
"128.10000","2.13455","15.88286"
"128.20000","2.13622","15.88437"
"128.30000","2.13788","15.88512"
"128.40000","2.13968","15.89108"
"128.50000","2.14148","15.89688"
"128.60000","2.14312","15.89552"
"128.70000","2.14470","15.89110"
"128.80000","2.14638","15.89198"
"128.90000","2.14806","15.89244"
"129.00000","2.14971","15.89110"
"129.10000","2.15136","15.89148"
"129.20000","2.15304","15.89326"
"129.30000","2.15472","15.89515"
"129.40000","2.15644","15.90060"
"129.50000","2.15812","15.90412"
"129.60000","2.15971","15.90271"
"129.70000","2.16147","15.90821"
"129.80000","2.16337","15.91911"
"129.90000","2.16507","15.92083"
"130.00000","2.16664","15.91772"
"130.10000","2.16824","15.91668"
"130.20000","2.16987","15.91797"
"130.30000","2.17141","15.91487"
"130.40000","2.17301","15.91474"
"130.50000","2.17469","15.91761"
"130.60000","2.17633","15.91850"
"130.70000","2.17798","15.91981"
"130.80000","2.17961","15.92021"
"130.90000","2.18121","15.92071"
"131.00000","2.18283","15.92208"
"131.10000","2.18454","15.92649"
"131.20000","2.18623","15.92974"
"131.30000","2.18792","15.93447"
"131.40000","2.18971","15.94241"
"131.50000","2.19158","15.95326"
"131.60000","2.19344","15.96208"
"131.70000","2.19524","15.96744"
"131.80000","2.19692","15.96731"
"131.90000","2.19851","15.96434"
"132.00000","2.20007","15.96104"
"132.10000","2.20167","15.96047"
"132.20000","2.20326","15.95903"
"132.30000","2.20494","15.96203"
"132.40000","2.20654","15.96185"
"132.50000","2.20810","15.96022"
"132.60000","2.20975","15.96282"
"132.70000","2.21146","15.96762"
"132.80000","2.21312","15.96995"
"132.90000","2.21468","15.96870"
"133.00000","2.21639","15.97365"
"133.10000","2.21809","15.97675"
"133.20000","2.21973","15.97718"
"133.30000","2.22146","15.98076"
"133.40000","2.22314","15.98188"
"133.50000","2.22474","15.97824"
"133.60000","2.22635","15.97777"
"133.70000","2.22803","15.98022"
"133.80000","2.22966","15.98071"
"133.90000","2.23124","15.97900"
"134.00000","2.23285","15.98025"
"134.10000","2.23457","15.98534"
"134.20000","2.23622","15.98685"
"134.30000","2.23789","15.98847"
"134.40000","2.23950","15.98746"
"134.50000","2.24107","15.98607"
"134.60000","2.24272","15.98637"
"134.70000","2.24443","15.99022"
"134.80000","2.24615","15.99384"
"134.90000","2.24779","15.99370"
"135.00000","2.24949","15.99387"
"135.10000","2.25114","15.99066"
"135.20000","2.25277","15.98733"
"135.30000","2.25438","15.98431"
"135.40000","2.25598","15.98166"
"135.50000","2.25757","15.97962"
"135.60000","2.25923","15.97943"
"135.70000","2.26092","15.98163"
"135.80000","2.26263","15.98281"
"135.90000","2.26437","15.98539"
"136.00000","2.26608","15.98609"
"136.10000","2.26783","15.98771"
"136.20000","2.26945","15.98418"
"136.30000","2.27126","15.98909"
"136.40000","2.27296","15.98806"
"136.50000","2.27453","15.98277"
"136.60000","2.27625","15.98456"
"136.70000","2.27797","15.98476"
"136.80000","2.27964","15.98091"
"136.90000","2.28122","15.97408"
"137.00000","2.28293","15.97413"
"137.10000","2.28463","15.97484"
"137.20000","2.28628","15.97444"
"137.30000","2.28791","15.97392"
"137.40000","2.28956","15.97483"
"137.50000","2.29130","15.97933"
"137.60000","2.29305","15.98378"
"137.70000","2.29468","15.98213"
"137.80000","2.29637","15.98361"
"137.90000","2.29792","15.97925"
"138.00000","2.29982","15.98925"
"138.10000","2.30161","15.99290"
"138.20000","2.30324","15.98856"
"138.30000","2.30484","15.98445"
"138.40000","2.30648","15.98198"
"138.50000","2.30804","15.97550"
"138.60000","2.30961","15.96893"
"138.70000","2.31118","15.96375"
"138.80000","2.31283","15.96283"
"138.90000","2.31448","15.96399"
"139.00000","2.31608","15.96158"
"139.10000","2.31771","15.96320"
"139.20000","2.31935","15.96523"
"139.30000","2.32104","15.96801"
"139.40000","2.32271","15.96978"
"139.50000","2.32440","15.97288"
"139.60000","2.32621","15.97883"
"139.70000","2.32791","15.97903"
"139.80000","2.32968","15.98267"
"139.90000","2.33143","15.98455"
"140.00000","2.33303","15.97942"
"140.10000","2.33470","15.97790"
"140.20000","2.33637","15.97457"
"140.30000","2.33801","15.97011"
"140.40000","2.33963","15.96500"
"140.50000","2.34123","15.96210"
"140.60000","2.34287","15.96233"
"140.70000","2.34453","15.96398"
"140.80000","2.34616","15.96428"
"140.90000","2.34786","15.96811"
"141.00000","2.34953","15.96895"
"141.10000","2.35119","15.97147"
"141.20000","2.35286","15.97340"
"141.30000","2.35454","15.97507"
"141.40000","2.35634","15.98200"
"141.50000","2.35813","15.98660"
"141.60000","2.35977","15.98395"
"141.70000","2.36141","15.98183"
"141.80000","2.36314","15.98102"
"141.90000","2.36470","15.97176"
"142.00000","2.36625","15.96095"
"142.10000","2.36777","15.95093"
"142.20000","2.36940","15.94790"
"142.30000","2.37097","15.94378"
"142.40000","2.37253","15.94107"
"142.50000","2.37413","15.93952"
"142.60000","2.37576","15.94066"
"142.70000","2.37733","15.93929"
"142.80000","2.37904","15.94393"
"142.90000","2.38077","15.94752"
"143.00000","2.38244","15.94886"
"143.10000","2.38415","15.95089"
"143.20000","2.38593","15.95408"
"143.30000","2.38775","15.95856"
"143.40000","2.38951","15.95823"
"143.50000","2.39121","15.95542"
"143.60000","2.39289","15.95107"
"143.70000","2.39457","15.94471"
"143.80000","2.39625","15.93951"
"143.90000","2.39799","15.93921"
"144.00000","2.39978","15.94253"
"144.10000","2.40140","15.94023"
"144.20000","2.40305","15.93973"
"144.30000","2.40472","15.94107"
"144.40000","2.40637","15.94183"
"144.50000","2.40808","15.94563"
"144.60000","2.40986","15.95203"
"144.70000","2.41165","15.95782"
"144.80000","2.41338","15.96017"
"144.90000","2.41512","15.96317"
"145.00000","2.41661","15.95515"
"145.10000","2.41811","15.94917"
"145.20000","2.41980","15.94989"
"145.30000","2.42152","15.94876"
"145.40000","2.42317","15.94333"
"145.50000","2.42480","15.93996"
"145.60000","2.42650","15.94228"
"145.70000","2.42823","15.94642"
"145.80000","2.42997","15.95161"
"145.90000","2.43160","15.95138"
"146.00000","2.43320","15.95069"
"146.10000","2.43505","15.95996"
"146.20000","2.43671","15.96033"
"146.30000","2.43833","15.96033"
"146.40000","2.43993","15.95983"
"146.50000","2.44157","15.96107"
"146.60000","2.44318","15.96715"
"146.70000","2.44546","16.01932"
"146.80000","2.44661","15.96508"
"146.90000","2.44794","15.94796"
"147.00000","2.44961","15.95426"
"147.10000","2.45138","15.96337"
"147.20000","2.45306","15.96738"
"147.30000","2.45473","15.97018"
"147.40000","2.45640","15.97397"
"147.50000","2.45809","15.97836"
"147.60000","2.45977","15.98108"
"147.70000","2.46139","15.98162"
"147.80000","2.46302","15.98265"
"147.90000","2.46480","15.98876"
"148.00000","2.46646","15.98857"
"148.10000","2.46820","15.99199"
"148.20000","2.46986","15.99120"
"148.30000","2.47139","15.98576"
"148.40000","2.47302","15.98287"
"148.50000","2.47460","15.97717"
"148.60000","2.47629","15.97353"
"148.70000","2.47791","15.96389"
"148.80000","2.47949","15.96179"
"148.90000","2.48117","15.96580"
"149.00000","2.48285","15.96925"
"149.10000","2.48454","15.97353"
"149.20000","2.48621","15.97652"
"149.30000","2.48794","15.98195"
"149.40000","2.48976","15.99004"
"149.50000","2.49147","15.99242"
"149.60000","2.49311","15.99172"
"149.70000","2.49477","15.99000"
"149.80000","2.49642","15.98819"
"149.90000","2.49806","15.98392"
"150.00000","2.49971","15.98039"
"150.10000","2.50136","15.97365"
"150.20000","2.50302","15.96717"
"150.30000","2.50463","15.96064"
"150.40000","2.50617","15.95449"
"150.50000","2.50774","15.95296"
"150.60000","2.50936","15.95466"
"150.70000","2.51101","15.95988"
"150.80000","2.51273","15.96447"
"150.90000","2.51437","15.96459"
"151.00000","2.51602","15.96553"
"151.10000","2.51761","15.96363"
"151.20000","2.51938","15.96878"
"151.30000","2.52115","15.97333"
"151.40000","2.52286","15.97353"
"151.50000","2.52456","15.97298"
"151.60000","2.52619","15.96652"
"151.70000","2.52781","15.95741"
"151.80000","2.52945","15.95034"
"151.90000","2.53111","15.94779"
"152.00000","2.53281","15.94785"
"152.10000","2.53455","15.94929"
"152.20000","2.53623","15.94604"
"152.30000","2.53785","15.94332"
"152.40000","2.53954","15.94665"
"152.50000","2.54107","15.94252"
"152.60000","2.54282","15.94690"
"152.70000","2.54458","15.95003"
"152.80000","2.54628","15.95004"
"152.90000","2.54800","15.95162"
"153.00000","2.54978","15.95182"
"153.10000","2.55146","15.94608"
"153.20000","2.55310","15.93691"
"153.30000","2.55473","15.92836"
"153.40000","2.55636","15.92434"
"153.50000","2.55804","15.92551"
"153.60000","2.55972","15.92702"
"153.70000","2.56135","15.92519"
"153.80000","2.56305","15.92752"
"153.90000","2.56470","15.92706"
"154.00000","2.56636","15.92637"
"154.10000","2.56800","15.92547"
"154.20000","2.56957","15.92140"
"154.30000","2.57114","15.91718"
"154.40000","2.57272","15.91281"
"154.50000","2.57429","15.90748"
"154.60000","2.57593","15.90278"
"154.70000","2.57760","15.89624"
"154.80000","2.57919","15.88351"
"154.90000","2.58078","15.87682"
"155.00000","2.58243","15.87672"
"155.10000","2.58410","15.87853"
"155.20000","2.58575","15.87829"
"155.30000","2.58743","15.88010"
"155.40000","2.58909","15.88062"
"155.50000","2.59088","15.88549"
"155.60000","2.59272","15.89117"
"155.70000","2.59455","15.89520"
"155.80000","2.59621","15.89285"
"155.90000","2.59812","15.89880"
"156.00000","2.59988","15.89799"
"156.10000","2.60163","15.89330"
"156.20000","2.60325","15.87304"
"156.30000","2.60493","15.86353"
"156.40000","2.60664","15.86552"
"156.50000","2.60826","15.86586"
"156.60000","2.60986","15.86528"
"156.70000","2.61149","15.86694"
"156.80000","2.61311","15.86740"
"156.90000","2.61472","15.86789"
"157.00000","2.61640","15.87156"
"157.10000","2.61802","15.87224"
"157.20000","2.61959","15.86954"
"157.30000","2.62119","15.86864"
"157.40000","2.62285","15.86826"
"157.50000","2.62451","15.86854"
"157.60000","2.62609","15.86343"
"157.70000","2.62771","15.85871"
"157.80000","2.62957","15.85479"
"157.90000","2.63134","15.84048"
"158.00000","2.63303","15.83929"
"158.10000","2.63466","15.83814"
"158.20000","2.63632","15.83877"
"158.30000","2.63779","15.83139"
"158.40000","2.63926","15.82671"
"158.50000","2.64077","15.82361"
"158.60000","2.64247","15.82730"
"158.70000","2.64423","15.83234"
"158.80000","2.64594","15.83556"
"158.90000","2.64764","15.83718"
"159.00000","2.64938","15.84065"
"159.10000","2.65111","15.84252"
"159.20000","2.65299","15.84730"
"159.30000","2.65486","15.84615"
"159.40000","2.65671","15.80989"
"159.50000","2.65841","15.81157"
"159.60000","2.65996","15.81000"
"159.70000","2.66179","15.81946"
"159.80000","2.66376","15.83233"
"159.90000","2.66519","15.82266"
"160.00000","2.66654","15.81404"
"160.10000","2.66822","15.81950"
"160.20000","2.67000","15.82738"
"160.30000","2.67157","15.82654"
"160.40000","2.67307","15.82328"
"160.50000","2.67470","15.82584"
"160.60000","2.67638","15.82943"
"160.70000","2.67806","15.83253"
"160.80000","2.67972","15.83422"
"160.90000","2.68134","15.83204"
"161.00000","2.68314","15.83210"
"161.10000","2.68490","15.81209"
"161.20000","2.68654","15.80492"
"161.30000","2.68817","15.80699"
"161.40000","2.68977","15.80814"
"161.50000","2.69138","15.81030"
"161.60000","2.69307","15.81536"
"161.70000","2.69473","15.81841"
"161.80000","2.69638","15.82035"
"161.90000","2.69804","15.82308"
"162.00000","2.69970","15.82599"
"162.10000","2.70137","15.82847"
"162.20000","2.70300","15.82934"
"162.30000","2.70456","15.82567"
"162.40000","2.70621","15.82772"
"162.50000","2.70807","15.83306"
"162.60000","2.70986","15.82776"
"162.70000","2.71146","15.80851"
"162.80000","2.71311","15.80679"
"162.90000","2.71475","15.80745"
"163.00000","2.71638","15.80995"
"163.10000","2.71805","15.81356"
"163.20000","2.71971","15.81738"
"163.30000","2.72138","15.82097"
"163.40000","2.72305","15.82438"
"163.50000","2.72469","15.82536"
"163.60000","2.72633","15.82616"
"163.70000","2.72802","15.82931"
"163.80000","2.72976","15.83225"
"163.90000","2.73140","15.82915"
"164.00000","2.73301","15.82226"
"164.10000","2.73471","15.81143"
"164.20000","2.73636","15.80144"
"164.30000","2.73791","15.79783"
"164.40000","2.73968","15.80588"
"164.50000","2.74155","15.81660"
"164.60000","2.74322","15.81903"
"164.70000","2.74480","15.81830"
"164.80000","2.74636","15.81634"
"164.90000","2.74796","15.81640"
"165.00000","2.74951","15.81253"
"165.10000","2.75109","15.81110"
"165.20000","2.75269","15.80945"
"165.30000","2.75436","15.81031"
"165.40000","2.75605","15.80908"
"165.50000","2.75772","15.80252"
"165.60000","2.75939","15.79133"
"165.70000","2.76100","15.78392"
"165.80000","2.76280","15.78863"
"165.90000","2.76451","15.79107"
"166.00000","2.76620","15.79252"
"166.10000","2.76792","15.79597"
"166.20000","2.76960","15.79658"
"166.30000","2.77122","15.79504"
"166.40000","2.77285","15.79444"
"166.50000","2.77456","15.79650"
"166.60000","2.77625","15.79582"
"166.70000","2.77793","15.79372"
"166.80000","2.77956","15.78474"
"166.90000","2.78123","15.77605"
"167.00000","2.78290","15.77045"
"167.10000","2.78461","15.77086"
"167.20000","2.78633","15.77368"
"167.30000","2.78805","15.77728"
"167.40000","2.78972","15.77804"
"167.50000","2.79143","15.78075"
"167.60000","2.79321","15.78635"
"167.70000","2.79500","15.79047"
"167.80000","2.79677","15.79407"
"167.90000","2.79848","15.79297"
"168.00000","2.80009","15.78535"
"168.10000","2.80157","15.76909"
"168.20000","2.80315","15.75617"
"168.30000","2.80481","15.75455"
"168.40000","2.80637","15.74669"
"168.50000","2.80795","15.74684"
"168.60000","2.80954","15.74781"
"168.70000","2.81117","15.75048"
"168.80000","2.81286","15.75590"
"168.90000","2.81446","15.75491"
"169.00000","2.81617","15.75868"
"169.10000","2.81792","15.76224"
"169.20000","2.81958","15.75995"
"169.30000","2.82132","15.75752"
"169.40000","2.82310","15.74871"
"169.50000","2.82479","15.73976"
"169.60000","2.82636","15.73615"
"169.70000","2.82807","15.73972"
"169.80000","2.82984","15.74593"
"169.90000","2.83147","15.74666"
"170.00000","2.83317","15.74959"
"170.10000","2.83495","15.75465"
"170.20000","2.83660","15.75359"
"170.30000","2.83814","15.74878"
"170.40000","2.83969","15.74441"
"170.50000","2.84135","15.74444"
"170.60000","2.84297","15.73844"
"170.70000","2.84464","15.72654"
"170.80000","2.84641","15.71900"
"170.90000","2.84807","15.71784"
"171.00000","2.84975","15.72046"
"171.10000","2.85143","15.72445"
"171.20000","2.85305","15.72486"
"171.30000","2.85468","15.72590"
"171.40000","2.85635","15.72867"
"171.50000","2.85796","15.72776"
"171.60000","2.85957","15.72585"
"171.70000","2.86123","15.72574"
"171.80000","2.86290","15.72339"
"171.90000","2.86461","15.71772"
"172.00000","2.86628","15.70824"
"172.10000","2.86798","15.70213"
"172.20000","2.86958","15.69760"
"172.30000","2.87132","15.70137"
"172.40000","2.87296","15.70208"
"172.50000","2.87452","15.69941"
"172.60000","2.87617","15.70042"
"172.70000","2.87786","15.70276"
"172.80000","2.87950","15.70181"
"172.90000","2.88108","15.69791"
"173.00000","2.88272","15.69459"
"173.10000","2.88434","15.68737"
"173.20000","2.88596","15.67974"
"173.30000","2.88763","15.67491"
"173.40000","2.88929","15.67299"
"173.50000","2.89099","15.67456"
"173.60000","2.89275","15.67797"
"173.70000","2.89448","15.68011"
"173.80000","2.89618","15.67971"
"173.90000","2.89770","15.67340"
"174.00000","2.89965","15.68296"
"174.10000","2.90152","15.68287"
"174.20000","2.90323","15.67479"
"174.28900","2.90468","15.41404"
"174.30100","2.90488","15.16085"
"174.32100","2.90519","14.90789"
"174.42100","2.90677","14.87078"
"174.52100","2.90837","14.86751"
"174.62100","2.91004","14.86892"
"174.72100","2.91171","14.87230"
"174.82100","2.91335","14.87273"
"174.92100","2.91501","14.87630"
"175.02100","2.91673","14.88228"
"175.12100","2.91839","14.88548"
"175.22100","2.92007","14.88985"
"175.32100","2.92177","14.89461"
"175.42100","2.92331","14.89339"
"175.52100","2.92508","14.90110"
"175.62100","2.92692","14.91027"
"175.72100","2.92860","14.91263"
"175.82100","2.93026","14.91417"
"175.92100","2.93183","14.91208"
"176.02100","2.93342","14.91273"
"176.12100","2.93508","14.91558"
"176.22100","2.93665","14.91538"
"176.32100","2.93825","14.91622"
"176.42100","2.93988","14.91731"
"176.52100","2.94149","14.91869"
"176.62100","2.94309","14.91885"
"176.72100","2.94469","14.92077"
"176.82100","2.94635","14.92396"
"176.92100","2.94803","14.92725"
"177.02100","2.94969","14.92924"
"177.12100","2.95133","14.93070"
"177.22100","2.95297","14.93246"
"177.32100","2.95470","14.93644"
"177.42100","2.95653","14.94309"
"177.52100","2.95834","14.94834"
"177.62100","2.96006","14.94956"
"177.72100","2.96175","14.94970"
"177.82100","2.96349","14.95229"
"177.92100","2.96516","14.95164"
"178.02100","2.96683","14.95160"
"178.12100","2.96851","14.95277"
"178.22100","2.97022","14.95506"
"178.32100","2.97180","14.95284"
"178.42100","2.97348","14.95524"
"178.52100","2.97513","14.95658"
"178.62100","2.97668","14.95515"
"178.72100","2.97826","14.95492"
"178.82100","2.97994","14.95834"
"178.92100","2.98155","14.95865"
"179.02100","2.98323","14.96073"
"179.12100","2.98482","14.95902"
"179.22100","2.98653","14.96245"
"179.32100","2.98822","14.96406"
"179.42100","2.98984","14.96275"
"179.52100","2.99152","14.96421"
"179.62100","2.99322","14.96490"
"179.72100","2.99487","14.96387"
"179.82100","2.99654","14.96263"
"179.92100","2.99823","14.96138"
"180.02100","2.99999","14.96077"
"180.12100","3.00167","14.94835"
"180.22100","3.00337","14.92019"
"180.32100","3.00505","14.91681"
"180.42100","3.00668","14.91695"
"180.52100","3.00832","14.92107"
"180.62100","3.01004","14.92626"
"180.72100","3.01186","14.93442"
"180.82100","3.01359","14.93931"
"180.92100","3.01524","14.94019"
"181.02100","3.01687","14.93998"
"181.12100","3.01843","14.93673"
"181.22100","3.02003","14.93500"
"181.32100","3.02170","14.93301"
"181.42100","3.02329","14.92465"
"181.52100","3.02492","14.91275"
"181.62100","3.02653","14.90374"
"181.72100","3.02817","14.90300"
"181.82100","3.02988","14.90523"
"181.92100","3.03155","14.90680"
"182.02100","3.03324","14.90922"
"182.12100","3.03510","14.91666"
"182.22100","3.03676","14.91574"
"182.32100","3.03847","14.91678"
"182.42100","3.04008","14.91317"
"182.52100","3.04172","14.90911"
"182.62100","3.04330","14.90130"
"182.72100","3.04491","14.89598"
"182.82100","3.04669","14.89605"
"182.92100","3.04828","14.88977"
"183.02100","3.04988","14.87992"
"183.12100","3.05157","14.87847"
"183.22100","3.05321","14.87551"
"183.32100","3.05491","14.87186"
"183.42100","3.05660","14.86757"
"183.52100","3.05835","14.86580"
"183.62100","3.06012","14.86217"
"183.72100","3.06170","14.85203"
"183.82100","3.06349","14.84962"
"183.92100","3.06545","14.85187"
"184.02100","3.06716","14.84340"
"184.12100","3.06874","14.83360"
"184.22100","3.07030","14.82583"
"184.32100","3.07187","14.81823"
"184.42100","3.07338","14.68408"
"184.52100","3.07499","14.61647"
"184.62100","3.07669","14.56186"
"184.72100","3.07835","14.52838"
"184.82100","3.07996","14.50515"
"184.92100","3.08156","14.48571"
"185.02100","3.08323","14.47167"
"185.12100","3.08500","14.46431"
"185.22100","3.08654","14.44631"
"185.32100","3.08818","14.43538"
"185.42100","3.08995","14.42820"
"185.52100","3.09168","14.41493"
"185.62100","3.09340","14.40122"
"185.72100","3.09517","14.39300"
"185.82100","3.09680","14.38222"
"185.92100","3.09845","14.37431"
"186.02100","3.10007","14.36482"
"186.12100","3.10164","14.35432"
"186.22100","3.10319","14.34355"
"186.32100","3.10482","14.33652"
"186.42100","3.10642","14.32766"
"186.52100","3.10795","14.31789"
"186.62100","3.10968","14.31425"
"186.72100","3.11124","14.30103"
"186.82100","3.11282","14.29007"
"186.92100","3.11444","14.28129"
"187.02100","3.11611","14.27667"
"187.12100","3.11775","14.27176"
"187.22100","3.11963","14.27435"
"187.30200","3.12114","13.99088"
"187.30500","3.12119","13.63348"
"187.30700","3.12123","13.34204"
"187.30900","3.12127","13.02172"
"187.31100","3.12130","12.68199"
"187.31300","3.12134","12.33085"
"187.31500","3.12137","11.97546"
"187.31700","3.12141","11.62151"
"187.31900","3.12145","11.27383"
"187.32100","3.12149","10.93633"
"187.32300","3.12152","10.61230"
"187.32500","3.12156","10.30421"
"187.32700","3.12160","10.01403"
"187.32900","3.12164","9.74301"
"187.33100","3.12168","9.49203"
"187.33400","3.12173","9.15373"
"187.33700","3.12179","8.86096"
"187.34100","3.12187","8.53874"
